month,country,merchant_segment,device,payment_method,attempts,successes,attempted_volume_usd,refunds,disputes,platform_revenue_usd,successful_amount_usd,success_rate,refund_rate,dispute_rate
2026-01,AU,Enterprise,Desktop,BNPL,36,34,3927.59,1,0,72.03,3793.57,0.9444444444444444,0.029411764705882353,0.0
2026-01,AU,Enterprise,Desktop,Bank debit,67,65,6600.08,2,0,119.75,6304.05,0.9701492537313433,0.03076923076923077,0.0
2026-01,AU,Enterprise,Desktop,Card,545,514,65694.14,8,2,1184.65,62351.95,0.9431192660550459,0.01556420233463035,0.0038910505836575876
2026-01,AU,Enterprise,Desktop,Wallet,146,137,16407.36,2,1,293.11,15426.03,0.9383561643835616,0.014598540145985401,0.0072992700729927005
2026-01,AU,Enterprise,Mobile,BNPL,91,80,10023.96,1,0,170.87,8994.69,0.8791208791208791,0.0125,0.0
2026-01,AU,Enterprise,Mobile,Bank debit,149,134,13866.63,2,1,237.02,12475.460000000001,0.8993288590604027,0.014925373134328358,0.007462686567164179
2026-01,AU,Enterprise,Mobile,Card,872,828,95181.45,14,7,1725.99,90841.5,0.9495412844036697,0.016908212560386472,0.008454106280193236
2026-01,AU,Enterprise,Mobile,Wallet,261,247,26224.55,2,0,474.21,24958.31,0.946360153256705,0.008097165991902834,0.0
2026-01,AU,Mid-market,Desktop,BNPL,89,83,7388.26,0,1,109.26,5747.94,0.9325842696629213,0.0,0.012048192771084338
2026-01,AU,Mid-market,Desktop,Bank debit,183,171,12631.67,1,0,231.58,12188.86,0.9344262295081968,0.005847953216374269,0.0
2026-01,AU,Mid-market,Desktop,Card,992,927,66364.74,15,4,1185.75,62405.69,0.9344758064516129,0.016181229773462782,0.004314994606256742
2026-01,AU,Mid-market,Desktop,Wallet,309,297,21540.3,5,1,388.84,20465.08,0.9611650485436893,0.016835016835016835,0.003367003367003367
2026-01,AU,Mid-market,Mobile,BNPL,161,140,11261.11,1,0,193.27,10173.63,0.8695652173913043,0.007142857142857143,0.0
2026-01,AU,Mid-market,Mobile,Bank debit,314,290,20904.63,3,1,363.09,19105.0,0.9235668789808917,0.010344827586206896,0.0034482758620689655
2026-01,AU,Mid-market,Mobile,Card,1821,1718,137399.18,25,7,2465.75,129784.57,0.943437671609006,0.014551804423748545,0.004074505238649592
2026-01,AU,Mid-market,Mobile,Wallet,568,551,40951.12,11,2,760.72,40041.99,0.9700704225352113,0.019963702359346643,0.003629764065335753
2026-01,AU,SMB,Desktop,BNPL,177,165,7438.99,5,0,132.36,6965.35,0.9322033898305084,0.030303030303030304,0.0
2026-01,AU,SMB,Desktop,Bank debit,330,307,17601.05,2,1,308.38,16232.68,0.9303030303030303,0.006514657980456026,0.003257328990228013
2026-01,AU,SMB,Desktop,Card,1962,1834,96479.24,22,17,1713.78,90202.41,0.9347604485219164,0.011995637949836423,0.009269356597600873
2026-01,AU,SMB,Desktop,Wallet,642,615,33585.85,12,3,607.76,31989.76,0.9579439252336449,0.01951219512195122,0.004878048780487805
2026-01,AU,SMB,Mobile,BNPL,336,311,18224.61,7,0,321.71,16932.5,0.9255952380952381,0.022508038585209004,0.0
2026-01,AU,SMB,Mobile,Bank debit,613,576,31130.12,15,1,557.33,29331.58,0.9396411092985318,0.026041666666666668,0.001736111111111111
2026-01,AU,SMB,Mobile,Card,3417,3207,161429.88,46,25,2882.12,151683.53,0.9385425812115891,0.014343623323978797,0.0077954474586841285
2026-01,AU,SMB,Mobile,Wallet,1060,1012,49660.58,13,0,895.45,47138.18,0.9547169811320755,0.012845849802371542,0.0
2026-01,CA,Enterprise,Desktop,BNPL,80,74,7214.16,2,0,130.58,6872.97,0.925,0.02702702702702703,0.0
2026-01,CA,Enterprise,Desktop,Bank debit,90,84,11045.66,1,1,201.27,10592.61,0.9333333333333333,0.011904761904761904,0.011904761904761904
2026-01,CA,Enterprise,Desktop,Card,670,627,72015.82,9,4,1262.98,66470.96,0.935820895522388,0.014354066985645933,0.006379585326953748
2026-01,CA,Enterprise,Desktop,Wallet,210,204,22190.66,1,1,415.54,21868.11,0.9714285714285714,0.004901960784313725,0.004901960784313725
2026-01,CA,Enterprise,Mobile,BNPL,118,107,13511.02,4,2,238.47,12549.5,0.9067796610169492,0.037383177570093455,0.018691588785046728
2026-01,CA,Enterprise,Mobile,Bank debit,211,191,24259.44,1,1,432.84,22780.6,0.9052132701421801,0.005235602094240838,0.005235602094240838
2026-01,CA,Enterprise,Mobile,Card,1204,1125,138156.19,15,12,2460.84,129518.94,0.9343853820598007,0.013333333333333334,0.010666666666666666
2026-01,CA,Enterprise,Mobile,Wallet,408,393,44789.54,9,0,822.03,43265.86,0.9632352941176471,0.022900763358778626,0.0
2026-01,CA,Mid-market,Desktop,BNPL,147,129,10702.59,4,1,178.77,9409.4,0.8775510204081632,0.031007751937984496,0.007751937984496124
2026-01,CA,Mid-market,Desktop,Bank debit,253,228,19139.11,4,1,319.06,16798.29,0.9011857707509882,0.017543859649122806,0.0043859649122807015
2026-01,CA,Mid-market,Desktop,Card,1430,1351,109363.1,20,14,1973.6,103873.97,0.9447552447552447,0.014803849000740192,0.010362694300518135
2026-01,CA,Mid-market,Desktop,Wallet,424,413,29033.45,6,3,538.15,28326.79,0.9740566037735849,0.014527845036319613,0.007263922518159807
2026-01,CA,Mid-market,Mobile,BNPL,239,220,16181.63,5,0,279.34,14700.68,0.9205020920502092,0.022727272727272728,0.0
2026-01,CA,Mid-market,Mobile,Bank debit,461,432,33779.65,8,1,605.38,31862.0,0.9370932754880694,0.018518518518518517,0.0023148148148148147
2026-01,CA,Mid-market,Mobile,Card,2444,2313,179548.62,35,11,3245.94,170831.59,0.9463993453355155,0.015131863380890618,0.004755728491137051
2026-01,CA,Mid-market,Mobile,Wallet,740,706,53992.79,12,1,982.0600000000001,51683.9,0.9540540540540541,0.0169971671388102,0.00141643059490085
2026-01,CA,SMB,Desktop,BNPL,254,236,12867.87,5,1,223.19,11743.84,0.9291338582677166,0.0211864406779661,0.00423728813559322
2026-01,CA,SMB,Desktop,Bank debit,454,416,21439.16,3,1,372.14,19586.18,0.9162995594713657,0.007211538461538462,0.002403846153846154
2026-01,CA,SMB,Desktop,Card,2584,2430,128557.12,35,14,2281.51,120059.57,0.9404024767801857,0.01440329218106996,0.005761316872427984
2026-01,CA,SMB,Desktop,Wallet,783,761,39722.54,10,0,732.37,38542.64,0.9719029374201787,0.013140604467805518,0.0
2026-01,CA,SMB,Mobile,BNPL,487,449,24108.77,9,2,433.17,22801.06,0.9219712525667351,0.0200445434298441,0.004454342984409799
2026-01,CA,SMB,Mobile,Bank debit,788,735,40873.43,21,3,724.27,38120.98,0.932741116751269,0.02857142857142857,0.004081632653061225
2026-01,CA,SMB,Mobile,Card,4618,4305,229144.57,63,36,4082.91,214874.17,0.9322217410134257,0.014634146341463415,0.008362369337979094
2026-01,CA,SMB,Mobile,Wallet,1453,1366,71837.07,17,5,1272.03,66939.42,0.9401238816242258,0.012445095168374817,0.0036603221083455345
2026-01,DE,Enterprise,Desktop,BNPL,41,37,3565.9,0,0,59.35,3123.41,0.9024390243902439,0.0,0.0
2026-01,DE,Enterprise,Desktop,Bank debit,83,76,13907.97,0,0,248.28,13068.82,0.9156626506024096,0.0,0.0
2026-01,DE,Enterprise,Desktop,Card,491,463,53929.27,10,2,961.68,50611.66,0.9429735234215886,0.02159827213822894,0.004319654427645789
2026-01,DE,Enterprise,Desktop,Wallet,137,131,14450.76,1,0,266.47,14027.14,0.9562043795620438,0.007633587786259542,0.0
2026-01,DE,Enterprise,Mobile,BNPL,78,73,8934.53,1,0,151.60999999999999,7978.99,0.9358974358974359,0.0136986301369863,0.0
2026-01,DE,Enterprise,Mobile,Bank debit,156,142,16607.82,1,0,294.64,15507.66,0.9102564102564102,0.007042253521126761,0.0
2026-01,DE,Enterprise,Mobile,Card,873,802,92364.29,8,7,1615.67,85038.14,0.9186712485681557,0.00997506234413965,0.008728179551122194
2026-01,DE,Enterprise,Mobile,Wallet,267,253,30103.44,4,0,540.42,28437.24,0.947565543071161,0.015810276679841896,0.0
2026-01,DE,Mid-market,Desktop,BNPL,87,78,5920.31,1,0,104.33,5491.68,0.896551724137931,0.01282051282051282,0.0
2026-01,DE,Mid-market,Desktop,Bank debit,189,177,12762.98,3,0,231.74,12198.63,0.9365079365079365,0.01694915254237288,0.0
2026-01,DE,Mid-market,Desktop,Card,1049,989,75488.59,10,5,1321.48,69548.97,0.9428026692087702,0.010111223458038422,0.005055611729019211
2026-01,DE,Mid-market,Desktop,Wallet,344,331,23892.28,8,0,441.18,23216.96,0.9622093023255814,0.02416918429003021,0.0
2026-01,DE,Mid-market,Mobile,BNPL,178,160,11966.06,5,0,199.6,10504.26,0.898876404494382,0.03125,0.0
2026-01,DE,Mid-market,Mobile,Bank debit,349,330,22988.41,8,0,419.29,22068.48,0.9455587392550143,0.024242424242424242,0.0
2026-01,DE,Mid-market,Mobile,Card,1899,1776,138882.07,23,10,2459.64,129454.16,0.9352290679304898,0.01295045045045045,0.00563063063063063
2026-01,DE,Mid-market,Mobile,Wallet,575,547,40608.68,11,0,744.64,39191.85,0.951304347826087,0.02010968921389397,0.0
2026-01,DE,SMB,Desktop,BNPL,197,180,9223.01,4,0,153.63,8087.74,0.9137055837563451,0.022222222222222223,0.0
2026-01,DE,SMB,Desktop,Bank debit,346,320,17047.25,3,2,307.83,16202.21,0.9248554913294798,0.009375,0.00625
2026-01,DE,SMB,Desktop,Card,1973,1860,99287.19,22,10,1771.86,93245.85,0.94272681196148,0.011827956989247311,0.005376344086021506
2026-01,DE,SMB,Desktop,Wallet,629,611,31617.77,9,0,588.41,30966.56,0.9713831478537361,0.014729950900163666,0.0
2026-01,DE,SMB,Mobile,BNPL,339,308,17000.86,8,1,302.97,15943.72,0.9085545722713865,0.025974025974025976,0.003246753246753247
2026-01,DE,SMB,Mobile,Bank debit,654,616,34151.44,6,1,623.91,32838.2,0.9418960244648318,0.00974025974025974,0.0016233766233766235
2026-01,DE,SMB,Mobile,Card,3462,3253,167952.03,49,18,2997.97,157785.69,0.939630271519353,0.015063018751921304,0.005533353827236397
2026-01,DE,SMB,Mobile,Wallet,1123,1072,55372.86,23,3,998.06,52534.08,0.9545859305431879,0.021455223880597014,0.002798507462686567
2026-01,GB,Enterprise,Desktop,BNPL,47,40,5421.92,0,1,94.57,4976.69,0.851063829787234,0.0,0.025
2026-01,GB,Enterprise,Desktop,Bank debit,92,86,9038.83,2,0,161.26,8488.59,0.9347826086956522,0.023255813953488372,0.0
2026-01,GB,Enterprise,Desktop,Card,528,492,54612.28,13,2,964.23,50746.24,0.9318181818181818,0.026422764227642278,0.0040650406504065045
2026-01,GB,Enterprise,Desktop,Wallet,192,185,22611.36,0,1,422.1,22216.2,0.9635416666666666,0.0,0.005405405405405406
2026-01,GB,Enterprise,Mobile,BNPL,95,88,9321.53,0,0,166.3,8749.880000000001,0.9263157894736842,0.0,0.0
2026-01,GB,Enterprise,Mobile,Bank debit,182,171,21731.36,4,0,364.46999999999997,19183.14,0.9395604395604396,0.023391812865497075,0.0
2026-01,GB,Enterprise,Mobile,Card,1018,945,111178.91,15,3,1948.3,102541.42,0.9282907662082515,0.015873015873015872,0.0031746031746031746
2026-01,GB,Enterprise,Mobile,Wallet,299,286,32092.34,3,0,588.33,30964.17,0.9565217391304348,0.01048951048951049,0.0
2026-01,GB,Mid-market,Desktop,BNPL,101,90,8240.39,1,0,147.61,7769.44,0.8910891089108911,0.011111111111111112,0.0
2026-01,GB,Mid-market,Desktop,Bank debit,215,202,15366.96,9,0,274.53000000000003,14447.3,0.9395348837209302,0.04455445544554455,0.0
2026-01,GB,Mid-market,Desktop,Card,1199,1135,89996.9,23,11,1641.93,86426.37,0.9466221851542952,0.02026431718061674,0.009691629955947136
2026-01,GB,Mid-market,Desktop,Wallet,375,363,28450.48,5,0,524.03,27582.75,0.968,0.013774104683195593,0.0
2026-01,GB,Mid-market,Mobile,BNPL,230,210,15840.18,5,0,271.91,14309.63,0.9130434782608695,0.023809523809523808,0.0
2026-01,GB,Mid-market,Mobile,Bank debit,364,339,25676.99,8,1,461.09,24268.42,0.9313186813186813,0.02359882005899705,0.0029498525073746312
2026-01,GB,Mid-market,Mobile,Card,2138,1999,160762.64,31,12,2856.23,150330.53,0.9349859681945744,0.015507753876938469,0.006003001500750375
2026-01,GB,Mid-market,Mobile,Wallet,727,682,52245.53,12,5,944.58,49715.9,0.938101788170564,0.017595307917888565,0.007331378299120235
2026-01,GB,SMB,Desktop,BNPL,191,175,9779.52,6,1,171.37,9017.98,0.9162303664921466,0.03428571428571429,0.005714285714285714
2026-01,GB,SMB,Desktop,Bank debit,412,375,19092.13,7,0,326.9,17206.93,0.9101941747572816,0.018666666666666668,0.0
2026-01,GB,SMB,Desktop,Card,2251,2107,114039.74,26,14,2041.37,107437.9,0.9360284318080853,0.012339819648789748,0.006644518272425249
2026-01,GB,SMB,Desktop,Wallet,725,695,37551.2,8,2,681.0,35843.88,0.9586206896551724,0.011510791366906475,0.0028776978417266188
2026-01,GB,SMB,Mobile,BNPL,399,364,21806.49,8,1,385.77,20300.23,0.9122807017543859,0.02197802197802198,0.0027472527472527475
2026-01,GB,SMB,Mobile,Bank debit,747,695,37554.68,11,2,668.65,35192.34,0.9303882195448461,0.015827338129496403,0.0028776978417266188
2026-01,GB,SMB,Mobile,Card,4110,3872,202561.48,59,19,3623.7,190735.2,0.9420924574209246,0.015237603305785124,0.00490702479338843
2026-01,GB,SMB,Mobile,Wallet,1269,1216,61762.59,17,4,1118.76,58883.84,0.9582348305752562,0.013980263157894737,0.003289473684210526
2026-01,US,Enterprise,Desktop,BNPL,170,156,20273.420000000002,8,0,357.18,18799.91,0.9176470588235294,0.05128205128205128,0.0
2026-01,US,Enterprise,Desktop,Bank debit,298,281,30280.29,3,1,540.63,28456.68,0.9429530201342282,0.010676156583629894,0.0035587188612099642
2026-01,US,Enterprise,Desktop,Card,1920,1805,205741.64,23,10,3665.32,192913.67,0.9401041666666666,0.012742382271468145,0.00554016620498615
2026-01,US,Enterprise,Desktop,Wallet,596,575,64863.25,10,1,1187.8799999999999,62513.79,0.964765100671141,0.017391304347826087,0.0017391304347826088
2026-01,US,Enterprise,Mobile,BNPL,306,276,33604.75,7,2,585.52,30817.36,0.9019607843137255,0.025362318840579712,0.007246376811594203
2026-01,US,Enterprise,Mobile,Bank debit,561,520,60361.02,9,1,1060.87,55839.27,0.9269162210338681,0.01730769230769231,0.0019230769230769232
2026-01,US,Enterprise,Mobile,Card,3406,3215,373553.71,64,13,6723.73,353889.92,0.9439224897240165,0.019906687402799376,0.004043545878693624
2026-01,US,Enterprise,Mobile,Wallet,1029,986,113967.31,13,3,2082.4900000000002,109606.22,0.9582118561710399,0.013184584178498986,0.0030425963488843813
2026-01,US,Mid-market,Desktop,BNPL,379,343,24830.4,5,0,414.53,21820.32,0.9050131926121372,0.014577259475218658,0.0
2026-01,US,Mid-market,Desktop,Bank debit,725,662,52193.97,6,1,925.67,48719.27,0.9131034482758621,0.00906344410876133,0.0015105740181268882
2026-01,US,Mid-market,Desktop,Card,4113,3847,305081.54,48,16,5381.99,283255.95,0.9353270119134451,0.012477255003899143,0.004159085001299714
2026-01,US,Mid-market,Desktop,Wallet,1280,1227,94603.65,24,4,1737.32,91438.31,0.95859375,0.019559902200488997,0.0032599837000814994
2026-01,US,Mid-market,Mobile,BNPL,694,637,48761.51,20,3,829.1,43632.03,0.9178674351585014,0.03139717425431711,0.004709576138147566
2026-01,US,Mid-market,Mobile,Bank debit,1227,1133,85919.03,22,1,1498.19,78850.0,0.9233903830480847,0.019417475728155338,0.00088261253309797
2026-01,US,Mid-market,Mobile,Card,7144,6672,509744.38,118,42,9121.92,480111.55,0.9339305711086227,0.017685851318944845,0.006294964028776978
2026-01,US,Mid-market,Mobile,Wallet,2190,2106,153985.82,36,4,2819.77,148413.85,0.9616438356164384,0.017094017094017096,0.001899335232668566
2026-01,US,SMB,Desktop,BNPL,689,646,32879.39,17,1,587.18,30908.5,0.9375907111756169,0.02631578947368421,0.0015479876160990713
2026-01,US,SMB,Desktop,Bank debit,1307,1217,66725.7,15,8,1185.86,62411.95,0.9311400153022188,0.012325390304026294,0.00657354149548069
2026-01,US,SMB,Desktop,Card,7428,7004,372815.39,119,48,6657.73,350425.97,0.9429186860527733,0.01699029126213592,0.006853226727584237
2026-01,US,SMB,Desktop,Wallet,2382,2275,124297.31,47,9,2248.91,118369.59,0.9550797649034425,0.02065934065934066,0.003956043956043956
2026-01,US,SMB,Mobile,BNPL,1281,1172,62702.04,29,2,1079.8,56825.48,0.9149102263856362,0.024744027303754267,0.0017064846416382253
2026-01,US,SMB,Mobile,Bank debit,2202,2049,106523.94,29,3,1881.78,99045.82,0.9305177111716622,0.014153245485602733,0.0014641288433382138
2026-01,US,SMB,Mobile,Card,13302,12481,661116.49,194,74,11768.53,619372.56,0.9382799579010676,0.01554362631199423,0.005929012098389552
2026-01,US,SMB,Mobile,Wallet,4224,4018,206825.01,68,10,3743.01,196985.07,0.9512310606060606,0.016923842707814832,0.0024888003982080635
2026-02,AU,Enterprise,Desktop,BNPL,43,38,3796.29,2,0,65.42,3442.68,0.8837209302325582,0.05263157894736842,0.0
2026-02,AU,Enterprise,Desktop,Bank debit,64,60,6985.79,1,0,123.71000000000001,6511.82,0.9375,0.016666666666666666,0.0
2026-02,AU,Enterprise,Desktop,Card,467,441,51133.28,9,3,929.82,48936.8,0.9443254817987152,0.02040816326530612,0.006802721088435374
2026-02,AU,Enterprise,Desktop,Wallet,162,153,16800.3,1,1,309.28,16276.08,0.9444444444444444,0.006535947712418301,0.006535947712418301
2026-02,AU,Enterprise,Mobile,BNPL,69,67,6202.21,2,2,114.79,6041.46,0.9710144927536232,0.029850746268656716,0.029850746268656716
2026-02,AU,Enterprise,Mobile,Bank debit,139,130,15454.44,2,0,281.13,14796.89,0.935251798561151,0.015384615384615385,0.0
2026-02,AU,Enterprise,Mobile,Card,759,715,84789.34,8,8,1535.21,80802.01,0.9420289855072463,0.011188811188811189,0.011188811188811189
2026-02,AU,Enterprise,Mobile,Wallet,278,261,26637.38,2,2,481.8,25359.23,0.9388489208633094,0.007662835249042145,0.007662835249042145
2026-02,AU,Mid-market,Desktop,BNPL,82,75,6044.99,3,0,109.99,5789.46,0.9146341463414634,0.04,0.0
2026-02,AU,Mid-market,Desktop,Bank debit,178,168,12805.22,3,0,235.4,12392.18,0.9438202247191011,0.017857142857142856,0.0
2026-02,AU,Mid-market,Desktop,Card,955,907,70132.37,20,6,1260.77,66350.91,0.949738219895288,0.022050716648291068,0.006615214994487321
2026-02,AU,Mid-market,Desktop,Wallet,319,307,20395.03,3,0,373.17,19641.44,0.9623824451410659,0.009771986970684038,0.0
2026-02,AU,Mid-market,Mobile,BNPL,155,143,10994.46,2,0,187.54,9869.1,0.9225806451612903,0.013986013986013986,0.0
2026-02,AU,Mid-market,Mobile,Bank debit,302,277,21466.1,3,3,370.58,19505.93,0.9172185430463576,0.010830324909747292,0.010830324909747292
2026-02,AU,Mid-market,Mobile,Card,1641,1529,117686.64,21,10,2096.13,110328.05,0.9317489335770871,0.013734466971877043,0.006540222367560497
2026-02,AU,Mid-market,Mobile,Wallet,512,494,34186.55,10,2,626.82,32991.99,0.96484375,0.020242914979757085,0.004048582995951417
2026-02,AU,SMB,Desktop,BNPL,155,139,7703.33,1,1,133.38,7020.13,0.896774193548387,0.007194244604316547,0.007194244604316547
2026-02,AU,SMB,Desktop,Bank debit,313,290,14777.97,4,2,264.73,13935.51,0.9265175718849841,0.013793103448275862,0.006896551724137931
2026-02,AU,SMB,Desktop,Card,1780,1678,92940.21,24,8,1681.74,88516.15,0.9426966292134832,0.014302741358760428,0.004767580452920143
2026-02,AU,SMB,Desktop,Wallet,575,543,26933.37,6,0,480.12,25275.11,0.9443478260869566,0.011049723756906077,0.0
2026-02,AU,SMB,Mobile,BNPL,288,260,13193.37,6,1,231.44,12182.48,0.9027777777777778,0.023076923076923078,0.0038461538461538464
2026-02,AU,SMB,Mobile,Bank debit,567,531,31056.6,4,1,546.08,28739.6,0.9365079365079365,0.007532956685499058,0.0018832391713747645
2026-02,AU,SMB,Mobile,Card,3178,2981,155509.53,54,19,2784.46,146543.62,0.9380113278791693,0.018114726601811473,0.00637370010063737
2026-02,AU,SMB,Mobile,Wallet,975,930,48818.08,8,0,879.65,46295.03,0.9538461538461539,0.008602150537634409,0.0
2026-02,CA,Enterprise,Desktop,BNPL,53,49,6367.96,2,0,110.08,5793.2699999999995,0.9245283018867925,0.04081632653061224,0.0
2026-02,CA,Enterprise,Desktop,Bank debit,98,94,11980.63,1,0,219.89,11572.15,0.9591836734693877,0.010638297872340425,0.0
2026-02,CA,Enterprise,Desktop,Card,587,557,63242.6,8,5,1153.06,60685.72,0.948892674616695,0.01436265709156194,0.008976660682226212
2026-02,CA,Enterprise,Desktop,Wallet,192,186,20259.76,6,0,367.41,19339.13,0.96875,0.03225806451612903,0.0
2026-02,CA,Enterprise,Mobile,BNPL,99,85,12266.47,0,0,200.2,10536.25,0.8585858585858586,0.0,0.0
2026-02,CA,Enterprise,Mobile,Bank debit,190,177,21514.34,1,0,383.31,20175.4,0.9315789473684211,0.005649717514124294,0.0
2026-02,CA,Enterprise,Mobile,Card,1014,955,109032.37,15,4,1957.95,103039.8,0.9418145956607495,0.015706806282722512,0.004188481675392671
2026-02,CA,Enterprise,Mobile,Wallet,338,321,30990.69,2,1,567.95,29889.47,0.9497041420118343,0.006230529595015576,0.003115264797507788
2026-02,CA,Mid-market,Desktop,BNPL,119,111,6722.4800000000005,3,0,117.58,6188.13,0.9327731092436975,0.02702702702702703,0.0
2026-02,CA,Mid-market,Desktop,Bank debit,228,212,16126.2,4,1,288.26,15166.01,0.9298245614035088,0.018867924528301886,0.0047169811320754715
2026-02,CA,Mid-market,Desktop,Card,1276,1197,87752.58,15,9,1581.31,83216.95,0.9380877742946708,0.012531328320802004,0.007518796992481203
2026-02,CA,Mid-market,Desktop,Wallet,442,425,30488.65,4,0,556.5,29288.32,0.9615384615384616,0.009411764705882352,0.0
2026-02,CA,Mid-market,Mobile,BNPL,225,204,16101.64,3,1,278.56,14659.41,0.9066666666666666,0.014705882352941176,0.004901960784313725
2026-02,CA,Mid-market,Mobile,Bank debit,405,368,30578.02,6,0,527.99,27791.34,0.908641975308642,0.016304347826086956,0.0
2026-02,CA,Mid-market,Mobile,Card,2282,2141,164632.52,36,15,2964.7,156034.9,0.9382120946538125,0.01681457262961233,0.007006071929005138
2026-02,CA,Mid-market,Mobile,Wallet,702,679,51047.9,10,2,940.26,49480.85,0.9672364672364673,0.014727540500736377,0.0029455081001472753
2026-02,CA,SMB,Desktop,BNPL,239,220,11917.1,9,1,208.12,10952.08,0.9205020920502092,0.04090909090909091,0.004545454545454545
2026-02,CA,SMB,Desktop,Bank debit,404,379,19574.4,3,1,349.78,18404.4,0.9381188118811881,0.0079155672823219,0.002638522427440633
2026-02,CA,SMB,Desktop,Card,2336,2210,115269.91,36,15,2065.74,108737.18,0.9460616438356164,0.016289592760180997,0.006787330316742082
2026-02,CA,SMB,Desktop,Wallet,711,687,36730.4,7,2,672.75,35408.99,0.9662447257383966,0.010189228529839884,0.002911208151382824
2026-02,CA,SMB,Mobile,BNPL,409,373,19492.38,6,2,334.62,17614.77,0.9119804400977995,0.0160857908847185,0.005361930294906166
2026-02,CA,SMB,Mobile,Bank debit,688,634,34729.75,3,3,611.96,32204.64,0.9215116279069767,0.00473186119873817,0.00473186119873817
2026-02,CA,SMB,Mobile,Card,4086,3862,203201.58,69,22,3639.65,191550.76,0.9451786588350465,0.017866390471258417,0.005696530295183843
2026-02,CA,SMB,Mobile,Wallet,1350,1286,68173.82,21,4,1245.03,65533.07,0.9525925925925925,0.016329704510108865,0.003110419906687403
2026-02,DE,Enterprise,Desktop,BNPL,47,40,5654.03,1,0,87.36,4596.7300000000005,0.851063829787234,0.025,0.0
2026-02,DE,Enterprise,Desktop,Bank debit,62,55,7005.61,2,0,113.94,5997.99,0.8870967741935484,0.03636363636363636,0.0
2026-02,DE,Enterprise,Desktop,Card,383,353,40828.12,2,5,715.24,37647.66,0.9216710182767625,0.0056657223796034,0.014164305949008499
2026-02,DE,Enterprise,Desktop,Wallet,151,143,14020.17,4,0,258.28,13593.52,0.9470198675496688,0.027972027972027972,0.0
2026-02,DE,Enterprise,Mobile,BNPL,80,75,8256.55,2,0,139.89,7361.7,0.9375,0.02666666666666667,0.0
2026-02,DE,Enterprise,Mobile,Bank debit,146,135,15094.32,4,0,261.33,13758.62,0.9246575342465754,0.02962962962962963,0.0
2026-02,DE,Enterprise,Mobile,Card,796,737,83263.92,20,1,1453.39,76496.94,0.9258793969849246,0.027137042062415198,0.0013568521031207597
2026-02,DE,Enterprise,Mobile,Wallet,241,235,26352.21,3,0,491.61,25874.37,0.975103734439834,0.01276595744680851,0.0
2026-02,DE,Mid-market,Desktop,BNPL,81,77,5598.55,3,0,101.71000000000001,5353.11,0.9506172839506173,0.03896103896103896,0.0
2026-02,DE,Mid-market,Desktop,Bank debit,183,173,14019.36,3,0,257.66,13561.6,0.9453551912568307,0.017341040462427744,0.0
2026-02,DE,Mid-market,Desktop,Card,954,900,68390.37,18,1,1225.4,64486.65,0.9433962264150944,0.02,0.0011111111111111111
2026-02,DE,Mid-market,Desktop,Wallet,327,312,25433.72,7,2,460.4,24229.6,0.9541284403669725,0.022435897435897436,0.00641025641025641
2026-02,DE,Mid-market,Mobile,BNPL,158,146,10855.44,4,0,181.88,9573.94,0.9240506329113924,0.0273972602739726,0.0
2026-02,DE,Mid-market,Mobile,Bank debit,277,252,20478.82,3,0,351.32,18496.88,0.9097472924187726,0.011904761904761904,0.0
2026-02,DE,Mid-market,Mobile,Card,1725,1605,125189.52,18,12,2205.03,116056.93,0.9304347826086956,0.011214953271028037,0.007476635514018692
2026-02,DE,Mid-market,Mobile,Wallet,532,502,38315.07,7,0,689.88,36302.83,0.943609022556391,0.013944223107569721,0.0
2026-02,DE,SMB,Desktop,BNPL,166,151,8308.6,7,0,147.61,7766.87,0.9096385542168675,0.046357615894039736,0.0
2026-02,DE,SMB,Desktop,Bank debit,313,294,17502.27,9,0,310.37,16335.01,0.939297124600639,0.030612244897959183,0.0
2026-02,DE,SMB,Desktop,Card,1811,1715,90088.06,39,10,1624.42,85493.82,0.9469906129210381,0.022740524781341108,0.0058309037900874635
2026-02,DE,SMB,Desktop,Wallet,542,520,28941.81,6,3,535.23,28164.65,0.959409594095941,0.011538461538461539,0.0057692307692307696
2026-02,DE,SMB,Mobile,BNPL,285,265,13492.6,7,2,232.77,12249.63,0.9298245614035088,0.026415094339622643,0.007547169811320755
2026-02,DE,SMB,Mobile,Bank debit,540,490,25144.86,8,0,437.24,23012.38,0.9074074074074074,0.0163265306122449,0.0
2026-02,DE,SMB,Mobile,Card,3076,2877,157565.2,60,22,2783.37,146485.34,0.9353055916775033,0.020855057351407715,0.0076468543621828295
2026-02,DE,SMB,Mobile,Wallet,971,924,49213.97,14,1,893.18,47010.15,0.9515962924819773,0.015151515151515152,0.0010822510822510823
2026-02,GB,Enterprise,Desktop,BNPL,52,45,3908.83,1,1,65.41,3442.58,0.8653846153846154,0.022222222222222223,0.022222222222222223
2026-02,GB,Enterprise,Desktop,Bank debit,83,76,8161.44,0,0,143.58,7556.71,0.9156626506024096,0.0,0.0
2026-02,GB,Enterprise,Desktop,Card,534,508,52868.46,8,6,971.39,51124.85,0.951310861423221,0.015748031496062992,0.011811023622047244
2026-02,GB,Enterprise,Desktop,Wallet,171,166,18146.53,4,0,339.27,17857.96,0.9707602339181286,0.024096385542168676,0.0
2026-02,GB,Enterprise,Mobile,BNPL,74,67,7467.73,0,0,128.07,6738.54,0.9054054054054054,0.0,0.0
2026-02,GB,Enterprise,Mobile,Bank debit,176,166,18532.48,2,0,330.11,17369.81,0.9431818181818182,0.012048192771084338,0.0
2026-02,GB,Enterprise,Mobile,Card,926,871,103252.84,9,4,1854.58,97608.51,0.9406047516198704,0.010332950631458095,0.004592422502870264
2026-02,GB,Enterprise,Mobile,Wallet,315,295,35717.68,7,0,639.03,33631.17,0.9365079365079365,0.023728813559322035,0.0
2026-02,GB,Mid-market,Desktop,BNPL,91,85,6274.93,3,0,107.05,5635.4800000000005,0.9340659340659341,0.03529411764705882,0.0
2026-02,GB,Mid-market,Desktop,Bank debit,169,162,12188.38,2,0,221.04,11634.58,0.9585798816568047,0.012345679012345678,0.0
2026-02,GB,Mid-market,Desktop,Card,1139,1067,82995.56,29,7,1478.36,77802.91,0.9367866549604916,0.02717900656044986,0.006560449859418931
2026-02,GB,Mid-market,Desktop,Wallet,322,310,22327.86,9,1,415.37,21861.48,0.9627329192546584,0.02903225806451613,0.0032258064516129032
2026-02,GB,Mid-market,Mobile,BNPL,182,166,11644.35,4,0,202.9,10678.53,0.9120879120879121,0.024096385542168676,0.0
2026-02,GB,Mid-market,Mobile,Bank debit,350,331,26074.74,6,2,460.49,24235.71,0.9457142857142857,0.01812688821752266,0.006042296072507553
2026-02,GB,Mid-market,Mobile,Card,1951,1807,142901.06,25,14,2523.47,132809.61,0.9261916965658636,0.01383508577753182,0.00774764803541782
2026-02,GB,Mid-market,Mobile,Wallet,637,602,47120.41,11,1,847.28,44589.76,0.945054945054945,0.018272425249169437,0.0016611295681063123
2026-02,GB,SMB,Desktop,BNPL,184,170,8595.8,7,0,152.8,8039.99,0.9239130434782609,0.041176470588235294,0.0
2026-02,GB,SMB,Desktop,Bank debit,378,337,18266.14,5,1,312.65,16453.46,0.8915343915343915,0.01483679525222552,0.002967359050445104
2026-02,GB,SMB,Desktop,Card,2030,1913,100829.48,31,12,1808.54,95182.86,0.9423645320197044,0.01620491374803973,0.006272869837950863
2026-02,GB,SMB,Desktop,Wallet,643,620,32980.09,7,3,595.4,31332.91,0.9642301710730948,0.01129032258064516,0.004838709677419355
2026-02,GB,SMB,Mobile,BNPL,335,312,16879.71,5,1,295.51,15557.37,0.9313432835820895,0.016025641025641024,0.003205128205128205
2026-02,GB,SMB,Mobile,Bank debit,602,564,29924.9,7,2,536.37,28231.31,0.9368770764119602,0.012411347517730497,0.0035460992907801418
2026-02,GB,SMB,Mobile,Card,3578,3348,175073.12,51,24,3078.88,162053.43,0.9357182783678032,0.015232974910394265,0.007168458781362007
2026-02,GB,SMB,Mobile,Wallet,1136,1076,52402.35,20,4,939.68,49457.57,0.9471830985915493,0.01858736059479554,0.0037174721189591076
2026-02,US,Enterprise,Desktop,BNPL,167,148,16609.26,5,0,285.07,15002.49,0.8862275449101796,0.033783783783783786,0.0
2026-02,US,Enterprise,Desktop,Bank debit,287,267,31426.51,4,1,545.06,28689.420000000002,0.9303135888501742,0.0149812734082397,0.003745318352059925
2026-02,US,Enterprise,Desktop,Card,1729,1631,193567.83,21,18,3486.83,183511.05,0.9433198380566802,0.012875536480686695,0.011036174126302882
2026-02,US,Enterprise,Desktop,Wallet,499,475,55424.14,8,1,997.86,52517.58,0.9519038076152304,0.016842105263157894,0.002105263157894737
2026-02,US,Enterprise,Mobile,BNPL,280,252,23892.63,4,1,396.7,20878.09,0.9,0.015873015873015872,0.003968253968253968
2026-02,US,Enterprise,Mobile,Bank debit,522,491,56856.37,11,0,1009.55,53137.8,0.9406130268199234,0.02240325865580448,0.0
2026-02,US,Enterprise,Mobile,Card,2957,2760,325793.04,40,17,5776.78,304049.42,0.933378424078458,0.014492753623188406,0.006159420289855073
2026-02,US,Enterprise,Mobile,Wallet,907,862,100790.11,12,3,1829.82,96302.89,0.9503858875413451,0.013921113689095127,0.0034802784222737818
2026-02,US,Mid-market,Desktop,BNPL,357,325,27820.26,6,2,493.55,25974.579999999998,0.9103641456582633,0.018461538461538463,0.006153846153846154
2026-02,US,Mid-market,Desktop,Bank debit,588,550,40029.94,4,1,712.95,37522.6,0.935374149659864,0.007272727272727273,0.0018181818181818182
2026-02,US,Mid-market,Desktop,Card,3627,3434,259093.02,67,26,4637.41,244055.4,0.9467879790460436,0.019510774606872453,0.007571345369831101
2026-02,US,Mid-market,Desktop,Wallet,1171,1109,86069.56,19,4,1551.54,81658.93000000001,0.9470538001707942,0.017132551848512173,0.0036068530207394047
2026-02,US,Mid-market,Mobile,BNPL,580,534,39014.18,14,1,683.52,35969.17,0.9206896551724137,0.026217228464419477,0.0018726591760299626
2026-02,US,Mid-market,Mobile,Bank debit,1156,1071,82778.93,24,3,1474.43,77603.05,0.9264705882352942,0.022408963585434174,0.0028011204481792717
2026-02,US,Mid-market,Mobile,Card,6283,5905,454328.47,86,43,8082.31,425389.42,0.9398376571701417,0.014563928873835733,0.007281964436917867
2026-02,US,Mid-market,Mobile,Wallet,2026,1928,146057.99,35,5,2637.46,138803.1,0.9516288252714709,0.01815352697095436,0.0025933609958506223
2026-02,US,SMB,Desktop,BNPL,626,583,28892.77,14,1,517.1,27206.73,0.9313099041533547,0.024013722126929673,0.0017152658662092624
2026-02,US,SMB,Desktop,Bank debit,1157,1069,60174.33,25,5,1046.81,55092.72,0.9239412273120138,0.023386342376052385,0.004677268475210477
2026-02,US,SMB,Desktop,Card,6741,6335,330498.31,109,39,5925.32,311842.28,0.9397715472481828,0.017205998421468034,0.006156274664561957
2026-02,US,SMB,Desktop,Wallet,2144,2064,107074.17,26,3,1970.97,103735.67,0.9626865671641791,0.012596899224806201,0.0014534883720930232
2026-02,US,SMB,Mobile,BNPL,1101,1012,54905.39,12,3,954.96,50255.24,0.9191643960036331,0.011857707509881422,0.0029644268774703555
2026-02,US,SMB,Mobile,Bank debit,2050,1893,101684.41,32,3,1764.61,92874.42,0.9234146341463415,0.016904384574749076,0.001584786053882726
2026-02,US,SMB,Mobile,Card,11859,11153,582014.58,178,80,10394.39,547067.86,0.9404671557466903,0.01595983143548821,0.007172957948534027
2026-02,US,SMB,Mobile,Wallet,3877,3685,191187.95,59,7,3464.61,182339.78,0.9504771730719629,0.016010854816824967,0.0018995929443690637
2026-03,AU,Enterprise,Desktop,BNPL,49,45,5022.01,1,0,82.01,4316.92,0.9183673469387755,0.022222222222222223,0.0
2026-03,AU,Enterprise,Desktop,Bank debit,90,87,9058.29,1,0,167.55,8819.82,0.9666666666666667,0.011494252873563218,0.0
2026-03,AU,Enterprise,Desktop,Card,493,473,53531.2,7,3,973.26,51223.69,0.9594320486815415,0.014799154334038054,0.006342494714587738
2026-03,AU,Enterprise,Desktop,Wallet,174,165,16790.4,4,0,304.08,16005.87,0.9482758620689655,0.024242424242424242,0.0
2026-03,AU,Enterprise,Mobile,BNPL,81,77,6991.64,3,0,122.61,6452.4400000000005,0.9506172839506173,0.03896103896103896,0.0
2026-03,AU,Enterprise,Mobile,Bank debit,155,142,21294.23,1,0,371.78,19564.37,0.9161290322580645,0.007042253521126761,0.0
2026-03,AU,Enterprise,Mobile,Card,876,811,89571.13,6,5,1574.25,82851.68,0.9257990867579908,0.007398273736128237,0.006165228113440197
2026-03,AU,Enterprise,Mobile,Wallet,271,253,27296.87,3,0,479.8,25252.28,0.933579335793358,0.011857707509881422,0.0
2026-03,AU,Mid-market,Desktop,BNPL,99,95,9110.9,2,2,170.06,8948.65,0.9595959595959596,0.021052631578947368,0.021052631578947368
2026-03,AU,Mid-market,Desktop,Bank debit,187,176,13063.02,1,0,225.72,11882.36,0.9411764705882353,0.005681818181818182,0.0
2026-03,AU,Mid-market,Desktop,Card,974,920,69928.35,15,7,1269.38,66801.58,0.944558521560575,0.016304347826086956,0.007608695652173913
2026-03,AU,Mid-market,Desktop,Wallet,302,288,20665.63,1,0,379.45,19971.99,0.9536423841059603,0.003472222222222222,0.0
2026-03,AU,Mid-market,Mobile,BNPL,159,148,11301.93,1,0,197.4,10390.95,0.9308176100628931,0.006756756756756757,0.0
2026-03,AU,Mid-market,Mobile,Bank debit,327,290,24083.0,4,0,408.1,21479.09,0.8868501529051988,0.013793103448275862,0.0
2026-03,AU,Mid-market,Mobile,Card,1853,1739,137075.5,23,8,2458.57,129396.2,0.9384781435509983,0.013225991949396205,0.004600345025876941
2026-03,AU,Mid-market,Mobile,Wallet,609,571,46016.24,6,2,818.47,43078.26,0.9376026272577996,0.010507880910683012,0.0035026269702276708
2026-03,AU,SMB,Desktop,BNPL,171,158,9325.39,2,1,167.64,8820.2,0.9239766081871345,0.012658227848101266,0.006329113924050633
2026-03,AU,SMB,Desktop,Bank debit,344,324,17275.11,5,0,309.96,16312.98,0.9418604651162791,0.015432098765432098,0.0
2026-03,AU,SMB,Desktop,Card,1952,1861,93942.66,30,12,1690.63,88976.56,0.9533811475409836,0.016120365394948953,0.006448146157979581
2026-03,AU,SMB,Desktop,Wallet,606,575,29694.86,9,0,545.56,28708.97,0.9488448844884488,0.01565217391304348,0.0
2026-03,AU,SMB,Mobile,BNPL,325,292,16966.44,5,1,288.46,15183.25,0.8984615384615384,0.017123287671232876,0.003424657534246575
2026-03,AU,SMB,Mobile,Bank debit,616,576,30458.53,6,1,526.45,27707.36,0.935064935064935,0.010416666666666666,0.001736111111111111
2026-03,AU,SMB,Mobile,Card,3558,3332,175074.49,53,16,3124.18,164423.57,0.9364811691961776,0.015906362545018007,0.004801920768307323
2026-03,AU,SMB,Mobile,Wallet,1080,1033,53535.68,15,1,969.05,51004.89,0.9564814814814815,0.01452081316553727,0.000968054211035818
2026-03,CA,Enterprise,Desktop,BNPL,58,53,7336.47,0,0,111.81,5883.68,0.9137931034482759,0.0,0.0
2026-03,CA,Enterprise,Desktop,Bank debit,100,94,9906.289999999999,2,0,181.3,9540.53,0.94,0.02127659574468085,0.0
2026-03,CA,Enterprise,Desktop,Card,606,565,62800.38,15,5,1122.56,59082.02,0.9323432343234324,0.02654867256637168,0.008849557522123894
2026-03,CA,Enterprise,Desktop,Wallet,189,182,21653.1,4,0,395.3,20804.86,0.9629629629629629,0.02197802197802198,0.0
2026-03,CA,Enterprise,Mobile,BNPL,106,98,12828.31,2,0,229.45,12075.79,0.9245283018867925,0.02040816326530612,0.0
2026-03,CA,Enterprise,Mobile,Bank debit,223,211,26542.58,3,1,475.49,25022.83,0.9461883408071748,0.014218009478672985,0.004739336492890996
2026-03,CA,Enterprise,Mobile,Card,1102,1034,115099.69,12,7,2068.11,108849.94,0.9382940108892922,0.01160541586073501,0.006769825918762089
2026-03,CA,Enterprise,Mobile,Wallet,352,333,34454.04,6,1,614.9399999999999,32362.55,0.9460227272727273,0.018018018018018018,0.003003003003003003
2026-03,CA,Mid-market,Desktop,BNPL,143,127,9229.19,3,0,154.81,8145.65,0.8881118881118881,0.023622047244094488,0.0
2026-03,CA,Mid-market,Desktop,Bank debit,229,216,15165.61,4,0,274.89,14468.84,0.9432314410480349,0.018518518518518517,0.0
2026-03,CA,Mid-market,Desktop,Card,1375,1303,101517.1,17,13,1829.67,96290.2,0.9476363636363636,0.013046815042210284,0.009976976208749041
2026-03,CA,Mid-market,Desktop,Wallet,462,448,33926.95,2,1,624.47,32856.71,0.9696969696969697,0.004464285714285714,0.002232142857142857
2026-03,CA,Mid-market,Mobile,BNPL,255,240,18008.739999999998,4,0,324.18,17060.34,0.9411764705882353,0.016666666666666666,0.0
2026-03,CA,Mid-market,Mobile,Bank debit,467,431,32895.5,6,1,587.64,30931.98,0.9229122055674518,0.013921113689095127,0.002320185614849188
2026-03,CA,Mid-market,Mobile,Card,2468,2296,172152.41,36,19,3071.02,161616.58,0.9303079416531604,0.0156794425087108,0.008275261324041812
2026-03,CA,Mid-market,Mobile,Wallet,781,737,56031.33,15,5,1003.77,52829.0,0.9436619718309859,0.0203527815468114,0.0067842605156037995
2026-03,CA,SMB,Desktop,BNPL,252,235,11757.19,5,2,210.38,11074.66,0.9325396825396826,0.02127659574468085,0.00851063829787234
2026-03,CA,SMB,Desktop,Bank debit,452,424,21398.74,5,3,380.22,20007.91,0.9380530973451328,0.01179245283018868,0.007075471698113208
2026-03,CA,SMB,Desktop,Card,2569,2432,127048.3,39,10,2294.84,120765.21,0.9466718567536007,0.016036184210526317,0.004111842105263158
2026-03,CA,SMB,Desktop,Wallet,810,783,38059.66,16,1,689.7,36300.69,0.9666666666666667,0.020434227330779056,0.001277139208173691
2026-03,CA,SMB,Mobile,BNPL,443,397,21041.44,11,2,362.49,19075.84,0.8961625282167043,0.027707808564231738,0.005037783375314861
2026-03,CA,SMB,Mobile,Bank debit,767,704,37771.47,7,2,662.75,34883.51,0.9178617992177314,0.009943181818181818,0.002840909090909091
2026-03,CA,SMB,Mobile,Card,4578,4284,223226.68,60,27,3978.31,209370.75,0.9357798165137615,0.014005602240896359,0.0063025210084033615
2026-03,CA,SMB,Mobile,Wallet,1465,1407,70545.89,26,3,1296.25,68228.25,0.9604095563139932,0.01847903340440654,0.0021321961620469083
2026-03,DE,Enterprise,Desktop,BNPL,55,51,7044.03,0,0,129.76,6829.54,0.9272727272727272,0.0,0.0
2026-03,DE,Enterprise,Desktop,Bank debit,88,80,9862.04,0,1,164.7,8669.45,0.9090909090909091,0.0,0.0125
2026-03,DE,Enterprise,Desktop,Card,510,477,57023.92,10,3,980.58,51608.25,0.9352941176470588,0.020964360587002098,0.006289308176100629
2026-03,DE,Enterprise,Desktop,Wallet,139,134,15278.61,1,0,282.53000000000003,14873.84,0.9640287769784173,0.007462686567164179,0.0
2026-03,DE,Enterprise,Mobile,BNPL,85,80,8553.95,1,0,155.05,8160.24,0.9411764705882353,0.0125,0.0
2026-03,DE,Enterprise,Mobile,Bank debit,146,130,13803.63,3,0,228.87,12045.72,0.8904109589041096,0.023076923076923078,0.0
2026-03,DE,Enterprise,Mobile,Card,862,803,101490.83,12,8,1803.46,94920.23,0.931554524361949,0.014943960149439602,0.009962640099626401
2026-03,DE,Enterprise,Mobile,Wallet,285,265,33854.21,3,1,605.87,31889.44,0.9298245614035088,0.011320754716981131,0.0037735849056603774
2026-03,DE,Mid-market,Desktop,BNPL,106,96,7520.03,2,0,132.97,6998.95,0.9056603773584906,0.020833333333333332,0.0
2026-03,DE,Mid-market,Desktop,Bank debit,176,167,12437.19,2,0,230.84,12149.96,0.9488636363636364,0.011976047904191617,0.0
2026-03,DE,Mid-market,Desktop,Card,1035,964,73401.74,15,5,1300.59,68455.53,0.9314009661835749,0.015560165975103735,0.005186721991701245
2026-03,DE,Mid-market,Desktop,Wallet,314,305,18830.37,3,0,346.40999999999997,18234.65,0.9713375796178344,0.009836065573770493,0.0
2026-03,DE,Mid-market,Mobile,BNPL,189,169,12138.06,6,1,193.66,10192.300000000001,0.8941798941798942,0.03550295857988166,0.005917159763313609
2026-03,DE,Mid-market,Mobile,Bank debit,335,313,27166.76,5,0,490.64,25822.9,0.9343283582089552,0.01597444089456869,0.0
2026-03,DE,Mid-market,Mobile,Card,1796,1668,125276.39,24,11,2236.04,117688.41,0.9287305122494433,0.014388489208633094,0.006594724220623501
2026-03,DE,Mid-market,Mobile,Wallet,612,583,44344.46,7,2,817.35,43016.69,0.9526143790849673,0.012006861063464836,0.003430531732418525
2026-03,DE,SMB,Desktop,BNPL,172,154,8336.74,5,0,147.23,7751.99,0.8953488372093024,0.032467532467532464,0.0
2026-03,DE,SMB,Desktop,Bank debit,343,310,18852.28,3,0,330.79,17413.58,0.9037900874635568,0.00967741935483871,0.0
2026-03,DE,SMB,Desktop,Card,1874,1756,90169.57,24,12,1605.48,84499.77,0.9370330843116329,0.01366742596810934,0.00683371298405467
2026-03,DE,SMB,Desktop,Wallet,666,638,30812.73,10,4,555.91,29257.51,0.9579579579579579,0.01567398119122257,0.006269592476489028
2026-03,DE,SMB,Mobile,BNPL,337,298,17288.01,10,0,297.73,15665.89,0.884272997032641,0.03355704697986577,0.0
2026-03,DE,SMB,Mobile,Bank debit,596,559,27700.64,10,1,496.14,26113.86,0.9379194630872483,0.017889087656529516,0.0017889087656529517
2026-03,DE,SMB,Mobile,Card,3409,3179,164903.91,56,24,2921.95,153779.05,0.9325315341742446,0.017615602390688895,0.007549543881723813
2026-03,DE,SMB,Mobile,Wallet,1108,1061,53552.46,20,2,970.6,51087.33,0.9575812274368231,0.01885014137606032,0.001885014137606032
2026-03,GB,Enterprise,Desktop,BNPL,52,45,7010.65,0,0,123.37,6493.45,0.8653846153846154,0.0,0.0
2026-03,GB,Enterprise,Desktop,Bank debit,86,80,9238.03,0,0,166.42,8760.02,0.9302325581395349,0.0,0.0
2026-03,GB,Enterprise,Desktop,Card,589,553,63936.05,6,2,1149.62,60502.52,0.9388794567062818,0.0108499095840868,0.003616636528028933
2026-03,GB,Enterprise,Desktop,Wallet,197,186,21787.36,1,0,385.6,20291.7,0.9441624365482234,0.005376344086021506,0.0
2026-03,GB,Enterprise,Mobile,BNPL,100,89,10085.460000000001,2,0,161.3,8490.5,0.89,0.02247191011235955,0.0
2026-03,GB,Enterprise,Mobile,Bank debit,165,157,16990.91,3,0,309.7,16301.210000000001,0.9515151515151515,0.01910828025477707,0.0
2026-03,GB,Enterprise,Mobile,Card,1003,951,116633.89,19,6,2097.77,110407.14,0.9481555333998006,0.019978969505783387,0.006309148264984227
2026-03,GB,Enterprise,Mobile,Wallet,304,288,32365.26,7,0,579.66,30505.32,0.9473684210526315,0.024305555555555556,0.0
2026-03,GB,Mid-market,Desktop,BNPL,115,105,8205.52,4,0,144.65,7615.36,0.9130434782608695,0.0380952380952381,0.0
2026-03,GB,Mid-market,Desktop,Bank debit,209,193,17190.51,1,0,303.36,15967.72,0.9234449760765551,0.0051813471502590676,0.0
2026-03,GB,Mid-market,Desktop,Card,1218,1154,89587.95,24,5,1611.73,84834.05,0.9474548440065681,0.02079722703639515,0.004332755632582322
2026-03,GB,Mid-market,Desktop,Wallet,374,359,26541.94,7,1,484.3,25488.59,0.9598930481283422,0.019498607242339833,0.002785515320334262
2026-03,GB,Mid-market,Mobile,BNPL,191,181,12916.85,10,0,234.45,12339.11,0.9476439790575916,0.055248618784530384,0.0
2026-03,GB,Mid-market,Mobile,Bank debit,364,336,26788.92,6,4,488.3,25698.12,0.9230769230769231,0.017857142857142856,0.011904761904761904
2026-03,GB,Mid-market,Mobile,Card,2147,2009,153159.43,23,9,2714.67,142864.95,0.935724266418258,0.011448481831757094,0.004479840716774514
2026-03,GB,Mid-market,Mobile,Wallet,726,697,53050.36,8,1,947.73,49887.11,0.9600550964187328,0.011477761836441894,0.0014347202295552368
2026-03,GB,SMB,Desktop,BNPL,218,201,12517.87,5,0,215.97,11369.12,0.9220183486238532,0.024875621890547265,0.0
2026-03,GB,SMB,Desktop,Bank debit,373,346,18245.84,7,2,324.78,17095.11,0.9276139410187667,0.02023121387283237,0.005780346820809248
2026-03,GB,SMB,Desktop,Card,2238,2095,114979.79,27,15,2036.32,107173.88,0.9361036639857016,0.012887828162291169,0.007159904534606206
2026-03,GB,SMB,Desktop,Wallet,720,690,33831.46,5,3,619.68,32612.68,0.9583333333333334,0.007246376811594203,0.004347826086956522
2026-03,GB,SMB,Mobile,BNPL,365,336,18581.9,10,0,328.68,17301.53,0.9205479452054794,0.02976190476190476,0.0
2026-03,GB,SMB,Mobile,Bank debit,670,612,33231.88,8,1,579.04,30474.53,0.9134328358208955,0.013071895424836602,0.0016339869281045752
2026-03,GB,SMB,Mobile,Card,4142,3888,210276.0,79,22,3754.16,197574.99,0.938676967648479,0.020318930041152265,0.00565843621399177
2026-03,GB,SMB,Mobile,Wallet,1281,1235,61576.71,18,0,1131.57,59553.69,0.9640905542544886,0.014574898785425101,0.0
2026-03,US,Enterprise,Desktop,BNPL,172,163,18700.16,3,0,347.24,18276.34,0.9476744186046512,0.018404907975460124,0.0
2026-03,US,Enterprise,Desktop,Bank debit,301,283,35446.69,7,0,639.23,33638.26,0.9401993355481728,0.024734982332155476,0.0
2026-03,US,Enterprise,Desktop,Card,1846,1717,201284.58,24,17,3533.22,185968.82,0.9301191765980499,0.013977868375072802,0.009900990099009901
2026-03,US,Enterprise,Desktop,Wallet,608,583,64131.14,18,0,1163.13,61218.12,0.9588815789473685,0.030874785591766724,0.0
2026-03,US,Enterprise,Mobile,BNPL,317,295,33464.11,10,0,600.02,31570.49,0.9305993690851735,0.03389830508474576,0.0
2026-03,US,Enterprise,Mobile,Bank debit,557,511,63028.26,15,2,1088.39,57284.5,0.9174147217235189,0.029354207436399216,0.003913894324853229
2026-03,US,Enterprise,Mobile,Card,3340,3099,371718.32,49,22,6579.19,346285.51,0.9278443113772455,0.015811552113585026,0.007099064214262665
2026-03,US,Enterprise,Mobile,Wallet,1064,1013,113950.17,22,6,2079.12,109419.87,0.9520676691729323,0.02171767028627838,0.005923000987166831
2026-03,US,Mid-market,Desktop,BNPL,388,344,27656.75,7,1,459.74,24198.91,0.8865979381443299,0.020348837209302327,0.0029069767441860465
2026-03,US,Mid-market,Desktop,Bank debit,720,669,49541.98,5,0,876.03,46104.21,0.9291666666666667,0.007473841554559043,0.0
2026-03,US,Mid-market,Desktop,Card,3930,3700,286609.11,54,32,5144.26,270744.99,0.9414758269720102,0.014594594594594595,0.008648648648648649
2026-03,US,Mid-market,Desktop,Wallet,1290,1245,97260.15,23,2,1774.45,93394.07,0.9651162790697675,0.018473895582329317,0.001606425702811245
2026-03,US,Mid-market,Mobile,BNPL,693,644,50505.51,18,2,890.5,46863.78,0.9292929292929293,0.027950310559006212,0.003105590062111801
2026-03,US,Mid-market,Mobile,Bank debit,1238,1147,90700.05,16,3,1595.24,83958.54,0.9264943457189014,0.013949433304272014,0.0026155187445510027
2026-03,US,Mid-market,Mobile,Card,7157,6707,529191.82,104,47,9471.19,498447.9,0.9371244935028643,0.015506187565230357,0.007007603995825258
2026-03,US,Mid-market,Mobile,Wallet,2323,2199,168059.7,37,7,3041.32,160072.57,0.9466207490314249,0.01682582992269213,0.0031832651205093224
2026-03,US,SMB,Desktop,BNPL,732,671,36048.78,20,2,625.71,32935.04,0.9166666666666666,0.029806259314456036,0.0029806259314456036
2026-03,US,SMB,Desktop,Bank debit,1290,1185,62060.27,18,2,1078.71,56780.84,0.9186046511627907,0.015189873417721518,0.0016877637130801688
2026-03,US,SMB,Desktop,Card,7409,6952,360531.13,116,34,6420.37,337921.06,0.9383182615737616,0.01668584579976985,0.004890678941311853
2026-03,US,SMB,Desktop,Wallet,2348,2241,117665.35,39,7,2125.05,111857.09,0.9544293015332198,0.01740294511378849,0.0031236055332440876
2026-03,US,SMB,Mobile,BNPL,1254,1145,66415.38,28,1,1172.25,61697.17,0.9130781499202552,0.02445414847161572,0.0008733624454148472
2026-03,US,SMB,Mobile,Bank debit,2377,2198,119549.86,34,3,2101.77,110615.12,0.9246949936895246,0.015468607825295723,0.001364877161055505
2026-03,US,SMB,Mobile,Card,13189,12372,643401.15,217,95,11476.58,604036.73,0.9380544393054818,0.01753960556094407,0.007678629162625283
2026-03,US,SMB,Mobile,Wallet,4396,4216,215759.86,65,19,3924.62,206554.61,0.9590536851683349,0.015417457305502846,0.004506641366223909
2026-04,AU,Enterprise,Desktop,BNPL,46,43,3786.38,0,0,68.66,3611.94,0.9347826086956522,0.0,0.0
2026-04,AU,Enterprise,Desktop,Bank debit,82,76,10056.5,0,0,178.0,9368.54,0.926829268292683,0.0,0.0
2026-04,AU,Enterprise,Desktop,Card,437,413,48612.76,6,2,890.2,46851.33,0.9450800915331807,0.014527845036319613,0.004842615012106538
2026-04,AU,Enterprise,Desktop,Wallet,151,147,16104.24,3,0,304.5,16026.6,0.9735099337748344,0.02040816326530612,0.0
2026-04,AU,Enterprise,Mobile,BNPL,78,73,7090.63,0,0,127.73,6720.83,0.9358974358974359,0.0,0.0
2026-04,AU,Enterprise,Mobile,Bank debit,153,146,15431.85,2,0,276.18,14537.34,0.954248366013072,0.0136986301369863,0.0
2026-04,AU,Enterprise,Mobile,Card,782,726,77540.82,13,9,1370.43,72133.1,0.928388746803069,0.01790633608815427,0.012396694214876033
2026-04,AU,Enterprise,Mobile,Wallet,277,258,30169.260000000002,3,2,528.97,27839.63,0.9314079422382672,0.011627906976744186,0.007751937984496124
2026-04,AU,Mid-market,Desktop,BNPL,95,87,6998.49,1,0,118.83,6251.96,0.9157894736842105,0.011494252873563218,0.0
2026-04,AU,Mid-market,Desktop,Bank debit,178,172,11755.76,5,0,217.16,11427.39,0.9662921348314607,0.029069767441860465,0.0
2026-04,AU,Mid-market,Desktop,Card,957,907,67108.56,13,10,1205.3,63437.8,0.9477533960292581,0.014332965821389196,0.011025358324145534
2026-04,AU,Mid-market,Desktop,Wallet,306,294,21829.17,4,0,396.16,20847.71,0.9607843137254902,0.013605442176870748,0.0
2026-04,AU,Mid-market,Mobile,BNPL,167,151,12595.37,2,0,213.53,11237.22,0.9041916167664671,0.013245033112582781,0.0
2026-04,AU,Mid-market,Mobile,Bank debit,295,277,21874.59,4,0,396.07,20842.65,0.9389830508474576,0.01444043321299639,0.0
2026-04,AU,Mid-market,Mobile,Card,1818,1698,126783.89,24,16,2243.27,118064.26,0.933993399339934,0.014134275618374558,0.009422850412249705
2026-04,AU,Mid-market,Mobile,Wallet,582,551,42255.37,6,0,734.47,38655.38,0.9467353951890034,0.010889292196007259,0.0
2026-04,AU,SMB,Desktop,BNPL,177,164,8245.38,4,1,142.97,7522.28,0.9265536723163842,0.024390243902439025,0.006097560975609756
2026-04,AU,SMB,Desktop,Bank debit,358,337,17035.49,5,1,307.49,16181.39,0.9413407821229051,0.01483679525222552,0.002967359050445104
2026-04,AU,SMB,Desktop,Card,1917,1807,95976.3,43,6,1731.27,91130.89,0.9426186750130412,0.023796347537354733,0.003320420586607637
2026-04,AU,SMB,Desktop,Wallet,613,587,29730.35,10,1,542.81,28567.420000000002,0.9575856443719413,0.017035775127768313,0.0017035775127768314
2026-04,AU,SMB,Mobile,BNPL,307,286,14639.55,8,2,255.37,13440.65,0.9315960912052117,0.027972027972027972,0.006993006993006993
2026-04,AU,SMB,Mobile,Bank debit,586,548,30069.94,11,2,538.76,28356.09,0.9351535836177475,0.020072992700729927,0.0036496350364963502
2026-04,AU,SMB,Mobile,Card,3440,3204,172953.43,48,29,3040.97,160045.44,0.9313953488372093,0.0149812734082397,0.009051186017478152
2026-04,AU,SMB,Mobile,Wallet,1102,1042,53092.26,23,3,958.15,50428.58,0.9455535390199638,0.022072936660268713,0.0028790786948176585
2026-04,CA,Enterprise,Desktop,BNPL,60,57,5748.81,3,0,106.01,5579.49,0.95,0.05263157894736842,0.0
2026-04,CA,Enterprise,Desktop,Bank debit,105,97,9700.88,2,0,171.0,8999.36,0.9238095238095239,0.020618556701030927,0.0
2026-04,CA,Enterprise,Desktop,Card,630,593,67517.85,12,3,1209.43,63653.21,0.9412698412698413,0.02023608768971332,0.00505902192242833
2026-04,CA,Enterprise,Desktop,Wallet,181,168,21609.09,4,0,390.17,20533.96,0.9281767955801105,0.023809523809523808,0.0
2026-04,CA,Enterprise,Mobile,BNPL,119,111,11712.06,2,1,200.49,10550.34,0.9327731092436975,0.018018018018018018,0.009009009009009009
2026-04,CA,Enterprise,Mobile,Bank debit,200,187,22266.76,0,1,388.83,20464.39,0.935,0.0,0.0053475935828877
2026-04,CA,Enterprise,Mobile,Card,1099,1022,118389.09,19,5,2019.7,106299.51,0.9299363057324841,0.018590998043052837,0.004892367906066536
2026-04,CA,Enterprise,Mobile,Wallet,342,324,35609.62,4,2,643.56,33875.6,0.9473684210526315,0.012345679012345678,0.006172839506172839
2026-04,CA,Mid-market,Desktop,BNPL,132,121,10357.66,3,2,179.67000000000002,9453.44,0.9166666666666666,0.024793388429752067,0.01652892561983471
2026-04,CA,Mid-market,Desktop,Bank debit,238,223,18450.36,2,0,337.36,17754.85,0.9369747899159664,0.008968609865470852,0.0
2026-04,CA,Mid-market,Desktop,Card,1257,1182,93744.44,15,14,1672.51,88020.26,0.9403341288782816,0.012690355329949238,0.011844331641285956
2026-04,CA,Mid-market,Desktop,Wallet,401,378,28782.78,8,3,509.64,26818.01,0.942643391521197,0.021164021164021163,0.007936507936507936
2026-04,CA,Mid-market,Mobile,BNPL,200,182,14688.09,3,0,251.31,13225.35,0.91,0.016483516483516484,0.0
2026-04,CA,Mid-market,Mobile,Bank debit,433,410,32850.75,6,1,593.67,31244.85,0.9468822170900693,0.014634146341463415,0.0024390243902439024
2026-04,CA,Mid-market,Mobile,Card,2483,2342,180806.57,39,12,3247.63,170920.78,0.9432138542086186,0.016652433817250213,0.005123825789923143
2026-04,CA,Mid-market,Mobile,Wallet,724,692,51946.83,12,1,948.64,49921.16,0.9558011049723757,0.017341040462427744,0.001445086705202312
2026-04,CA,SMB,Desktop,BNPL,243,227,12651.82,6,0,220.65,11613.99,0.934156378600823,0.02643171806167401,0.0
2026-04,CA,SMB,Desktop,Bank debit,452,420,20624.76,5,1,363.77,19141.58,0.9292035398230089,0.011904761904761904,0.002380952380952381
2026-04,CA,SMB,Desktop,Card,2547,2390,126404.28,24,15,2253.44,118603.66,0.9383588535531998,0.0100418410041841,0.006276150627615063
2026-04,CA,SMB,Desktop,Wallet,812,778,40809.88,9,3,749.77,39456.63,0.958128078817734,0.011568123393316195,0.0038560411311053984
2026-04,CA,SMB,Mobile,BNPL,442,402,20311.11,10,1,352.91,18575.64,0.9095022624434389,0.024875621890547265,0.0024875621890547263
2026-04,CA,SMB,Mobile,Bank debit,765,706,38705.92,13,4,670.1,35263.28,0.9228758169934641,0.018413597733711047,0.0056657223796034
2026-04,CA,SMB,Mobile,Card,4394,4098,214923.21,74,18,3832.13,201692.7,0.9326354119253527,0.01805758906783797,0.004392386530014641
2026-04,CA,SMB,Mobile,Wallet,1453,1386,69689.79,22,5,1256.89,66163.67,0.9538885065381968,0.015873015873015872,0.0036075036075036075
2026-04,DE,Enterprise,Desktop,BNPL,51,48,4789.88,0,0,84.05,4423.47,0.9411764705882353,0.0,0.0
2026-04,DE,Enterprise,Desktop,Bank debit,75,74,7580.35,1,0,143.13,7533.0199999999995,0.9866666666666667,0.013513513513513514,0.0
2026-04,DE,Enterprise,Desktop,Card,449,423,45284.96,5,2,811.7,42723.13,0.9420935412026726,0.01182033096926714,0.004728132387706856
2026-04,DE,Enterprise,Desktop,Wallet,134,124,16568.2,2,0,297.64,15663.21,0.9253731343283582,0.016129032258064516,0.0
2026-04,DE,Enterprise,Mobile,BNPL,97,86,15293.02,2,0,255.28,13436.69,0.8865979381443299,0.023255813953488372,0.0
2026-04,DE,Enterprise,Mobile,Bank debit,161,152,17574.31,5,0,295.79,15567.19,0.9440993788819876,0.03289473684210526,0.0
2026-04,DE,Enterprise,Mobile,Card,851,803,97604.15,18,3,1724.96,90794.87,0.9435957696827262,0.0224159402241594,0.0037359900373599006
2026-04,DE,Enterprise,Mobile,Wallet,264,258,31035.9,7,1,574.55,30242.3,0.9772727272727273,0.027131782945736434,0.003875968992248062
2026-04,DE,Mid-market,Desktop,BNPL,90,83,6395.99,1,0,113.78,5990.05,0.9222222222222223,0.012048192771084338,0.0
2026-04,DE,Mid-market,Desktop,Bank debit,183,170,12744.04,2,0,226.39,11915.97,0.9289617486338798,0.011764705882352941,0.0
2026-04,DE,Mid-market,Desktop,Card,975,898,72388.2,11,7,1266.78,66675.24,0.921025641025641,0.012249443207126948,0.0077951002227171495
2026-04,DE,Mid-market,Desktop,Wallet,311,297,22107.93,4,0,405.72,21353.17,0.954983922829582,0.013468013468013467,0.0
2026-04,DE,Mid-market,Mobile,BNPL,163,143,11962.35,3,1,178.41,9387.75,0.8773006134969326,0.02097902097902098,0.006993006993006993
2026-04,DE,Mid-market,Mobile,Bank debit,329,306,22957.8,2,1,406.7,21398.71,0.9300911854103343,0.006535947712418301,0.0032679738562091504
2026-04,DE,Mid-market,Mobile,Card,1707,1589,122240.22,20,5,2155.59,113453.7,0.9308728763913299,0.012586532410320957,0.0031466331025802393
2026-04,DE,Mid-market,Mobile,Wallet,567,529,41235.74,9,1,718.8,37832.79,0.9329805996472663,0.017013232514177693,0.001890359168241966
2026-04,DE,SMB,Desktop,BNPL,193,181,9524.92,9,0,174.2,9166.619999999999,0.9378238341968912,0.049723756906077346,0.0
2026-04,DE,SMB,Desktop,Bank debit,324,300,17451.27,7,0,306.45,16126.9,0.9259259259259259,0.023333333333333334,0.0
2026-04,DE,SMB,Desktop,Card,1897,1767,96063.17,26,11,1705.75,89787.02,0.9314707432788614,0.014714204867006225,0.00622524052065648
2026-04,DE,SMB,Desktop,Wallet,581,547,27755.84,6,5,497.39,26179.71,0.9414802065404475,0.010968921389396709,0.009140767824497258
2026-04,DE,SMB,Mobile,BNPL,300,276,12769.5,4,0,227.62,11979.6,0.92,0.014492753623188406,0.0
2026-04,DE,SMB,Mobile,Bank debit,580,537,26504.85,6,2,463.7,24402.65,0.9258620689655173,0.0111731843575419,0.0037243947858473
2026-04,DE,SMB,Mobile,Card,3272,3051,164556.78,36,25,2916.88,153505.7,0.9324572127139364,0.011799410029498525,0.00819403474270731
2026-04,DE,SMB,Mobile,Wallet,1117,1066,52869.81,13,1,959.54,50502.5,0.954341987466428,0.012195121951219513,0.0009380863039399625
2026-04,GB,Enterprise,Desktop,BNPL,56,51,6329.21,1,0,113.76,5988.04,0.9107142857142857,0.0196078431372549,0.0
2026-04,GB,Enterprise,Desktop,Bank debit,95,87,9951.93,2,0,176.08,9267.18,0.9157894736842105,0.022988505747126436,0.0
2026-04,GB,Enterprise,Desktop,Card,580,548,60363.69,7,1,1078.73,56780.81,0.9448275862068966,0.012773722627737226,0.0018248175182481751
2026-04,GB,Enterprise,Desktop,Wallet,171,166,17915.25,6,1,324.42,17073.21,0.9707602339181286,0.03614457831325301,0.006024096385542169
2026-04,GB,Enterprise,Mobile,BNPL,104,97,11880.02,4,0,215.86,11358.99,0.9326923076923077,0.041237113402061855,0.0
2026-04,GB,Enterprise,Mobile,Bank debit,148,136,15882.27,0,0,269.16,14167.05,0.918918918918919,0.0,0.0
2026-04,GB,Enterprise,Mobile,Card,974,913,109953.16,16,6,1978.18,104118.49,0.9373716632443532,0.017524644030668127,0.0065717415115005475
2026-04,GB,Enterprise,Mobile,Wallet,299,284,31183.2,4,0,575.33,30279.19,0.9498327759197325,0.014084507042253521,0.0
2026-04,GB,Mid-market,Desktop,BNPL,112,100,7766.09,2,0,131.06,6900.17,0.8928571428571429,0.02,0.0
2026-04,GB,Mid-market,Desktop,Bank debit,224,208,16287.85,0,1,281.91,14836.08,0.9285714285714286,0.0,0.004807692307692308
2026-04,GB,Mid-market,Desktop,Card,1156,1082,86707.84,13,11,1535.93,80843.29,0.9359861591695502,0.012014787430683918,0.010166358595194085
2026-04,GB,Mid-market,Desktop,Wallet,350,327,26164.14,10,1,462.25,24329.55,0.9342857142857143,0.03058103975535168,0.0030581039755351682
2026-04,GB,Mid-market,Mobile,BNPL,205,189,14602.22,7,0,252.46,13288.09,0.9219512195121952,0.037037037037037035,0.0
2026-04,GB,Mid-market,Mobile,Bank debit,371,339,26748.739999999998,10,1,461.39,24288.21,0.9137466307277629,0.029498525073746312,0.0029498525073746312
2026-04,GB,Mid-market,Mobile,Card,2113,1977,139836.19,36,8,2463.78,129675.06,0.9356365357311879,0.018209408194233688,0.004046535154274153
2026-04,GB,Mid-market,Mobile,Wallet,658,630,43462.45,10,2,789.74,41562.5,0.9574468085106383,0.015873015873015872,0.0031746031746031746
2026-04,GB,SMB,Desktop,BNPL,229,214,11465.869999999999,4,1,200.65,10562.23,0.9344978165938864,0.018691588785046728,0.004672897196261682
2026-04,GB,SMB,Desktop,Bank debit,431,403,20563.07,11,1,356.43,18754.23,0.9350348027842227,0.02729528535980149,0.0024813895781637717
2026-04,GB,SMB,Desktop,Card,2211,2085,114136.16,30,16,2036.66,107191.34,0.9430122116689281,0.014388489208633094,0.007673860911270983
2026-04,GB,SMB,Desktop,Wallet,697,661,35282.2,11,1,645.49,33968.68,0.9483500717360115,0.01664145234493192,0.0015128593040847202
2026-04,GB,SMB,Mobile,BNPL,376,341,17300.81,7,0,299.23,15750.23,0.9069148936170213,0.020527859237536656,0.0
2026-04,GB,SMB,Mobile,Bank debit,707,661,35052.25,9,0,619.18,32585.66,0.9349363507779349,0.01361573373676248,0.0
2026-04,GB,SMB,Mobile,Card,3848,3582,193250.7,52,27,3389.13,178359.76,0.9308731808731808,0.014517029592406477,0.007537688442211055
2026-04,GB,SMB,Mobile,Wallet,1297,1226,63966.49,14,3,1147.04,60366.61,0.9452582883577486,0.011419249592169658,0.0024469820554649264
2026-04,US,Enterprise,Desktop,BNPL,165,152,17543.0,2,0,316.75,16670.71,0.9212121212121213,0.013157894736842105,0.0
2026-04,US,Enterprise,Desktop,Bank debit,345,316,37974.6,4,2,644.47,33922.63,0.9159420289855073,0.012658227848101266,0.006329113924050633
2026-04,US,Enterprise,Desktop,Card,1871,1764,198872.23,21,15,3568.21,187807.33,0.9428113308391235,0.011904761904761904,0.008503401360544218
2026-04,US,Enterprise,Desktop,Wallet,593,567,62667.48,10,3,1148.88,60464.62,0.9561551433389545,0.01763668430335097,0.005291005291005291
2026-04,US,Enterprise,Mobile,BNPL,329,307,37909.55,9,0,656.48,34556.13,0.9331306990881459,0.029315960912052116,0.0
2026-04,US,Enterprise,Mobile,Bank debit,569,531,59436.36,7,0,1036.53,54552.34,0.9332161687170475,0.013182674199623353,0.0
2026-04,US,Enterprise,Mobile,Card,3204,2984,349584.17,43,13,6164.99,324482.35,0.9313358302122348,0.014410187667560321,0.00435656836461126
2026-04,US,Enterprise,Mobile,Wallet,1074,1018,116562.87,16,1,2112.02,111163.95,0.9478584729981379,0.015717092337917484,0.0009823182711198428
2026-04,US,Mid-market,Desktop,BNPL,373,340,27354.87,7,2,471.26,24803.43,0.9115281501340483,0.020588235294117647,0.0058823529411764705
2026-04,US,Mid-market,Desktop,Bank debit,668,642,49691.47,16,4,914.22,48116.44,0.9610778443113772,0.024922118380062305,0.006230529595015576
2026-04,US,Mid-market,Desktop,Card,3829,3615,272922.61,58,27,4900.58,257911.57,0.9441107338730739,0.016044260027662516,0.007468879668049793
2026-04,US,Mid-market,Desktop,Wallet,1189,1138,83068.9,21,4,1512.61,79612.95,0.9571068124474348,0.01845342706502636,0.0035149384885764497
2026-04,US,Mid-market,Mobile,BNPL,653,591,44845.59,15,0,754.82,39724.71,0.9050535987748851,0.025380710659898477,0.0
2026-04,US,Mid-market,Mobile,Bank debit,1169,1094,84419.87,16,2,1494.26,78647.02,0.9358426005132592,0.014625228519195612,0.0018281535648994515
2026-04,US,Mid-market,Mobile,Card,6798,6358,494589.09,111,39,8767.11,461425.69,0.9352750809061489,0.017458320226486315,0.006134004403900598
2026-04,US,Mid-market,Mobile,Wallet,2184,2089,152906.61,35,5,2770.8,145839.09,0.9565018315018315,0.01675442795595979,0.0023934897079942556
2026-04,US,SMB,Desktop,BNPL,707,656,35021.75,19,0,625.33,32913.45,0.9278642149929278,0.028963414634146343,0.0
2026-04,US,SMB,Desktop,Bank debit,1257,1179,60547.72,21,3,1074.34,56540.64,0.9379474940334129,0.017811704834605598,0.002544529262086514
2026-04,US,SMB,Desktop,Card,7152,6763,363378.78,99,34,6489.84,341578.24,0.9456096196868009,0.01463847404997782,0.005027354724234807
2026-04,US,SMB,Desktop,Wallet,2304,2207,119436.21,37,4,2185.21,115009.13,0.9578993055555556,0.01676483914816493,0.0018124150430448573
2026-04,US,SMB,Mobile,BNPL,1235,1126,61833.77,33,0,1076.06,56634.19,0.9117408906882591,0.02930728241563055,0.0
2026-04,US,SMB,Mobile,Bank debit,2195,2018,109879.55,30,7,1922.94,101209.25,0.9193621867881548,0.014866204162537165,0.003468780971258672
2026-04,US,SMB,Mobile,Card,12806,11996,628715.01,210,66,11157.76,587226.78,0.9367483991878807,0.01750583527842614,0.005501833944648216
2026-04,US,SMB,Mobile,Wallet,4013,3802,202384.68,55,11,3646.89,191942.91,0.9474208821330675,0.014466070489216202,0.0028932140978432403
2026-05,AU,Enterprise,Desktop,BNPL,53,50,5733.31,1,1,102.67,5403.62,0.9433962264150944,0.02,0.02
2026-05,AU,Enterprise,Desktop,Bank debit,83,75,9368.83,0,0,164.81,8673.89,0.9036144578313253,0.0,0.0
2026-05,AU,Enterprise,Desktop,Card,485,455,54683.24,8,3,969.41,51023.73,0.9381443298969072,0.017582417582417582,0.006593406593406593
2026-05,AU,Enterprise,Desktop,Wallet,162,154,17417.9,3,0,313.46,16497.36,0.9506172839506173,0.01948051948051948,0.0
2026-05,AU,Enterprise,Mobile,BNPL,77,72,7854.66,1,1,141.68,7455.39,0.935064935064935,0.013888888888888888,0.013888888888888888
2026-05,AU,Enterprise,Mobile,Bank debit,147,140,17292.7,4,0,321.1,16899.14,0.9523809523809523,0.02857142857142857,0.0
2026-05,AU,Enterprise,Mobile,Card,835,790,93383.64,14,2,1696.56,89291.25,0.9461077844311377,0.017721518987341773,0.002531645569620253
2026-05,AU,Enterprise,Mobile,Wallet,256,247,29030.03,3,0,535.46,28178.19,0.96484375,0.012145748987854251,0.0
2026-05,AU,Mid-market,Desktop,BNPL,119,103,7822.08,1,1,120.9,6363.26,0.865546218487395,0.009708737864077669,0.009708737864077669
2026-05,AU,Mid-market,Desktop,Bank debit,187,172,12842.47,3,0,217.64,11454.82,0.9197860962566845,0.01744186046511628,0.0
2026-05,AU,Mid-market,Desktop,Card,1105,1035,78098.8,7,7,1382.15,72744.9,0.9366515837104072,0.00676328502415459,0.00676328502415459
2026-05,AU,Mid-market,Desktop,Wallet,331,314,23982.3,6,2,428.03000000000003,22529.25,0.9486404833836858,0.01910828025477707,0.006369426751592357
2026-05,AU,Mid-market,Mobile,BNPL,175,163,13868.93,3,1,246.59,12978.49,0.9314285714285714,0.018404907975460124,0.006134969325153374
2026-05,AU,Mid-market,Mobile,Bank debit,325,296,25132.02,10,0,424.18,22319.78,0.9107692307692308,0.033783783783783786,0.0
2026-05,AU,Mid-market,Mobile,Card,1819,1700,140866.15,27,9,2512.59,132233.87,0.9345794392523364,0.01588235294117647,0.005294117647058823
2026-05,AU,Mid-market,Mobile,Wallet,591,554,39448.5,9,2,699.46,36811.31,0.937394247038917,0.016245487364620937,0.0036101083032490976
2026-05,AU,SMB,Desktop,BNPL,226,209,10599.52,4,0,188.34,9911.33,0.9247787610619469,0.019138755980861243,0.0
2026-05,AU,SMB,Desktop,Bank debit,329,311,15887.47,10,1,284.4,14968.73,0.9452887537993921,0.03215434083601286,0.003215434083601286
2026-05,AU,SMB,Desktop,Card,1922,1816,95472.22,32,13,1714.1,90212.0,0.9448491155046826,0.01762114537444934,0.007158590308370044
2026-05,AU,SMB,Desktop,Wallet,628,598,32536.86,8,0,595.82,31357.579999999998,0.9522292993630573,0.013377926421404682,0.0
2026-05,AU,SMB,Mobile,BNPL,362,326,17693.3,8,1,295.53,15552.85,0.9005524861878453,0.024539877300613498,0.003067484662576687
2026-05,AU,SMB,Mobile,Bank debit,561,525,28245.71,9,0,503.35,26488.02,0.9358288770053476,0.017142857142857144,0.0
2026-05,AU,SMB,Mobile,Card,3509,3316,172307.95,53,27,3092.68,162774.86000000002,0.944998575092619,0.015983112183353437,0.008142340168878166
2026-05,AU,SMB,Mobile,Wallet,1084,1019,52358.01,19,1,930.15,48958.95,0.9400369003690037,0.018645731108930325,0.0009813542688910696
2026-05,CA,Enterprise,Desktop,BNPL,70,67,7250.91,2,1,127.67,6720.14,0.9571428571428572,0.029850746268656716,0.014925373134328358
2026-05,CA,Enterprise,Desktop,Bank debit,109,102,11093.5,1,2,203.88,10732.94,0.9357798165137615,0.00980392156862745,0.0196078431372549
2026-05,CA,Enterprise,Desktop,Card,666,616,73614.05,8,0,1279.2,67320.36,0.924924924924925,0.012987012987012988,0.0
2026-05,CA,Enterprise,Desktop,Wallet,225,220,25567.57,1,0,472.0,24844.44,0.9777777777777777,0.004545454545454545,0.0
2026-05,CA,Enterprise,Mobile,BNPL,117,102,13143.71,6,0,200.65,10558.52,0.8717948717948718,0.058823529411764705,0.0
2026-05,CA,Enterprise,Mobile,Bank debit,205,190,21565.79,3,0,386.24,20327.03,0.926829268292683,0.015789473684210527,0.0
2026-05,CA,Enterprise,Mobile,Card,1117,1043,116705.64,20,6,2062.72,108565.98,0.9337511190689346,0.019175455417066157,0.005752636625119847
2026-05,CA,Enterprise,Mobile,Wallet,339,322,36811.05,4,1,652.78,34356.16,0.9498525073746312,0.012422360248447204,0.003105590062111801
2026-05,CA,Mid-market,Desktop,BNPL,136,131,10097.97,7,0,185.29,9750.91,0.9632352941176471,0.05343511450381679,0.0
2026-05,CA,Mid-market,Desktop,Bank debit,245,231,17672.54,2,0,323.66,17036.75,0.9428571428571428,0.008658008658008658,0.0
2026-05,CA,Mid-market,Desktop,Card,1354,1270,97508.4,17,8,1743.57,91765.83,0.9379615952732644,0.013385826771653543,0.006299212598425197
2026-05,CA,Mid-market,Desktop,Wallet,436,414,30005.12,5,1,547.9,28839.29,0.9495412844036697,0.012077294685990338,0.0024154589371980675
2026-05,CA,Mid-market,Mobile,BNPL,226,209,16310.92,7,2,288.87,15203.35,0.9247787610619469,0.03349282296650718,0.009569377990430622
2026-05,CA,Mid-market,Mobile,Bank debit,410,393,28396.420000000002,9,2,520.79,27405.93,0.9585365853658536,0.022900763358778626,0.005089058524173028
2026-05,CA,Mid-market,Mobile,Card,2581,2395,188457.37,41,15,3344.45,176025.71,0.9279349089500194,0.017118997912317326,0.006263048016701462
2026-05,CA,Mid-market,Mobile,Wallet,772,735,57269.7,14,0,1023.17,53851.83,0.9520725388601037,0.01904761904761905,0.0
2026-05,CA,SMB,Desktop,BNPL,236,220,13518.86,7,0,244.34,12859.1,0.9322033898305084,0.031818181818181815,0.0
2026-05,CA,SMB,Desktop,Bank debit,473,437,24687.54,7,0,437.01,22999.61,0.9238900634249472,0.016018306636155607,0.0
2026-05,CA,SMB,Desktop,Card,2651,2498,125893.79,47,19,2271.65,119548.94,0.942285929837797,0.018815052041633307,0.007606084867894315
2026-05,CA,SMB,Desktop,Wallet,837,794,43385.590000000004,14,1,793.92,41785.67,0.948626045400239,0.017632241813602016,0.0012594458438287153
2026-05,CA,SMB,Mobile,BNPL,451,410,21051.28,11,1,367.01,19309.35,0.9090909090909091,0.026829268292682926,0.0024390243902439024
2026-05,CA,SMB,Mobile,Bank debit,832,761,41364.159999999996,9,5,715.97,37685.67,0.9146634615384616,0.011826544021024968,0.006570302233902759
2026-05,CA,SMB,Mobile,Card,4621,4342,231659.74,69,33,4125.97,217154.71,0.9396234581259467,0.015891294334408106,0.007600184246890834
2026-05,CA,SMB,Mobile,Wallet,1571,1485,78931.48,32,4,1409.06,74162.51,0.9452577975811585,0.02154882154882155,0.0026936026936026937
2026-05,DE,Enterprise,Desktop,BNPL,57,55,6674.54,0,0,124.86,6570.57,0.9649122807017544,0.0,0.0
2026-05,DE,Enterprise,Desktop,Bank debit,95,88,9767.74,4,0,177.41,9335.23,0.9263157894736842,0.045454545454545456,0.0
2026-05,DE,Enterprise,Desktop,Card,494,458,53688.81,8,5,937.82,49357.21,0.9271255060728745,0.017467248908296942,0.010917030567685589
2026-05,DE,Enterprise,Desktop,Wallet,150,142,17974.69,0,0,328.6,17294.95,0.9466666666666667,0.0,0.0
2026-05,DE,Enterprise,Mobile,BNPL,75,66,7122.15,0,0,125.36,6597.78,0.88,0.0,0.0
2026-05,DE,Enterprise,Mobile,Bank debit,166,146,17318.68,0,0,290.9,15311.16,0.8795180722891566,0.0,0.0
2026-05,DE,Enterprise,Mobile,Card,894,841,101018.52,10,3,1815.78,95571.03,0.9407158836689038,0.011890606420927468,0.0035671819262782403
2026-05,DE,Enterprise,Mobile,Wallet,303,284,31332.71,6,0,560.06,29475.42,0.9372937293729373,0.02112676056338028,0.0
2026-05,DE,Mid-market,Desktop,BNPL,90,85,7222.66,4,1,128.48,6759.89,0.9444444444444444,0.047058823529411764,0.011764705882352941
2026-05,DE,Mid-market,Desktop,Bank debit,177,167,12766.29,2,0,222.89000000000001,11732.14,0.943502824858757,0.011976047904191617,0.0
2026-05,DE,Mid-market,Desktop,Card,1006,939,70589.99,18,6,1229.9,64730.22,0.9333996023856859,0.019169329073482427,0.006389776357827476
2026-05,DE,Mid-market,Desktop,Wallet,356,339,27390.53,9,2,500.29,26329.12,0.952247191011236,0.02654867256637168,0.0058997050147492625
2026-05,DE,Mid-market,Mobile,BNPL,164,153,11443.18,3,0,204.56,10767.81,0.9329268292682927,0.0196078431372549,0.0
2026-05,DE,Mid-market,Mobile,Bank debit,334,307,23972.0,2,0,426.73,22457.88,0.9191616766467066,0.006514657980456026,0.0
2026-05,DE,Mid-market,Mobile,Card,1836,1709,127832.18,38,15,2279.32,119969.32,0.9308278867102396,0.022235225277940317,0.008777062609713282
2026-05,DE,Mid-market,Mobile,Wallet,599,572,42297.06,7,5,775.12,40795.81,0.9549248747913188,0.012237762237762238,0.008741258741258742
2026-05,DE,SMB,Desktop,BNPL,206,186,10845.93,4,0,173.45,9128.53,0.9029126213592233,0.021505376344086023,0.0
2026-05,DE,SMB,Desktop,Bank debit,328,308,16203.43,5,0,289.18,15219.91,0.9390243902439024,0.016233766233766232,0.0
2026-05,DE,SMB,Desktop,Card,1949,1836,97444.35,29,15,1751.31,92183.02,0.9420215495125706,0.01579520697167756,0.008169934640522876
2026-05,DE,SMB,Desktop,Wallet,636,608,30801.170000000002,4,3,555.73,29246.78,0.9559748427672956,0.006578947368421052,0.004934210526315789
2026-05,DE,SMB,Mobile,BNPL,321,298,18487.68,8,1,326.21999999999997,17167.98,0.9283489096573209,0.026845637583892617,0.003355704697986577
2026-05,DE,SMB,Mobile,Bank debit,620,572,29524.54,8,1,516.92,27204.01,0.9225806451612903,0.013986013986013986,0.0017482517482517483
2026-05,DE,SMB,Mobile,Card,3488,3244,171135.45,51,18,3038.22,159897.75,0.930045871559633,0.015721331689272502,0.005548705302096177
2026-05,DE,SMB,Mobile,Wallet,1122,1071,53319.56,23,2,966.35,50857.28,0.9545454545454546,0.021475256769374416,0.0018674136321195146
2026-05,GB,Enterprise,Desktop,BNPL,53,50,6400.71,4,0,113.01,5949.61,0.9433962264150944,0.08,0.0
2026-05,GB,Enterprise,Desktop,Bank debit,101,91,13190.41,1,0,231.79,12199.43,0.900990099009901,0.01098901098901099,0.0
2026-05,GB,Enterprise,Desktop,Card,527,497,57742.28,9,4,1037.27,54588.2,0.9430740037950665,0.018108651911468814,0.008048289738430584
2026-05,GB,Enterprise,Desktop,Wallet,168,161,20878.34,2,0,386.91,20364.95,0.9583333333333334,0.012422360248447204,0.0
2026-05,GB,Enterprise,Mobile,BNPL,96,91,11761.91,0,3,219.2,11535.15,0.9479166666666666,0.0,0.03296703296703297
2026-05,GB,Enterprise,Mobile,Bank debit,173,159,18607.87,4,3,322.16,16955.36,0.9190751445086706,0.025157232704402517,0.018867924528301886
2026-05,GB,Enterprise,Mobile,Card,1027,958,111952.71,17,3,1957.01,103003.83,0.9328140214216164,0.017745302713987474,0.003131524008350731
2026-05,GB,Enterprise,Mobile,Wallet,300,283,31917.32,4,0,566.91,29836.79,0.9433333333333334,0.014134275618374558,0.0
2026-05,GB,Mid-market,Desktop,BNPL,102,89,8200.63,2,0,137.24,7220.17,0.8725490196078431,0.02247191011235955,0.0
2026-05,GB,Mid-market,Desktop,Bank debit,195,181,13664.33,6,0,244.46,12862.7,0.9282051282051282,0.03314917127071823,0.0
2026-05,GB,Mid-market,Desktop,Card,1239,1172,87613.91,15,3,1589.79,83678.36,0.9459241323648103,0.012798634812286689,0.002559726962457338
2026-05,GB,Mid-market,Desktop,Wallet,389,375,30471.42,4,2,567.57,29873.47,0.9640102827763496,0.010666666666666666,0.005333333333333333
2026-05,GB,Mid-market,Mobile,BNPL,196,181,13331.67,4,0,236.06,12425.97,0.923469387755102,0.022099447513812154,0.0
2026-05,GB,Mid-market,Mobile,Bank debit,354,337,23968.32,2,2,434.12,22840.08,0.9519774011299436,0.005934718100890208,0.005934718100890208
2026-05,GB,Mid-market,Mobile,Card,2132,2010,154859.83,29,12,2800.95,147422.15,0.9427767354596623,0.014427860696517412,0.005970149253731343
2026-05,GB,Mid-market,Mobile,Wallet,645,611,46734.39,6,2,840.35,44224.96,0.9472868217054263,0.009819967266775777,0.0032733224222585926
2026-05,GB,SMB,Desktop,BNPL,195,178,11028.47,0,1,199.22,10485.77,0.9128205128205128,0.0,0.0056179775280898875
2026-05,GB,SMB,Desktop,Bank debit,422,400,20774.9,6,2,371.51,19555.44,0.9478672985781991,0.015,0.005
2026-05,GB,SMB,Desktop,Card,2307,2167,111578.36,36,8,1973.36,103862.85,0.9393151278716948,0.01661282879556991,0.0036917397323488694
2026-05,GB,SMB,Desktop,Wallet,722,692,39065.590000000004,8,2,710.18,37381.56,0.9584487534626038,0.011560693641618497,0.002890173410404624
2026-05,GB,SMB,Mobile,BNPL,379,348,18256.64,6,0,320.87,16885.57,0.9182058047493403,0.017241379310344827,0.0
2026-05,GB,SMB,Mobile,Bank debit,663,622,29669.0,3,1,529.32,27859.35,0.9381598793363499,0.00482315112540193,0.001607717041800643
2026-05,GB,SMB,Mobile,Card,3969,3716,194282.38,62,17,3453.1,181758.51,0.9362559838750315,0.016684607104413347,0.00457481162540366
2026-05,GB,SMB,Mobile,Wallet,1272,1211,65459.87,18,5,1192.34,62760.64,0.9520440251572327,0.01486374896779521,0.004128819157720892
2026-05,US,Enterprise,Desktop,BNPL,162,149,18282.32,5,0,325.73,17140.5,0.9197530864197531,0.03355704697986577,0.0
2026-05,US,Enterprise,Desktop,Bank debit,315,291,33645.45,4,1,595.8,31360.21,0.9238095238095239,0.013745704467353952,0.003436426116838488
2026-05,US,Enterprise,Desktop,Card,1791,1709,195022.34,30,12,3577.43,188276.87,0.954215522054718,0.017554125219426564,0.007021650087770626
2026-05,US,Enterprise,Desktop,Wallet,592,568,65271.68,11,0,1182.08,62211.7,0.9594594594594594,0.01936619718309859,0.0
2026-05,US,Enterprise,Mobile,BNPL,319,289,36687.41,8,1,633.73,33352.57,0.9059561128526645,0.02768166089965398,0.0034602076124567475
2026-05,US,Enterprise,Mobile,Bank debit,537,497,63586.25,10,5,1129.55,59451.229999999996,0.925512104283054,0.02012072434607646,0.01006036217303823
2026-05,US,Enterprise,Mobile,Card,3271,3054,359607.46,55,22,6367.41,335124.57,0.9336594313665546,0.018009168303863784,0.007203667321545514
2026-05,US,Enterprise,Mobile,Wallet,1038,992,117393.22,17,2,2138.28,112545.81,0.9556840077071291,0.017137096774193547,0.0020161290322580645
2026-05,US,Mid-market,Desktop,BNPL,391,348,27231.31,16,0,461.83,24306.170000000002,0.8900255754475703,0.04597701149425287,0.0
2026-05,US,Mid-market,Desktop,Bank debit,634,593,44849.85,6,0,777.97,40942.58,0.9353312302839116,0.01011804384485666,0.0
2026-05,US,Mid-market,Desktop,Card,3970,3737,288128.07,50,29,5148.82,270992.63,0.9413098236775819,0.01337971635001338,0.00776023548300776
2026-05,US,Mid-market,Desktop,Wallet,1289,1226,90005.93,19,3,1618.74,85198.56,0.9511249030256013,0.015497553017944535,0.0024469820554649264
2026-05,US,Mid-market,Mobile,BNPL,674,607,50575.08,16,1,856.52,45076.61,0.900593471810089,0.026359143327841845,0.0016474464579901153
2026-05,US,Mid-market,Mobile,Bank debit,1246,1153,93878.47,19,5,1655.7,87150.5,0.9253611556982343,0.01647875108412836,0.004336513443191674
2026-05,US,Mid-market,Mobile,Card,7130,6703,507872.11,94,45,9074.28,477556.93,0.9401122019635344,0.014023571535133523,0.006713411905117111
2026-05,US,Mid-market,Mobile,Wallet,2218,2108,160662.52,37,4,2892.6,152237.86,0.9504057709648331,0.017552182163187855,0.0018975332068311196
2026-05,US,SMB,Desktop,BNPL,693,632,36149.92,13,3,629.38,33119.66,0.911976911976912,0.020569620253164556,0.004746835443037975
2026-05,US,SMB,Desktop,Bank debit,1304,1204,65541.73,14,5,1159.42,61019.38,0.9233128834355828,0.011627906976744186,0.004152823920265781
2026-05,US,SMB,Desktop,Card,7544,7123,378439.02,112,52,6775.64,356573.02,0.9441940615058324,0.015723711919135196,0.007300294819598483
2026-05,US,SMB,Desktop,Wallet,2318,2229,114815.92,46,4,2096.88,110370.43,0.9616048317515099,0.02063705697622252,0.001794526693584567
2026-05,US,SMB,Mobile,BNPL,1313,1218,64179.22,33,4,1146.8,60358.27,0.9276466108149276,0.027093596059113302,0.003284072249589491
2026-05,US,SMB,Mobile,Bank debit,2246,2095,114138.85,37,8,2023.02,106478.87,0.9327693677649154,0.01766109785202864,0.0038186157517899762
2026-05,US,SMB,Mobile,Card,13397,12511,669917.26,182,90,11880.88,625290.04,0.9338657908486975,0.014547198465350492,0.007193669570777716
2026-05,US,SMB,Mobile,Wallet,4328,4118,210616.8,55,14,3810.15,200528.52,0.9514787430683919,0.013355998057309373,0.003399708596406022
2026-06,AU,Enterprise,Desktop,BNPL,46,44,3934.75,0,0,71.64,3770.31,0.9565217391304348,0.0,0.0
2026-06,AU,Enterprise,Desktop,Bank debit,77,72,7390.1,0,0,131.6,6927.81,0.935064935064935,0.0,0.0
2026-06,AU,Enterprise,Desktop,Card,447,414,49220.11,5,2,879.07,46260.01,0.9261744966442953,0.012077294685990338,0.004830917874396135
2026-06,AU,Enterprise,Desktop,Wallet,162,154,17182.25,3,1,316.93,16681.78,0.9506172839506173,0.01948051948051948,0.006493506493506494
2026-06,AU,Enterprise,Mobile,BNPL,78,70,8060.12,1,0,134.92,7100.79,0.8974358974358975,0.014285714285714285,0.0
2026-06,AU,Enterprise,Mobile,Bank debit,139,126,14335.63,4,1,244.21,12855.03,0.9064748201438849,0.031746031746031744,0.007936507936507936
2026-06,AU,Enterprise,Mobile,Card,821,773,90763.45,14,6,1626.58,85606.53,0.9415347137637028,0.018111254851228976,0.007761966364812419
2026-06,AU,Enterprise,Mobile,Wallet,286,270,31641.97,4,0,565.01,29732.19,0.9440559440559441,0.014814814814814815,0.0
2026-06,AU,Mid-market,Desktop,BNPL,104,97,7585.16,4,0,130.4,6861.33,0.9326923076923077,0.041237113402061855,0.0
2026-06,AU,Mid-market,Desktop,Bank debit,166,148,11054.44,3,0,188.16,9907.0,0.891566265060241,0.02027027027027027,0.0
2026-06,AU,Mid-market,Desktop,Card,1061,994,72997.5,15,3,1306.17,68755.66,0.9368520263901979,0.015090543259557344,0.0030181086519114686
2026-06,AU,Mid-market,Desktop,Wallet,313,296,23784.51,8,1,423.09,22269.09,0.9456869009584664,0.02702702702702703,0.0033783783783783786
2026-06,AU,Mid-market,Mobile,BNPL,175,162,15058.33,2,1,272.16,14323.38,0.9257142857142857,0.012345679012345678,0.006172839506172839
2026-06,AU,Mid-market,Mobile,Bank debit,334,321,26729.73,3,1,498.48,26237.36,0.9610778443113772,0.009345794392523364,0.003115264797507788
2026-06,AU,Mid-market,Mobile,Card,1824,1695,125484.51,27,15,2190.81,115292.97,0.9292763157894737,0.01592920353982301,0.008849557522123894
2026-06,AU,Mid-market,Mobile,Wallet,595,557,42823.55,5,2,757.66,39881.82,0.9361344537815126,0.008976660682226212,0.003590664272890485
2026-06,AU,SMB,Desktop,BNPL,168,150,8276.68,7,0,141.47,7447.46,0.8928571428571429,0.04666666666666667,0.0
2026-06,AU,SMB,Desktop,Bank debit,337,311,17513.07,9,0,310.65,16346.42,0.9228486646884273,0.028938906752411574,0.0
2026-06,AU,SMB,Desktop,Card,1883,1775,93617.31,26,13,1674.67,88139.57,0.9426447158789166,0.014647887323943662,0.007323943661971831
2026-06,AU,SMB,Desktop,Wallet,612,582,29743.59,6,2,540.21,28428.8,0.9509803921568627,0.010309278350515464,0.003436426116838488
2026-06,AU,SMB,Mobile,BNPL,317,288,15145.23,2,2,266.56,14031.7,0.9085173501577287,0.006944444444444444,0.006944444444444444
2026-06,AU,SMB,Mobile,Bank debit,590,554,27901.35,8,0,502.57,26448.85,0.9389830508474576,0.01444043321299639,0.0
2026-06,AU,SMB,Mobile,Card,3347,3141,168840.26,41,30,3030.88,159512.03,0.9384523453839259,0.013053167780961477,0.009551098376313277
2026-06,AU,SMB,Mobile,Wallet,1060,1004,56364.23,17,2,1026.19,54009.62,0.9471698113207547,0.01693227091633466,0.00199203187250996
2026-06,CA,Enterprise,Desktop,BNPL,53,46,6579.05,1,0,101.52,5342.38,0.8679245283018868,0.021739130434782608,0.0
2026-06,CA,Enterprise,Desktop,Bank debit,102,95,9843.36,0,0,171.16,9010.03,0.9313725490196079,0.0,0.0
2026-06,CA,Enterprise,Desktop,Card,655,620,69048.37,8,5,1254.09,66007.02,0.9465648854961832,0.012903225806451613,0.008064516129032258
2026-06,CA,Enterprise,Desktop,Wallet,201,189,24839.52,5,2,448.29,23594.72,0.9402985074626866,0.026455026455026454,0.010582010582010581
2026-06,CA,Enterprise,Mobile,BNPL,115,103,16706.0,0,0,284.67,14983.2,0.8956521739130435,0.0,0.0
2026-06,CA,Enterprise,Mobile,Bank debit,184,170,20431.71,4,0,360.75,18986.53,0.9239130434782609,0.023529411764705882,0.0
2026-06,CA,Enterprise,Mobile,Card,1179,1113,132775.05,21,5,2407.22,126695.4,0.9440203562340967,0.018867924528301886,0.004492362982929021
2026-06,CA,Enterprise,Mobile,Wallet,413,396,39473.23,7,1,718.63,37823.24,0.9588377723970944,0.017676767676767676,0.0025252525252525255
2026-06,CA,Mid-market,Desktop,BNPL,111,96,8203.73,2,0,136.31,7173.54,0.8648648648648649,0.020833333333333332,0.0
2026-06,CA,Mid-market,Desktop,Bank debit,221,214,16737.45,4,1,312.21999999999997,16429.99,0.9683257918552036,0.018691588785046728,0.004672897196261682
2026-06,CA,Mid-market,Desktop,Card,1346,1273,96214.43,21,12,1722.9,90678.72,0.9457652303120356,0.016496465043205028,0.009426551453260016
2026-06,CA,Mid-market,Desktop,Wallet,430,410,30734.24,7,1,562.52,29602.96,0.9534883720930233,0.01707317073170732,0.0024390243902439024
2026-06,CA,Mid-market,Mobile,BNPL,230,216,16516.24,8,0,291.42,15336.06,0.9391304347826087,0.037037037037037035,0.0
2026-06,CA,Mid-market,Mobile,Bank debit,402,375,30299.74,5,0,535.36,28174.6,0.9328358208955224,0.013333333333333334,0.0
2026-06,CA,Mid-market,Mobile,Card,2328,2174,165041.4,42,17,2963.27,155968.86,0.9338487972508591,0.019319227230910764,0.0078196872125115
2026-06,CA,Mid-market,Mobile,Wallet,781,743,57881.91,10,1,1037.03,54582.58,0.9513444302176697,0.013458950201884253,0.0013458950201884253
2026-06,CA,SMB,Desktop,BNPL,231,212,12658.08,2,0,224.4,11810.19,0.9177489177489178,0.009433962264150943,0.0
2026-06,CA,SMB,Desktop,Bank debit,436,407,21895.25,7,3,377.66,19881.09,0.9334862385321101,0.0171990171990172,0.007371007371007371
2026-06,CA,SMB,Desktop,Card,2440,2307,125486.24,32,15,2265.26,119221.24,0.9454918032786885,0.013870827915041179,0.006501950585175552
2026-06,CA,SMB,Desktop,Wallet,775,748,40785.02,14,1,748.46,39387.17,0.9651612903225807,0.01871657754010695,0.001336898395721925
2026-06,CA,SMB,Mobile,BNPL,421,374,22395.9,5,0,386.76,20359.12,0.8883610451306413,0.013368983957219251,0.0
2026-06,CA,SMB,Mobile,Bank debit,781,725,37837.28,14,4,673.09,35428.56,0.9282970550576184,0.019310344827586208,0.005517241379310344
2026-06,CA,SMB,Mobile,Card,4476,3832,226955.15,65,24,3702.17,194861.67,0.8561215370866846,0.01696242171189979,0.006263048016701462
2026-06,CA,SMB,Mobile,Wallet,1479,1421,73770.73,27,8,1344.8,70776.38,0.9607843137254902,0.019000703729767768,0.005629838142153413
2026-06,DE,Enterprise,Desktop,BNPL,48,47,4179.1,2,0,78.83,4150.74,0.9791666666666666,0.0425531914893617,0.0
2026-06,DE,Enterprise,Desktop,Bank debit,91,86,7800.3,1,1,144.01,7578.95,0.945054945054945,0.011627906976744186,0.011627906976744186
2026-06,DE,Enterprise,Desktop,Card,473,449,51438.17,11,2,925.16,48694.840000000004,0.9492600422832981,0.024498886414253896,0.004454342984409799
2026-06,DE,Enterprise,Desktop,Wallet,158,151,14127.64,7,1,252.55,13292.4,0.9556962025316456,0.046357615894039736,0.006622516556291391
2026-06,DE,Enterprise,Mobile,BNPL,77,70,8793.52,2,0,140.83,7413.49,0.9090909090909091,0.02857142857142857,0.0
2026-06,DE,Enterprise,Mobile,Bank debit,125,113,13013.66,2,0,217.52,11447.62,0.904,0.017699115044247787,0.0
2026-06,DE,Enterprise,Mobile,Card,843,781,99247.54,11,8,1751.4,92187.63,0.9264531435349941,0.014084507042253521,0.010243277848911651
2026-06,DE,Enterprise,Mobile,Wallet,255,242,25178.03,6,0,446.73,23511.18,0.9490196078431372,0.024793388429752067,0.0
2026-06,DE,Mid-market,Desktop,BNPL,88,78,7244.76,4,0,121.06,6373.93,0.8863636363636364,0.05128205128205128,0.0
2026-06,DE,Mid-market,Desktop,Bank debit,167,153,12571.49,3,2,216.25,11379.2,0.9161676646706587,0.0196078431372549,0.013071895424836602
2026-06,DE,Mid-market,Desktop,Card,1032,982,75915.17,17,5,1370.09,72110.75,0.9515503875968992,0.017311608961303463,0.0050916496945010185
2026-06,DE,Mid-market,Desktop,Wallet,335,321,23695.52,6,0,437.45,23023.51,0.9582089552238806,0.018691588785046728,0.0
2026-06,DE,Mid-market,Mobile,BNPL,149,130,12156.71,1,1,211.86,11153.56,0.87248322147651,0.007692307692307693,0.007692307692307693
2026-06,DE,Mid-market,Mobile,Bank debit,323,298,22281.01,6,0,399.4,21018.26,0.9226006191950464,0.020134228187919462,0.0
2026-06,DE,Mid-market,Mobile,Card,1806,1688,130045.81999999999,30,8,2289.56,120514.02,0.9346622369878184,0.017772511848341232,0.004739336492890996
2026-06,DE,Mid-market,Mobile,Wallet,542,515,39861.2,3,0,718.59,37814.77,0.9501845018450185,0.005825242718446602,0.0
2026-06,DE,SMB,Desktop,BNPL,170,157,8031.84,2,0,140.49,7396.14,0.9235294117647059,0.012738853503184714,0.0
2026-06,DE,SMB,Desktop,Bank debit,329,299,15212.89,6,0,257.14,13536.16,0.9088145896656535,0.020066889632107024,0.0
2026-06,DE,SMB,Desktop,Card,1822,1709,89437.88,32,6,1593.1,83850.7,0.937980241492865,0.018724400234055003,0.003510825043885313
2026-06,DE,SMB,Desktop,Wallet,576,540,26385.28,10,4,470.6,24772.46,0.9375,0.018518518518518517,0.007407407407407408
2026-06,DE,SMB,Mobile,BNPL,320,291,15868.53,8,0,275.94,14521.92,0.909375,0.027491408934707903,0.0
2026-06,DE,SMB,Mobile,Bank debit,523,476,27503.13,8,0,476.81,25093.43,0.9101338432122371,0.01680672268907563,0.0
2026-06,DE,SMB,Mobile,Card,3281,3055,158763.87,57,15,2784.47,146557.12,0.931118561414203,0.018657937806873977,0.004909983633387889
2026-06,DE,SMB,Mobile,Wallet,1098,1028,55532.27,14,1,990.76,52140.56,0.936247723132969,0.013618677042801557,0.0009727626459143969
2026-06,GB,Enterprise,Desktop,BNPL,45,44,4345.55,1,0,76.91,4049.93,0.9777777777777777,0.022727272727272728,0.0
2026-06,GB,Enterprise,Desktop,Bank debit,96,87,9394.11,0,0,156.8,8255.25,0.90625,0.0,0.0
2026-06,GB,Enterprise,Desktop,Card,573,532,57478.47,6,5,1011.36,53237.5,0.9284467713787086,0.011278195488721804,0.009398496240601503
2026-06,GB,Enterprise,Desktop,Wallet,151,140,14656.96,3,0,258.41,13600.619999999999,0.9271523178807947,0.02142857142857143,0.0
2026-06,GB,Enterprise,Mobile,BNPL,97,85,10957.33,1,0,184.35,9701.56,0.8762886597938144,0.011764705882352941,0.0
2026-06,GB,Enterprise,Mobile,Bank debit,167,154,17219.21,2,0,300.57,15822.16,0.9221556886227545,0.012987012987012988,0.0
2026-06,GB,Enterprise,Mobile,Card,1046,981,118645.82,16,4,2093.53,110185.61,0.9378585086042065,0.0163098878695209,0.004077471967380225
2026-06,GB,Enterprise,Mobile,Wallet,324,305,32526.44,9,1,578.12,30429.74,0.941358024691358,0.029508196721311476,0.003278688524590164
2026-06,GB,Mid-market,Desktop,BNPL,121,111,10014.47,3,1,177.79,9358.960000000001,0.9173553719008265,0.02702702702702703,0.009009009009009009
2026-06,GB,Mid-market,Desktop,Bank debit,219,198,15729.46,1,0,260.98,13733.46,0.9041095890410958,0.005050505050505051,0.0
2026-06,GB,Mid-market,Desktop,Card,1166,1114,84274.17,18,9,1530.3,80536.92,0.9554030874785592,0.01615798922800718,0.00807899461400359
2026-06,GB,Mid-market,Desktop,Wallet,360,349,24434.85,4,0,451.46999999999997,23758.68,0.9694444444444444,0.011461318051575931,0.0
2026-06,GB,Mid-market,Mobile,BNPL,194,178,13653.86,2,1,230.5,12131.6,0.9175257731958762,0.011235955056179775,0.0056179775280898875
2026-06,GB,Mid-market,Mobile,Bank debit,335,317,26124.99,9,0,476.76,25094.74,0.9462686567164179,0.028391167192429023,0.0
2026-06,GB,Mid-market,Mobile,Card,2013,1890,145324.58,30,5,2595.9,136632.29,0.9388971684053651,0.015873015873015872,0.0026455026455026454
2026-06,GB,Mid-market,Mobile,Wallet,667,640,48904.67,8,1,896.62,47187.72,0.95952023988006,0.0125,0.0015625
2026-06,GB,SMB,Desktop,BNPL,209,190,9943.25,3,0,171.72,9036.82,0.9090909090909091,0.015789473684210527,0.0
2026-06,GB,SMB,Desktop,Bank debit,419,391,20938.95,5,2,370.98,19522.29,0.9331742243436754,0.01278772378516624,0.005115089514066497
2026-06,GB,SMB,Desktop,Card,2244,2127,113892.41,29,12,2050.78,107923.42,0.9478609625668449,0.013634226610249177,0.005641748942172073
2026-06,GB,SMB,Desktop,Wallet,739,713,40601.28,15,1,745.15,39212.52,0.9648173207036536,0.021037868162692847,0.001402524544179523
2026-06,GB,SMB,Mobile,BNPL,388,354,18296.32,10,0,311.86,16413.73,0.9123711340206185,0.02824858757062147,0.0
2026-06,GB,SMB,Mobile,Bank debit,688,637,31845.170000000002,9,2,541.71,28510.41,0.9258720930232558,0.0141287284144427,0.0031397174254317113
2026-06,GB,SMB,Mobile,Card,3889,3341,196281.18,52,18,3212.62,169078.45,0.8590897402931345,0.01556420233463035,0.005387608500448967
2026-06,GB,SMB,Mobile,Wallet,1248,1196,62992.6,19,2,1154.96,60786.51,0.9583333333333334,0.01588628762541806,0.0016722408026755853
2026-06,US,Enterprise,Desktop,BNPL,193,181,19724.61,2,0,347.59,18297.24,0.9378238341968912,0.011049723756906077,0.0
2026-06,US,Enterprise,Desktop,Bank debit,290,262,32810.65,8,1,525.93,27680.16,0.903448275862069,0.030534351145038167,0.003816793893129771
2026-06,US,Enterprise,Desktop,Card,1752,1639,199461.7,21,7,3522.86,185408.51,0.9355022831050228,0.012812690665039659,0.004270896888346553
2026-06,US,Enterprise,Desktop,Wallet,558,542,64257.64,6,3,1189.76,62616.29,0.9713261648745519,0.01107011070110701,0.005535055350553505
2026-06,US,Enterprise,Mobile,BNPL,324,292,35530.37,6,0,619.74,32613.53,0.9012345679012346,0.02054794520547945,0.0
2026-06,US,Enterprise,Mobile,Bank debit,545,495,60567.78,5,3,1043.94,54944.5,0.908256880733945,0.010101010101010102,0.006060606060606061
2026-06,US,Enterprise,Mobile,Card,3217,3011,335453.43,40,20,5981.38,314804.72,0.935965184954927,0.01328462304882099,0.006642311524410495
2026-06,US,Enterprise,Mobile,Wallet,1026,988,111823.77,24,3,2045.36,107652.48,0.9629629629629629,0.024291497975708502,0.003036437246963563
2026-06,US,Mid-market,Desktop,BNPL,387,356,28609.69,13,0,495.73,26099.87,0.9198966408268734,0.03651685393258427,0.0
2026-06,US,Mid-market,Desktop,Bank debit,616,578,41669.73,7,1,752.33,39597.82,0.9383116883116883,0.012110726643598616,0.0017301038062283738
2026-06,US,Mid-market,Desktop,Card,3898,3693,286940.04,59,30,5176.62,272450.58,0.9474089276552078,0.015976171134578932,0.008123476848090982
2026-06,US,Mid-market,Desktop,Wallet,1192,1143,90130.96,17,2,1633.82,85987.18,0.9588926174496645,0.014873140857392825,0.0017497812773403325
2026-06,US,Mid-market,Mobile,BNPL,674,615,47993.59,11,3,849.53,44706.71,0.9124629080118695,0.01788617886178862,0.004878048780487805
2026-06,US,Mid-market,Mobile,Bank debit,1211,1122,83565.6,12,1,1473.53,77549.19,0.9265070189925682,0.0106951871657754,0.00089126559714795
2026-06,US,Mid-market,Mobile,Card,6827,6398,491118.75,105,49,8729.01,459408.68,0.9371612714222939,0.016411378555798686,0.007658643326039387
2026-06,US,Mid-market,Mobile,Wallet,2152,2042,154095.46,28,2,2787.21,146701.73,0.9488847583643123,0.013712047012732615,0.0009794319294809011
2026-06,US,SMB,Desktop,BNPL,709,665,34811.65,16,1,620.06,32625.88,0.9379407616361072,0.02406015037593985,0.0015037593984962407
2026-06,US,SMB,Desktop,Bank debit,1275,1185,61134.43,18,4,1062.35,55906.04,0.9294117647058824,0.015189873417721518,0.0033755274261603376
2026-06,US,SMB,Desktop,Card,7204,6785,356401.82,103,52,6421.64,337978.66,0.9418378678511938,0.01518054532056006,0.007663964627855564
2026-06,US,SMB,Desktop,Wallet,2289,2179,111923.76,36,4,2038.24,107278.36,0.9519440803844473,0.016521340064249657,0.0018357044515832951
2026-06,US,SMB,Mobile,BNPL,1238,1142,62697.47,26,5,1108.29,58324.87,0.9224555735056543,0.02276707530647986,0.0043782837127845885
2026-06,US,SMB,Mobile,Bank debit,2168,1995,108393.82,29,8,1882.48,99073.28,0.9202029520295203,0.014536340852130326,0.0040100250626566416
2026-06,US,SMB,Mobile,Card,12919,12138,640715.31,201,89,11420.95,601098.75,0.9395464045204737,0.016559565002471577,0.007332344702586917
2026-06,US,SMB,Mobile,Wallet,4113,3916,206604.84,73,12,3727.96,196219.62,0.9521030877704838,0.0186414708886619,0.0030643513789581204
2026-07,AU,Enterprise,Desktop,BNPL,51,48,6965.61,0,0,124.56,6556.37,0.9411764705882353,0.0,0.0
2026-07,AU,Enterprise,Desktop,Bank debit,96,89,10963.91,1,0,189.76,9988.43,0.9270833333333334,0.011235955056179775,0.0
2026-07,AU,Enterprise,Desktop,Card,492,473,52695.23,6,4,964.06,50741.15,0.9613821138211383,0.012684989429175475,0.008456659619450317
2026-07,AU,Enterprise,Desktop,Wallet,153,145,17936.84,2,0,327.58,17241.84,0.9477124183006536,0.013793103448275862,0.0
2026-07,AU,Enterprise,Mobile,BNPL,87,82,8309.52,3,0,147.67,7770.92,0.9425287356321839,0.036585365853658534,0.0
2026-07,AU,Enterprise,Mobile,Bank debit,163,154,14495.55,4,0,265.79,13990.73,0.9447852760736196,0.025974025974025976,0.0
2026-07,AU,Enterprise,Mobile,Card,856,788,89095.61,8,3,1546.99,81423.72,0.9205607476635514,0.01015228426395939,0.0038071065989847717
2026-07,AU,Enterprise,Mobile,Wallet,278,265,34373.89,3,0,623.92,32836.93,0.9532374100719424,0.011320754716981131,0.0
2026-07,AU,Mid-market,Desktop,BNPL,105,95,6147.2699999999995,3,1,100.8,5303.86,0.9047619047619048,0.031578947368421054,0.010526315789473684
2026-07,AU,Mid-market,Desktop,Bank debit,184,176,13370.46,3,2,246.32999999999998,12963.47,0.9565217391304348,0.017045454545454544,0.011363636363636364
2026-07,AU,Mid-market,Desktop,Card,1015,946,73144.44,13,9,1303.52,68608.1,0.9320197044334976,0.013742071881606765,0.009513742071881607
2026-07,AU,Mid-market,Desktop,Wallet,309,296,23982.11,4,1,435.94,22943.97,0.9579288025889967,0.013513513513513514,0.0033783783783783786
2026-07,AU,Mid-market,Mobile,BNPL,160,153,12774.86,2,0,233.5,12289.13,0.95625,0.013071895424836602,0.0
2026-07,AU,Mid-market,Mobile,Bank debit,307,280,21413.44,2,1,371.96,19579.31,0.9120521172638436,0.007142857142857143,0.0035714285714285713
2026-07,AU,Mid-market,Mobile,Card,1762,1662,138440.42,24,10,2480.82,130551.28,0.9432463110102156,0.01444043321299639,0.006016847172081829
2026-07,AU,Mid-market,Mobile,Wallet,608,583,44222.46,12,2,807.99,42524.28,0.9588815789473685,0.02058319039451115,0.003430531732418525
2026-07,AU,SMB,Desktop,BNPL,192,176,9727.92,2,0,175.56,9240.69,0.9166666666666666,0.011363636363636364,0.0
2026-07,AU,SMB,Desktop,Bank debit,363,338,17900.19,10,0,319.99,16841.24,0.931129476584022,0.029585798816568046,0.0
2026-07,AU,SMB,Desktop,Card,1921,1806,95342.58,34,16,1706.01,89798.03,0.9401353461738677,0.018826135105204873,0.008859357696566999
2026-07,AU,SMB,Desktop,Wallet,648,619,32169.43,15,2,588.6,30978.98,0.9552469135802469,0.024232633279483037,0.0032310177705977385
2026-07,AU,SMB,Mobile,BNPL,350,317,17234.67,10,0,287.23,15116.89,0.9057142857142857,0.031545741324921134,0.0
2026-07,AU,SMB,Mobile,Bank debit,616,560,31344.03,8,2,547.21,28797.88,0.9090909090909091,0.014285714285714285,0.0035714285714285713
2026-07,AU,SMB,Mobile,Card,3399,3167,166074.9,56,25,2934.87,154469.4,0.931744630773757,0.01768234922639722,0.007893905904641616
2026-07,AU,SMB,Mobile,Wallet,1037,984,54499.63,13,2,976.04,51377.04,0.9488910318225651,0.013211382113821139,0.0020325203252032522
2026-07,CA,Enterprise,Desktop,BNPL,61,52,8495.52,1,1,121.16,6375.84,0.8524590163934426,0.019230769230769232,0.019230769230769232
2026-07,CA,Enterprise,Desktop,Bank debit,112,100,9362.67,2,0,157.02,8261.99,0.8928571428571429,0.02,0.0
2026-07,CA,Enterprise,Desktop,Card,646,609,74496.63,14,2,1347.94,70946.79,0.9427244582043344,0.022988505747126436,0.003284072249589491
2026-07,CA,Enterprise,Desktop,Wallet,206,197,20527.93,3,0,360.7,18980.62,0.9563106796116505,0.015228426395939087,0.0
2026-07,CA,Enterprise,Mobile,BNPL,88,78,8376.97,1,0,138.35,7282.36,0.8863636363636364,0.01282051282051282,0.0
2026-07,CA,Enterprise,Mobile,Bank debit,181,171,20510.44,1,0,362.18,19062.01,0.9447513812154696,0.005847953216374269,0.0
2026-07,CA,Enterprise,Mobile,Card,1145,1071,124777.04,19,5,2238.37,117802.71,0.9353711790393013,0.017740429505135387,0.004668534080298786
2026-07,CA,Enterprise,Mobile,Wallet,369,352,39901.61,7,0,732.75,38572.81,0.9539295392953929,0.019886363636363636,0.0
2026-07,CA,Mid-market,Desktop,BNPL,135,122,8804.64,4,0,151.83,7990.62,0.9037037037037037,0.03278688524590164,0.0
2026-07,CA,Mid-market,Desktop,Bank debit,240,226,18455.92,7,0,333.21,17535.9,0.9416666666666667,0.030973451327433628,0.0
2026-07,CA,Mid-market,Desktop,Card,1296,1217,95462.75,15,6,1705.08,89743.21,0.9390432098765432,0.012325390304026294,0.0049301561216105174
2026-07,CA,Mid-market,Desktop,Wallet,467,443,34548.5,6,2,625.5,32926.01,0.9486081370449678,0.013544018058690745,0.004514672686230248
2026-07,CA,Mid-market,Mobile,BNPL,261,246,17077.91,4,0,307.39,16172.48,0.9425287356321839,0.016260162601626018,0.0
2026-07,CA,Mid-market,Mobile,Bank debit,435,406,32040.62,4,0,576.19,30332.53,0.9333333333333333,0.009852216748768473,0.0
2026-07,CA,Mid-market,Mobile,Card,2442,2262,174486.29,33,12,3013.35,158590.71,0.9262899262899262,0.014588859416445624,0.005305039787798408
2026-07,CA,Mid-market,Mobile,Wallet,806,775,59109.22,10,4,1077.14,56687.77,0.9615384615384616,0.012903225806451613,0.005161290322580645
2026-07,CA,SMB,Desktop,BNPL,241,214,12283.18,5,0,207.41,10917.88,0.8879668049792531,0.02336448598130841,0.0
2026-07,CA,SMB,Desktop,Bank debit,417,388,20912.77,5,0,364.39,19177.32,0.9304556354916067,0.01288659793814433,0.0
2026-07,CA,SMB,Desktop,Card,2639,2496,129383.64,41,17,2345.98,123470.03,0.9458128078817734,0.016426282051282052,0.006810897435897436
2026-07,CA,SMB,Desktop,Wallet,821,787,41148.12,13,1,738.09,38846.76,0.9585870889159561,0.016518424396442185,0.0012706480304955528
2026-07,CA,SMB,Mobile,BNPL,436,392,22252.79,9,0,387.53000000000003,20394.29,0.8990825688073395,0.02295918367346939,0.0
2026-07,CA,SMB,Mobile,Bank debit,821,758,40733.65,11,1,707.89,37255.26,0.9232643118148599,0.014511873350923483,0.0013192612137203166
2026-07,CA,SMB,Mobile,Card,4694,4070,235785.45,63,32,3882.61,204361.69,0.8670643374520665,0.01547911547911548,0.007862407862407862
2026-07,CA,SMB,Mobile,Wallet,1438,1368,71437.92,18,4,1301.39,68495.33,0.9513212795549374,0.013157894736842105,0.0029239766081871343
2026-07,DE,Enterprise,Desktop,BNPL,49,45,5339.79,1,0,93.64,4928.14,0.9183673469387755,0.022222222222222223,0.0
2026-07,DE,Enterprise,Desktop,Bank debit,91,87,7648.87,2,1,140.69,7400.71,0.9560439560439561,0.022988505747126436,0.011494252873563218
2026-07,DE,Enterprise,Desktop,Card,499,465,54204.62,8,3,967.59,50922.24,0.9318637274549099,0.017204301075268817,0.0064516129032258064
2026-07,DE,Enterprise,Desktop,Wallet,136,130,17027.76,1,1,314.92,16573.28,0.9558823529411765,0.007692307692307693,0.007692307692307693
2026-07,DE,Enterprise,Mobile,BNPL,82,76,9030.23,1,2,162.17,8535.02,0.926829268292683,0.013157894736842105,0.02631578947368421
2026-07,DE,Enterprise,Mobile,Bank debit,158,135,18421.33,1,1,303.69,15982.45,0.8544303797468354,0.007407407407407408,0.007407407407407408
2026-07,DE,Enterprise,Mobile,Card,890,843,100423.83,14,8,1820.55,95816.62,0.9471910112359551,0.0166073546856465,0.009489916963226572
2026-07,DE,Enterprise,Mobile,Wallet,274,259,29221.55,4,0,522.64,27512.32,0.9452554744525548,0.015444015444015444,0.0
2026-07,DE,Mid-market,Desktop,BNPL,110,97,7008.03,3,0,121.23,6382.37,0.8818181818181818,0.030927835051546393,0.0
2026-07,DE,Mid-market,Desktop,Bank debit,183,165,12338.4,0,0,214.42,11286.98,0.9016393442622951,0.0,0.0
2026-07,DE,Mid-market,Desktop,Card,1033,969,74941.11,11,8,1344.42,70750.42,0.9380445304937076,0.011351909184726523,0.008255933952528379
2026-07,DE,Mid-market,Desktop,Wallet,360,350,25505.67,3,0,474.09,24949.09,0.9722222222222222,0.008571428571428572,0.0
2026-07,DE,Mid-market,Mobile,BNPL,159,139,10810.05,1,2,178.62,9402.19,0.8742138364779874,0.007194244604316547,0.014388489208633094
2026-07,DE,Mid-market,Mobile,Bank debit,326,300,22132.3,4,0,383.3,20172.47,0.9202453987730062,0.013333333333333334,0.0
2026-07,DE,Mid-market,Mobile,Card,1882,1775,134630.25,35,10,2393.13,125952.67,0.9431455897980872,0.01971830985915493,0.005633802816901409
2026-07,DE,Mid-market,Mobile,Wallet,581,540,42188.97,13,0,751.58,39548.24,0.9294320137693631,0.024074074074074074,0.0
2026-07,DE,SMB,Desktop,BNPL,176,164,8319.61,4,0,148.54,7816.64,0.9318181818181818,0.024390243902439025,0.0
2026-07,DE,SMB,Desktop,Bank debit,330,316,18386.99,9,0,338.17,17797.57,0.9575757575757575,0.028481012658227847,0.0
2026-07,DE,SMB,Desktop,Card,1926,1802,97030.44,32,7,1705.71,89775.76,0.9356178608515057,0.017758046614872364,0.00388457269700333
2026-07,DE,SMB,Desktop,Wallet,642,609,35472.18,13,0,644.2,33900.39,0.9485981308411215,0.021346469622331693,0.0
2026-07,DE,SMB,Mobile,BNPL,361,329,16879.75,7,1,291.08,15321.98,0.9113573407202216,0.02127659574468085,0.00303951367781155
2026-07,DE,SMB,Mobile,Bank debit,622,566,28498.22,4,0,488.87,25730.16,0.909967845659164,0.007067137809187279,0.0
2026-07,DE,SMB,Mobile,Card,3373,3152,171136.45,45,24,3041.84,160086.55,0.9344796916691372,0.014276649746192893,0.007614213197969543
2026-07,DE,SMB,Mobile,Wallet,1100,1047,54880.86,13,1,993.25,52269.01,0.9518181818181818,0.012416427889207259,0.0009551098376313276
2026-07,GB,Enterprise,Desktop,BNPL,57,50,7523.77,2,0,127.31,6701.389999999999,0.8771929824561403,0.04,0.0
2026-07,GB,Enterprise,Desktop,Bank debit,89,83,8973.96,0,0,160.84,8467.06,0.9325842696629213,0.0,0.0
2026-07,GB,Enterprise,Desktop,Card,555,516,66389.08,7,4,1175.31,61856.95,0.9297297297297298,0.013565891472868217,0.007751937984496124
2026-07,GB,Enterprise,Desktop,Wallet,194,185,19615.43,2,0,356.66,18774.72,0.9536082474226805,0.010810810810810811,0.0
2026-07,GB,Enterprise,Mobile,BNPL,105,98,10916.19,5,1,189.5,9975.45,0.9333333333333333,0.05102040816326531,0.01020408163265306
2026-07,GB,Enterprise,Mobile,Bank debit,170,156,17096.43,1,0,298.69,15724.23,0.9176470588235294,0.00641025641025641,0.0
2026-07,GB,Enterprise,Mobile,Card,1015,948,106897.13,18,6,1907.61,100405.44,0.9339901477832512,0.0189873417721519,0.006329113924050633
2026-07,GB,Enterprise,Mobile,Wallet,329,305,34489.62,6,2,617.34,32493.97,0.9270516717325228,0.019672131147540985,0.006557377049180328
2026-07,GB,Mid-market,Desktop,BNPL,102,96,7606.83,1,0,134.4,7072.87,0.9411764705882353,0.010416666666666666,0.0
2026-07,GB,Mid-market,Desktop,Bank debit,204,189,14762.42,4,1,254.74,13408.23,0.9264705882352942,0.021164021164021163,0.005291005291005291
2026-07,GB,Mid-market,Desktop,Card,1225,1149,90737.6,21,8,1598.29,84115.19,0.9379591836734694,0.018276762402088774,0.006962576153176675
2026-07,GB,Mid-market,Desktop,Wallet,369,357,25732.25,4,1,468.58,24667.3,0.967479674796748,0.011204481792717087,0.0028011204481792717
2026-07,GB,Mid-market,Mobile,BNPL,195,170,14960.75,6,1,244.89,12886.88,0.8717948717948718,0.03529411764705882,0.0058823529411764705
2026-07,GB,Mid-market,Mobile,Bank debit,368,341,24725.21,3,0,435.99,22947.27,0.9266304347826086,0.008797653958944282,0.0
2026-07,GB,Mid-market,Mobile,Card,2186,2020,156390.43,32,13,2726.06,143478.32,0.9240622140896615,0.015841584158415842,0.006435643564356435
2026-07,GB,Mid-market,Mobile,Wallet,704,665,48303.63,5,1,865.4,45546.42,0.9446022727272727,0.007518796992481203,0.0015037593984962407
2026-07,GB,SMB,Desktop,BNPL,231,215,12075.78,5,0,214.45,11288.16,0.9307359307359307,0.023255813953488372,0.0
2026-07,GB,SMB,Desktop,Bank debit,435,402,22296.83,4,1,375.77,19779.12,0.9241379310344827,0.009950248756218905,0.0024875621890547263
2026-07,GB,SMB,Desktop,Card,2338,2204,117534.44,36,8,2098.34,110440.95,0.9426860564585116,0.016333938294010888,0.003629764065335753
2026-07,GB,SMB,Desktop,Wallet,686,661,33647.58,17,1,620.36,32651.829999999998,0.9635568513119533,0.025718608169440244,0.0015128593040847202
2026-07,GB,SMB,Mobile,BNPL,417,387,18539.67,16,0,330.42,17385.24,0.9280575539568345,0.041343669250646,0.0
2026-07,GB,SMB,Mobile,Bank debit,732,676,37176.14,11,5,648.24,34117.86,0.9234972677595629,0.016272189349112426,0.0073964497041420114
2026-07,GB,SMB,Mobile,Card,4043,3479,209197.31,52,27,3453.14,181748.66,0.860499628988375,0.014946823799942513,0.0077608508192009195
2026-07,GB,SMB,Mobile,Wallet,1264,1204,64666.29,11,2,1173.58,61771.46,0.9525316455696202,0.009136212624584718,0.0016611295681063123
2026-07,US,Enterprise,Desktop,BNPL,177,158,19335.22,3,0,328.4,17283.78,0.8926553672316384,0.0189873417721519,0.0
2026-07,US,Enterprise,Desktop,Bank debit,302,276,32050.91,3,0,563.12,29639.42,0.9139072847682119,0.010869565217391304,0.0
2026-07,US,Enterprise,Desktop,Card,1889,1787,203367.38,21,12,3641.46,191653.18,0.946003176283748,0.011751538891997761,0.006715165081141578
2026-07,US,Enterprise,Desktop,Wallet,637,610,70246.6,13,1,1284.21,67592.99,0.957613814756672,0.021311475409836064,0.001639344262295082
2026-07,US,Enterprise,Mobile,BNPL,309,281,35953.87,7,0,631.04,33214.2,0.9093851132686084,0.02491103202846975,0.0
2026-07,US,Enterprise,Mobile,Bank debit,557,508,64436.32,3,1,1091.89,57467.54,0.9120287253141831,0.005905511811023622,0.001968503937007874
2026-07,US,Enterprise,Mobile,Card,3380,3160,372662.52,58,31,6616.44,348221.82,0.9349112426035503,0.018354430379746836,0.009810126582278481
2026-07,US,Enterprise,Mobile,Wallet,1025,968,120038.99,19,1,2141.93,112734.36,0.944390243902439,0.01962809917355372,0.0010330578512396695
2026-07,US,Mid-market,Desktop,BNPL,406,370,31208.94,9,1,531.78,27989.87,0.9113300492610837,0.024324324324324326,0.002702702702702703
2026-07,US,Mid-market,Desktop,Bank debit,690,641,48292.81,9,1,853.95,44949.67,0.9289855072463769,0.014040561622464899,0.0015600624024961
2026-07,US,Mid-market,Desktop,Card,4044,3807,287402.84,79,22,5142.27,270636.69,0.9413946587537092,0.02075124770160231,0.005778828473863935
2026-07,US,Mid-market,Desktop,Wallet,1297,1244,89417.78,21,1,1619.8,85251.27,0.9591364687740941,0.016881028938906754,0.0008038585209003215
2026-07,US,Mid-market,Mobile,BNPL,657,603,46649.78,14,1,810.11,42639.79,0.9178082191780822,0.02321724709784411,0.001658374792703151
2026-07,US,Mid-market,Mobile,Bank debit,1219,1131,89998.02,22,3,1602.05,84318.2,0.9278096800656276,0.019451812555260833,0.002652519893899204
2026-07,US,Mid-market,Mobile,Card,7056,6642,505254.91,113,31,9011.69,474295.32,0.9413265306122449,0.01701294790725685,0.004667268894911172
2026-07,US,Mid-market,Mobile,Wallet,2223,2131,162852.56,37,8,2983.38,157030.22,0.9586144849302745,0.017362740497419052,0.003754106053496011
2026-07,US,SMB,Desktop,BNPL,704,649,33258.91,12,0,577.24,30379.5,0.921875,0.01848998459167951,0.0
2026-07,US,SMB,Desktop,Bank debit,1225,1145,59204.45,21,6,1026.59,54031.05,0.9346938775510204,0.01834061135371179,0.005240174672489083
2026-07,US,SMB,Desktop,Card,7358,6924,368329.35,111,38,6621.06,348488.03,0.9410165805925523,0.016031195840554593,0.005488157134604275
2026-07,US,SMB,Desktop,Wallet,2431,2319,120319.09,39,5,2178.85,114678.06,0.9539284245166598,0.016817593790426907,0.0021561017680034496
2026-07,US,SMB,Mobile,BNPL,1240,1125,60405.17,33,3,1049.8,55243.67,0.907258064516129,0.029333333333333333,0.0026666666666666666
2026-07,US,SMB,Mobile,Bank debit,2236,2090,111248.41,35,6,1963.7,103355.24,0.9347048300536672,0.01674641148325359,0.0028708133971291866
2026-07,US,SMB,Mobile,Card,13296,12495,651142.22,178,66,11621.2,611630.8,0.9397563176895307,0.014245698279311724,0.005282112845138055
2026-07,US,SMB,Mobile,Wallet,4230,4028,212302.37,73,4,3814.07,200732.9,0.9522458628841608,0.018123138033763656,0.0009930486593843098
2026-08,AU,Enterprise,Desktop,BNPL,46,41,5533.33,2,0,92.79,4881.8,0.8913043478260869,0.04878048780487805,0.0
2026-08,AU,Enterprise,Desktop,Bank debit,81,75,9635.47,1,0,171.6,9032.41,0.9259259259259259,0.013333333333333334,0.0
2026-08,AU,Enterprise,Desktop,Card,503,464,53214.88,7,1,936.12,49267.71,0.9224652087475149,0.015086206896551725,0.0021551724137931034
2026-08,AU,Enterprise,Desktop,Wallet,147,142,13336.61,2,0,246.7,12986.64,0.9659863945578231,0.014084507042253521,0.0
2026-08,AU,Enterprise,Mobile,BNPL,88,77,9071.89,1,0,149.69,7879.69,0.875,0.012987012987012988,0.0
2026-08,AU,Enterprise,Mobile,Bank debit,143,133,14817.6,1,0,258.88,13624.93,0.9300699300699301,0.007518796992481203,0.0
2026-08,AU,Enterprise,Mobile,Card,840,783,92821.41,16,4,1646.64,86665.14,0.9321428571428572,0.020434227330779056,0.005108556832694764
2026-08,AU,Enterprise,Mobile,Wallet,236,225,27366.47,1,0,477.03000000000003,25109.91,0.9533898305084746,0.0044444444444444444,0.0
2026-08,AU,Mid-market,Desktop,BNPL,90,84,6235.68,4,0,113.86,5992.64,0.9333333333333333,0.047619047619047616,0.0
2026-08,AU,Mid-market,Desktop,Bank debit,176,167,11859.51,2,0,212.48,11184.53,0.9488636363636364,0.011976047904191617,0.0
2026-08,AU,Mid-market,Desktop,Card,1019,943,68862.86,18,15,1184.94,62362.09,0.9254170755642787,0.019088016967126194,0.015906680805938492
2026-08,AU,Mid-market,Desktop,Wallet,302,285,20624.27,5,2,366.5,19289.05,0.9437086092715232,0.017543859649122806,0.007017543859649123
2026-08,AU,Mid-market,Mobile,BNPL,175,161,12363.82,2,0,215.69,11353.08,0.92,0.012422360248447204,0.0
2026-08,AU,Mid-market,Mobile,Bank debit,310,293,19780.8,2,2,348.41,18337.54,0.9451612903225807,0.006825938566552901,0.006825938566552901
2026-08,AU,Mid-market,Mobile,Card,1885,1784,136140.65,32,10,2428.97,127852.11,0.9464190981432361,0.017937219730941704,0.005605381165919282
2026-08,AU,Mid-market,Mobile,Wallet,590,557,40111.12,14,0,711.02,37419.73,0.9440677966101695,0.025134649910233394,0.0
2026-08,AU,SMB,Desktop,BNPL,177,164,7730.12,4,0,134.48,7077.57,0.9265536723163842,0.024390243902439025,0.0
2026-08,AU,SMB,Desktop,Bank debit,333,303,16310.17,3,0,287.78000000000003,15146.84,0.9099099099099099,0.009900990099009901,0.0
2026-08,AU,SMB,Desktop,Card,1955,1851,97306.55,24,12,1756.51,92438.33,0.9468030690537085,0.012965964343598054,0.006482982171799027
2026-08,AU,SMB,Desktop,Wallet,599,570,31148.0,11,1,558.67,29404.05,0.9515859766277128,0.01929824561403509,0.0017543859649122807
2026-08,AU,SMB,Mobile,BNPL,330,309,17165.7,4,0,307.6,16189.51,0.9363636363636364,0.012944983818770227,0.0
2026-08,AU,SMB,Mobile,Bank debit,594,537,30503.66,10,1,516.98,27208.34,0.9040404040404041,0.0186219739292365,0.00186219739292365
2026-08,AU,SMB,Mobile,Card,3447,3249,173583.16,55,18,3092.59,162772.31,0.9425587467362925,0.01692828562634657,0.00554016620498615
2026-08,AU,SMB,Mobile,Wallet,1128,1058,54873.64,13,2,985.95,51892.06,0.9379432624113475,0.012287334593572778,0.001890359168241966
2026-08,CA,Enterprise,Desktop,BNPL,56,50,6105.35,0,1,111.29,5857.64,0.8928571428571429,0.0,0.02
2026-08,CA,Enterprise,Desktop,Bank debit,112,107,10906.74,0,0,195.43,10285.82,0.9553571428571429,0.0,0.0
2026-08,CA,Enterprise,Desktop,Card,659,618,65407.29,17,3,1166.96,61417.81,0.9377845220030349,0.02750809061488673,0.0048543689320388345
2026-08,CA,Enterprise,Desktop,Wallet,202,194,24748.19,4,0,447.01,23529.6,0.9603960396039604,0.020618556701030927,0.0
2026-08,CA,Enterprise,Mobile,BNPL,105,96,9577.8,2,1,164.01,8632.3,0.9142857142857143,0.020833333333333332,0.010416666666666666
2026-08,CA,Enterprise,Mobile,Bank debit,195,181,20790.22,2,1,366.40999999999997,19284.97,0.9282051282051282,0.011049723756906077,0.0055248618784530384
2026-08,CA,Enterprise,Mobile,Card,1160,1089,119122.18,13,5,2105.09,110789.5,0.9387931034482758,0.011937557392102846,0.004591368227731864
2026-08,CA,Enterprise,Mobile,Wallet,359,339,39151.72,7,0,699.14,36795.08,0.9442896935933147,0.02064896755162242,0.0
2026-08,CA,Mid-market,Desktop,BNPL,113,106,8846.47,5,0,159.71,8407.3,0.9380530973451328,0.04716981132075472,0.0
2026-08,CA,Mid-market,Desktop,Bank debit,243,227,19626.420000000002,7,0,349.88,18414.58,0.934156378600823,0.030837004405286344,0.0
2026-08,CA,Mid-market,Desktop,Card,1340,1272,97512.41,22,10,1768.47,93083.05,0.9492537313432836,0.01729559748427673,0.007861635220125786
2026-08,CA,Mid-market,Desktop,Wallet,438,415,31076.93,8,1,561.16,29537.55,0.9474885844748858,0.01927710843373494,0.0024096385542168677
2026-08,CA,Mid-market,Mobile,BNPL,249,224,16814.9,6,0,291.26,15327.21,0.8995983935742972,0.026785714285714284,0.0
2026-08,CA,Mid-market,Mobile,Bank debit,413,379,30275.78,5,0,532.83,28041.920000000002,0.9176755447941889,0.013192612137203167,0.0
2026-08,CA,Mid-market,Mobile,Card,2513,2363,186361.77,37,14,3324.32,174966.39,0.9403103859928372,0.015658061785865426,0.005924672027084215
2026-08,CA,Mid-market,Mobile,Wallet,839,796,61356.74,9,4,1083.26,57016.02,0.9487485101311085,0.011306532663316583,0.005025125628140704
2026-08,CA,SMB,Desktop,BNPL,238,228,11936.98,9,1,213.4,11237.51,0.957983193277311,0.039473684210526314,0.0043859649122807015
2026-08,CA,SMB,Desktop,Bank debit,459,426,22443.03,13,3,387.97,20418.68,0.9281045751633987,0.03051643192488263,0.007042253521126761
2026-08,CA,SMB,Desktop,Card,2606,2435,129930.29,43,17,2283.52,120189.56,0.9343821949347659,0.017659137577002052,0.006981519507186858
2026-08,CA,SMB,Desktop,Wallet,851,818,44197.84,10,2,798.82,42045.63,0.9612220916568742,0.012224938875305624,0.0024449877750611247
2026-08,CA,SMB,Mobile,BNPL,431,392,22493.67,10,0,395.16,20796.41,0.9095127610208816,0.025510204081632654,0.0
2026-08,CA,SMB,Mobile,Bank debit,830,764,41330.51,12,1,723.94,38097.51,0.9204819277108434,0.015706806282722512,0.0013089005235602095
2026-08,CA,SMB,Mobile,Card,4687,4012,237781.18,56,25,3875.41,203949.97,0.8559846383614252,0.013958125623130608,0.006231306081754736
2026-08,CA,SMB,Mobile,Wallet,1516,1448,71332.72,31,5,1303.42,68607.07,0.9551451187335093,0.021408839779005526,0.003453038674033149
2026-08,DE,Enterprise,Desktop,BNPL,43,41,3869.99,1,0,68.57,3607.08,0.9534883720930233,0.024390243902439025,0.0
2026-08,DE,Enterprise,Desktop,Bank debit,79,75,7182.11,3,0,132.07,6950.52,0.9493670886075949,0.04,0.0
2026-08,DE,Enterprise,Desktop,Card,495,463,56470.6,7,4,985.1,51844.4,0.9353535353535354,0.01511879049676026,0.008639308855291577
2026-08,DE,Enterprise,Desktop,Wallet,148,140,15343.44,1,0,281.59,14817.6,0.9459459459459459,0.007142857142857143,0.0
2026-08,DE,Enterprise,Mobile,BNPL,93,86,10770.4,1,2,189.99,9997.27,0.9247311827956989,0.011627906976744186,0.023255813953488372
2026-08,DE,Enterprise,Mobile,Bank debit,157,144,20194.71,1,0,356.64,18771.46,0.9171974522292994,0.006944444444444444,0.0
2026-08,DE,Enterprise,Mobile,Card,831,774,94773.81,11,5,1669.46,87871.03,0.9314079422382672,0.014211886304909561,0.006459948320413436
2026-08,DE,Enterprise,Mobile,Wallet,257,244,27382.98,2,0,492.02,25898.67,0.9494163424124513,0.00819672131147541,0.0
2026-08,DE,Mid-market,Desktop,BNPL,110,104,8685.52,3,0,156.42000000000002,8230.64,0.9454545454545454,0.028846153846153848,0.0
2026-08,DE,Mid-market,Desktop,Bank debit,176,162,11419.65,2,0,187.61,9872.24,0.9204545454545454,0.012345679012345678,0.0
2026-08,DE,Mid-market,Desktop,Card,1086,1013,75534.03,23,7,1336.44,70347.87,0.932780847145488,0.022704837117472853,0.006910167818361303
2026-08,DE,Mid-market,Desktop,Wallet,306,293,24258.68,5,0,446.41,23496.26,0.9575163398692811,0.017064846416382253,0.0
2026-08,DE,Mid-market,Mobile,BNPL,172,154,12442.25,3,0,207.58,10923.18,0.8953488372093024,0.01948051948051948,0.0
2026-08,DE,Mid-market,Mobile,Bank debit,319,288,25226.74,2,2,443.4,23333.04,0.9028213166144201,0.006944444444444444,0.006944444444444444
2026-08,DE,Mid-market,Mobile,Card,1850,1717,134501.86,23,9,2365.31,124486.37,0.9281081081081081,0.013395457192778102,0.0052417006406523005
2026-08,DE,Mid-market,Mobile,Wallet,571,543,43156.87,4,0,781.23,41125.39,0.9509632224168126,0.007366482504604052,0.0
2026-08,DE,SMB,Desktop,BNPL,164,148,7888.07,5,0,139.1,7318.92,0.9024390243902439,0.033783783783783786,0.0
2026-08,DE,SMB,Desktop,Bank debit,331,306,16504.27,4,0,296.06,15583.87,0.9244712990936556,0.013071895424836602,0.0
2026-08,DE,SMB,Desktop,Card,1983,1870,97094.31,42,9,1727.16,90904.91,0.9430156328794755,0.022459893048128343,0.004812834224598931
2026-08,DE,SMB,Desktop,Wallet,639,600,32786.16,9,1,589.65,31035.22,0.9389671361502347,0.015,0.0016666666666666668
2026-08,DE,SMB,Mobile,BNPL,335,317,16632.26,6,0,292.64,15398.22,0.9462686567164179,0.01892744479495268,0.0
2026-08,DE,SMB,Mobile,Bank debit,580,532,27946.13,9,2,481.15,25318.11,0.9172413793103448,0.016917293233082706,0.0037593984962406013
2026-08,DE,SMB,Mobile,Card,3387,3161,171067.63,48,20,3035.57,159757.48,0.9332742840271627,0.01518506801645049,0.006327111673521037
2026-08,DE,SMB,Mobile,Wallet,1129,1075,55608.45,14,2,1006.46,52974.73,0.9521700620017715,0.013023255813953489,0.0018604651162790699
2026-08,GB,Enterprise,Desktop,BNPL,48,47,6052.48,1,0,109.86999999999999,5781.28,0.9791666666666666,0.02127659574468085,0.0
2026-08,GB,Enterprise,Desktop,Bank debit,96,89,11866.15,1,0,213.15,11219.95,0.9270833333333334,0.011235955056179775,0.0
2026-08,GB,Enterprise,Desktop,Card,519,497,55986.3,11,1,1024.91,53941.41,0.9576107899807321,0.022132796780684104,0.002012072434607646
2026-08,GB,Enterprise,Desktop,Wallet,181,175,19229.56,0,0,355.6,18714.74,0.9668508287292817,0.0,0.0
2026-08,GB,Enterprise,Mobile,BNPL,113,99,11469.98,3,1,181.11,9528.7,0.8761061946902655,0.030303030303030304,0.010101010101010102
2026-08,GB,Enterprise,Mobile,Bank debit,176,161,20635.85,2,1,370.36,19495.04,0.9147727272727273,0.012422360248447204,0.006211180124223602
2026-08,GB,Enterprise,Mobile,Card,986,925,112370.25,10,9,2025.63,106611.25,0.9381338742393509,0.010810810810810811,0.00972972972972973
2026-08,GB,Enterprise,Mobile,Wallet,296,280,31424.05,5,1,538.78,28360.26,0.9459459459459459,0.017857142857142856,0.0035714285714285713
2026-08,GB,Mid-market,Desktop,BNPL,118,104,7673.29,2,0,126.36,6652.51,0.8813559322033898,0.019230769230769232,0.0
2026-08,GB,Mid-market,Desktop,Bank debit,198,186,15084.18,5,0,268.98,14156.01,0.9393939393939394,0.026881720430107527,0.0
2026-08,GB,Mid-market,Desktop,Card,1224,1164,84293.76,16,12,1517.08,79842.36,0.9509803921568627,0.013745704467353952,0.010309278350515464
2026-08,GB,Mid-market,Desktop,Wallet,416,402,31005.16,8,1,552.25,29060.94,0.9663461538461539,0.01990049751243781,0.0024875621890547263
2026-08,GB,Mid-market,Mobile,BNPL,232,220,17181.41,6,1,315.53,16607.07,0.9482758620689655,0.02727272727272727,0.004545454545454545
2026-08,GB,Mid-market,Mobile,Bank debit,364,337,26996.74,6,2,470.16,24746.38,0.9258241758241759,0.017804154302670624,0.005934718100890208
2026-08,GB,Mid-market,Mobile,Card,2181,2042,160041.59,42,13,2807.75,147784.0,0.9362677670793215,0.02056807051909892,0.006366307541625857
2026-08,GB,Mid-market,Mobile,Wallet,657,632,47045.67,13,1,851.75,44826.53,0.9619482496194824,0.020569620253164556,0.0015822784810126582
2026-08,GB,SMB,Desktop,BNPL,230,213,9349.78,5,1,159.74,8406.64,0.9260869565217391,0.023474178403755867,0.004694835680751174
2026-08,GB,SMB,Desktop,Bank debit,385,365,20037.06,6,0,362.92,19097.56,0.948051948051948,0.01643835616438356,0.0
2026-08,GB,SMB,Desktop,Card,2296,2169,114764.46,36,13,2071.11,109001.75,0.9446864111498258,0.016597510373443983,0.00599354541263255
2026-08,GB,SMB,Desktop,Wallet,743,714,36167.7,14,3,660.34,34761.89,0.9609690444145357,0.0196078431372549,0.004201680672268907
2026-08,GB,SMB,Mobile,BNPL,374,336,18219.25,16,0,307.45,16180.52,0.8983957219251337,0.047619047619047616,0.0
2026-08,GB,SMB,Mobile,Bank debit,638,590,29847.12,11,5,517.24,27227.58,0.9247648902821317,0.01864406779661017,0.00847457627118644
2026-08,GB,SMB,Mobile,Card,3976,3391,193264.92,58,30,3129.77,164713.78,0.8528672032193159,0.017104099085815394,0.008846947803007963
2026-08,GB,SMB,Mobile,Wallet,1256,1194,64898.02,16,5,1179.33,62073.87,0.9506369426751592,0.01340033500837521,0.0041876046901172526
2026-08,US,Enterprise,Desktop,BNPL,170,153,18710.97,3,1,321.25,16906.02,0.9,0.0196078431372549,0.006535947712418301
2026-08,US,Enterprise,Desktop,Bank debit,322,294,33218.14,1,4,564.62,29718.21,0.9130434782608695,0.003401360544217687,0.013605442176870748
2026-08,US,Enterprise,Desktop,Card,1824,1711,197182.46,26,13,3500.49,184221.13,0.9380482456140351,0.015195791934541203,0.007597895967270602
2026-08,US,Enterprise,Desktop,Wallet,615,588,66204.94,10,2,1212.0,63792.82,0.9560975609756097,0.017006802721088437,0.003401360544217687
2026-08,US,Enterprise,Mobile,BNPL,329,297,34116.14,5,2,581.4399999999999,30609.55,0.9027355623100304,0.016835016835016835,0.006734006734006734
2026-08,US,Enterprise,Mobile,Bank debit,628,589,73073.31999999999,8,0,1302.54,68565.05,0.9378980891719745,0.013582342954159592,0.0
2026-08,US,Enterprise,Mobile,Card,3319,3095,352130.75,59,13,6205.63,326618.84,0.932509792106056,0.019063004846526656,0.00420032310177706
2026-08,US,Enterprise,Mobile,Wallet,1058,997,114679.54,11,2,2077.98,109366.18000000001,0.94234404536862,0.011033099297893681,0.0020060180541624875
2026-08,US,Mid-market,Desktop,BNPL,387,358,30577.16,12,0,536.13,28222.35,0.9250645994832042,0.0335195530726257,0.0
2026-08,US,Mid-market,Desktop,Bank debit,658,612,48471.3,7,4,842.89,44361.02,0.9300911854103343,0.011437908496732025,0.006535947712418301
2026-08,US,Mid-market,Desktop,Card,3958,3747,277810.86,52,20,4983.65,262291.3,0.9466902475997979,0.013877768881772085,0.0053376034160661865
2026-08,US,Mid-market,Desktop,Wallet,1233,1178,89062.14,22,0,1625.4,85548.5,0.9553933495539335,0.01867572156196944,0.0
2026-08,US,Mid-market,Mobile,BNPL,704,642,49042.3,22,3,852.58,44864.16,0.9119318181818182,0.03426791277258567,0.004672897196261682
2026-08,US,Mid-market,Mobile,Bank debit,1284,1181,88574.98,17,4,1555.64,81871.51,0.9197819314641744,0.014394580863674851,0.003386960203217612
2026-08,US,Mid-market,Mobile,Card,7093,6627,504920.52,103,34,8914.79,469203.82,0.9343014239390949,0.015542477742568282,0.0051305266334691416
2026-08,US,Mid-market,Mobile,Wallet,2179,2083,163353.54,39,6,2969.54,156290.5,0.9559430931620009,0.01872299567930869,0.0028804608737397984
2026-08,US,SMB,Desktop,BNPL,723,668,37896.95,13,2,649.91,34211.97,0.9239280774550485,0.019461077844311378,0.0029940119760479044
2026-08,US,SMB,Desktop,Bank debit,1280,1184,62506.79,18,3,1103.79,58083.83,0.925,0.015202702702702704,0.002533783783783784
2026-08,US,SMB,Desktop,Card,7311,6867,362670.49,132,43,6499.01,342062.54,0.9392695937628232,0.019222367846221056,0.006261831949905344
2026-08,US,SMB,Desktop,Wallet,2325,2228,116456.81,52,3,2111.65,111128.69,0.9582795698924731,0.02333931777378815,0.0013464991023339318
2026-08,US,SMB,Mobile,BNPL,1245,1142,58771.45,33,4,1030.5,54229.99,0.9172690763052209,0.028896672504378284,0.0035026269702276708
2026-08,US,SMB,Mobile,Bank debit,2235,2053,111992.11,41,8,1956.29,102947.98,0.9185682326621923,0.019970774476376036,0.003896736483195324
2026-08,US,SMB,Mobile,Card,13329,12459,666676.54,200,105,11792.63,620677.18,0.9347287868557281,0.016052652700858816,0.00842764266795088
2026-08,US,SMB,Mobile,Wallet,4143,3953,203944.92,63,8,3686.84,194028.67,0.9541395124306058,0.01593726283835062,0.002023779408044523
