payment_id,merchant_id,customer_id,event_ts,country,merchant_segment,device,payment_method,amount_usd,payment_succeeded,decline_reason,refund_flag,dispute_flag,processing_latency_ms,platform_revenue_usd
pay_000463154,m_04927,c_0009130,2026-01-01 00:00:00,US,Enterprise,Desktop,Card,105.3,1,,0,0,967,2.0
pay_000671413,m_01475,c_0103527,2026-01-01 00:00:00,DE,SMB,Mobile,Wallet,28.0,1,,0,0,538,0.53
pay_000960462,m_03527,c_0050531,2026-01-01 00:00:00,US,SMB,Desktop,Card,23.32,1,,0,0,565,0.44
pay_000005083,m_03608,c_0125448,2026-01-01 00:00:00,DE,SMB,Mobile,Wallet,250.25,1,,0,0,565,4.75
pay_000692907,m_02790,c_0058400,2026-01-01 00:00:00,US,Mid-market,Mobile,BNPL,68.92,0,issuer_decline,0,0,1035,0.0
pay_000227329,m_03215,c_0178845,2026-01-01 00:00:00,US,SMB,Mobile,Bank debit,28.53,1,,0,0,1167,0.54
pay_000868482,m_04470,c_0056912,2026-01-01 00:00:00,AU,SMB,Desktop,Card,66.49,1,,0,0,755,1.26
pay_000718909,m_02459,c_0153972,2026-01-01 00:01:00,CA,Mid-market,Mobile,Card,104.67,1,,0,0,571,1.99
pay_000703043,m_03054,c_0084741,2026-01-01 00:01:00,DE,SMB,Mobile,Card,92.38,1,,0,0,739,1.76
pay_000049783,m_03099,c_0034994,2026-01-01 00:01:00,CA,Mid-market,Mobile,Card,270.62,1,,0,0,548,5.14
pay_000838283,m_01478,c_0021142,2026-01-01 00:02:00,US,SMB,Mobile,Wallet,9.9,1,,0,0,965,0.19
pay_000284194,m_03312,c_0158198,2026-01-01 00:02:00,DE,SMB,Desktop,Card,18.86,1,,0,0,932,0.36
pay_000902826,m_03614,c_0095596,2026-01-01 00:03:00,US,SMB,Mobile,Card,40.91,1,,0,0,560,0.78
pay_000358565,m_00484,c_0146324,2026-01-01 00:03:00,CA,SMB,Mobile,BNPL,42.35,1,,0,0,770,0.8
pay_000503108,m_04894,c_0062237,2026-01-01 00:03:00,US,SMB,Mobile,BNPL,116.81,1,,0,0,557,2.22
pay_000125433,m_03492,c_0102808,2026-01-01 00:04:00,US,Mid-market,Mobile,BNPL,31.73,1,,0,0,568,0.6
pay_000020436,m_00739,c_0075469,2026-01-01 00:04:00,CA,Mid-market,Mobile,Bank debit,17.54,1,,0,0,1358,0.33
pay_000281836,m_03158,c_0145357,2026-01-01 00:05:00,US,Enterprise,Desktop,Wallet,46.59,1,,0,0,897,0.89
pay_000291092,m_00175,c_0066149,2026-01-01 00:05:00,AU,Enterprise,Mobile,Card,68.95,1,,0,0,492,1.31
pay_000168869,m_04541,c_0045808,2026-01-01 00:05:00,DE,SMB,Desktop,Wallet,125.47,1,,0,0,965,2.38
pay_000698966,m_03210,c_0034854,2026-01-01 00:05:00,US,Enterprise,Desktop,Card,98.82,1,,0,0,762,1.88
pay_000769198,m_00278,c_0080894,2026-01-01 00:05:00,AU,SMB,Mobile,Card,36.01,1,,0,0,433,0.68
pay_000897683,m_00773,c_0178209,2026-01-01 00:06:00,CA,Enterprise,Desktop,Card,78.03,1,,0,0,852,1.48
pay_000067347,m_02626,c_0018884,2026-01-01 00:06:00,US,Mid-market,Desktop,Card,236.23,1,,0,0,400,4.49
pay_000454280,m_03469,c_0058203,2026-01-01 00:06:00,US,Enterprise,Desktop,Wallet,26.39,1,,0,0,896,0.5
pay_000037968,m_01173,c_0035022,2026-01-01 00:06:00,GB,Mid-market,Desktop,Card,9.71,1,,0,0,1032,0.18
pay_000328989,m_04624,c_0015527,2026-01-01 00:06:00,GB,SMB,Desktop,Card,50.28,1,,1,0,589,0.96
pay_000410114,m_04458,c_0162137,2026-01-01 00:06:00,AU,SMB,Desktop,Bank debit,151.24,1,,0,0,808,2.87
pay_000118372,m_00078,c_0130951,2026-01-01 00:07:00,US,Mid-market,Desktop,Wallet,102.14,1,,0,0,585,1.94
pay_000066427,m_00401,c_0024889,2026-01-01 00:07:00,DE,SMB,Mobile,Card,13.7,1,,0,0,532,0.26
pay_000624042,m_02133,c_0006180,2026-01-01 00:07:00,GB,SMB,Mobile,Card,9.21,1,,0,0,643,0.17
pay_000353642,m_01078,c_0044472,2026-01-01 00:07:00,US,Enterprise,Desktop,Card,346.96,1,,0,0,665,6.59
pay_000424282,m_02558,c_0120235,2026-01-01 00:08:00,CA,SMB,Desktop,Card,24.81,1,,0,0,690,0.47
pay_000788494,m_00248,c_0156650,2026-01-01 00:08:00,US,SMB,Mobile,Card,32.48,1,,0,0,939,0.62
pay_000567579,m_01270,c_0076819,2026-01-01 00:08:00,CA,Mid-market,Mobile,Bank debit,129.7,1,,0,0,1119,2.46
pay_000875458,m_03081,c_0127098,2026-01-01 00:09:00,US,SMB,Mobile,Card,16.78,1,,0,0,580,0.32
pay_000070830,m_04495,c_0052489,2026-01-01 00:09:00,CA,Mid-market,Mobile,Wallet,140.59,1,,0,0,840,2.67
pay_000278593,m_01026,c_0142949,2026-01-01 00:09:00,US,Mid-market,Desktop,Card,38.05,1,,0,0,670,0.72
pay_000899267,m_02393,c_0091876,2026-01-01 00:09:00,AU,SMB,Mobile,Card,124.99,1,,0,0,867,2.37
pay_000398835,m_02568,c_0120520,2026-01-01 00:10:00,DE,SMB,Mobile,Card,23.18,1,,0,0,607,0.44
pay_000414233,m_01946,c_0107622,2026-01-01 00:10:00,US,SMB,Mobile,Card,51.16,1,,0,0,555,0.97
pay_000471699,m_00755,c_0103346,2026-01-01 00:10:00,US,Mid-market,Mobile,Card,22.25,1,,0,0,765,0.42
pay_000392074,m_01015,c_0138079,2026-01-01 00:10:00,DE,SMB,Mobile,Bank debit,22.62,1,,0,0,1169,0.43
pay_000931069,m_02889,c_0143827,2026-01-01 00:11:00,US,Enterprise,Desktop,Card,103.17,1,,0,0,927,1.96
pay_000173633,m_04626,c_0086815,2026-01-01 00:11:00,DE,Mid-market,Mobile,Card,30.38,1,,0,0,671,0.58
pay_000356385,m_03546,c_0065227,2026-01-01 00:12:00,AU,Mid-market,Mobile,Bank debit,64.85,1,,0,0,909,1.23
pay_000218576,m_01535,c_0172386,2026-01-01 00:12:00,AU,Mid-market,Desktop,Wallet,17.97,1,,0,0,716,0.34
pay_000206294,m_00883,c_0052157,2026-01-01 00:13:00,GB,Enterprise,Mobile,Card,145.72,1,,0,0,1157,2.77
pay_000753805,m_04423,c_0038957,2026-01-01 00:13:00,US,SMB,Mobile,Card,29.78,1,,0,0,867,0.57
pay_000210750,m_03213,c_0173285,2026-01-01 00:14:00,US,SMB,Desktop,Wallet,41.75,1,,0,0,725,0.79
pay_000459333,m_00510,c_0074613,2026-01-01 00:14:00,CA,SMB,Mobile,Card,30.51,1,,0,0,602,0.58
pay_000327332,m_01171,c_0051550,2026-01-01 00:14:00,US,SMB,Mobile,Wallet,91.68,1,,0,0,822,1.74
pay_000778840,m_01474,c_0027199,2026-01-01 00:14:00,CA,Mid-market,Desktop,Bank debit,58.2,1,,0,0,651,1.11
pay_000664111,m_03989,c_0111901,2026-01-01 00:15:00,US,SMB,Mobile,Card,20.93,1,,0,0,736,0.4
pay_000027687,m_02148,c_0087617,2026-01-01 00:15:00,US,SMB,Desktop,Card,123.55,1,,0,0,1096,2.35
pay_000264399,m_01679,c_0115805,2026-01-01 00:15:00,GB,Mid-market,Desktop,Bank debit,20.13,1,,0,0,1263,0.38
pay_000828140,m_00444,c_0075266,2026-01-01 00:16:00,US,SMB,Mobile,BNPL,42.97,1,,0,0,665,0.82
pay_000053486,m_03471,c_0152656,2026-01-01 00:16:00,US,SMB,Mobile,Card,32.39,1,,0,0,847,0.62
pay_000292139,m_02319,c_0129990,2026-01-01 00:16:00,US,SMB,Mobile,Wallet,57.19,1,,0,0,650,1.09
pay_000999467,m_02976,c_0178598,2026-01-01 00:17:00,DE,SMB,Mobile,Wallet,15.59,1,,0,0,578,0.3
pay_000189547,m_03023,c_0041886,2026-01-01 00:17:00,US,SMB,Mobile,Card,46.43,0,issuer_decline,0,0,988,0.0
pay_000032420,m_01397,c_0175435,2026-01-01 00:17:00,CA,SMB,Mobile,Wallet,8.53,1,,0,0,1050,0.16
pay_000215835,m_02932,c_0005758,2026-01-01 00:17:00,CA,Mid-market,Mobile,BNPL,51.27,1,,0,0,1008,0.97
pay_000820656,m_01135,c_0093009,2026-01-01 00:19:00,US,Mid-market,Desktop,Card,23.85,1,,0,0,674,0.45
pay_000198330,m_03778,c_0057674,2026-01-01 00:19:00,AU,SMB,Mobile,Wallet,45.35,1,,0,0,869,0.86
pay_000278227,m_02158,c_0040861,2026-01-01 00:20:00,DE,Enterprise,Desktop,Card,72.6,1,,0,0,361,1.38
pay_000389702,m_02529,c_0094006,2026-01-01 00:20:00,US,Enterprise,Mobile,Card,493.14,1,,0,0,555,9.37
pay_000880185,m_02645,c_0176076,2026-01-01 00:20:00,CA,SMB,Mobile,Card,30.01,1,,0,0,462,0.57
pay_000694301,m_00599,c_0021746,2026-01-01 00:20:00,CA,Enterprise,Mobile,Wallet,73.0,1,,0,0,755,1.39
pay_000107583,m_03541,c_0160915,2026-01-01 00:20:00,CA,SMB,Desktop,Card,78.83,0,insufficient_funds,0,0,209,0.0
pay_000101135,m_03536,c_0075174,2026-01-01 00:21:00,DE,Mid-market,Mobile,Bank debit,27.73,1,,0,0,769,0.53
pay_000581404,m_02162,c_0096609,2026-01-01 00:21:00,US,Mid-market,Desktop,Card,33.11,1,,0,0,667,0.63
pay_000317833,m_01029,c_0110933,2026-01-01 00:21:00,US,SMB,Desktop,Card,11.81,1,,0,0,721,0.22
pay_000716146,m_00378,c_0081345,2026-01-01 00:21:00,US,SMB,Desktop,Card,12.48,1,,0,0,798,0.24
pay_000695089,m_01581,c_0168500,2026-01-01 00:22:00,US,Mid-market,Desktop,Card,53.74,1,,0,0,961,1.02
pay_000638938,m_04208,c_0011144,2026-01-01 00:22:00,US,Mid-market,Mobile,Card,199.57,1,,0,0,592,3.79
pay_000324994,m_04893,c_0148239,2026-01-01 00:23:00,DE,Mid-market,Desktop,Card,37.19,1,,0,0,782,0.71
pay_000119403,m_02383,c_0157271,2026-01-01 00:24:00,US,SMB,Mobile,Card,48.01,1,,0,0,514,0.91
pay_000634333,m_00411,c_0082963,2026-01-01 00:24:00,CA,SMB,Desktop,Wallet,84.34,1,,1,0,692,1.6
pay_000924105,m_01752,c_0007010,2026-01-01 00:24:00,US,SMB,Desktop,Card,54.87,1,,0,0,600,1.04
pay_000770382,m_01998,c_0153502,2026-01-01 00:24:00,US,Enterprise,Mobile,Wallet,16.19,1,,0,0,685,0.31
pay_000422715,m_02067,c_0131025,2026-01-01 00:25:00,US,SMB,Desktop,Wallet,28.96,1,,0,0,947,0.55
pay_000656440,m_00049,c_0104285,2026-01-01 00:25:00,US,SMB,Mobile,Card,35.65,1,,0,0,904,0.68
pay_000286453,m_00482,c_0036191,2026-01-01 00:26:00,CA,SMB,Mobile,Card,14.56,1,,0,0,642,0.28
pay_000806362,m_00576,c_0151496,2026-01-01 00:26:00,CA,Mid-market,Desktop,Bank debit,80.14,1,,0,0,987,1.52
pay_000623862,m_00271,c_0001200,2026-01-01 00:26:00,DE,SMB,Mobile,Card,92.0,1,,0,0,685,1.75
pay_000273136,m_04233,c_0140317,2026-01-01 00:27:00,US,SMB,Mobile,Card,213.19,1,,0,0,561,4.05
pay_000930271,m_02460,c_0019066,2026-01-01 00:28:00,CA,Enterprise,Mobile,Card,127.14,1,,0,0,499,2.42
pay_000650719,m_01818,c_0090970,2026-01-01 00:28:00,US,SMB,Mobile,Card,102.81,1,,0,0,597,1.95
pay_000339393,m_04334,c_0011643,2026-01-01 00:28:00,DE,Mid-market,Mobile,Wallet,32.8,1,,0,0,753,0.62
pay_000261459,m_03432,c_0165711,2026-01-01 00:28:00,US,Mid-market,Desktop,BNPL,70.04,1,,0,0,849,1.33
pay_000884573,m_04570,c_0012362,2026-01-01 00:28:00,US,Mid-market,Desktop,Wallet,45.05,1,,0,0,697,0.86
pay_000929064,m_04278,c_0014126,2026-01-01 00:29:00,US,SMB,Mobile,Card,108.35,1,,0,0,903,2.06
pay_000686923,m_04759,c_0055991,2026-01-01 00:29:00,DE,SMB,Mobile,Bank debit,10.78,1,,0,0,1269,0.2
pay_000750828,m_01978,c_0025285,2026-01-01 00:29:00,GB,SMB,Mobile,Card,8.26,1,,0,0,1066,0.16
pay_000128940,m_03747,c_0067666,2026-01-01 00:31:00,CA,SMB,Desktop,Card,30.69,0,issuer_decline,0,0,671,0.0
pay_000450652,m_00026,c_0119230,2026-01-01 00:31:00,AU,SMB,Desktop,Wallet,34.48,0,issuer_decline,0,0,785,0.0
pay_000959326,m_03034,c_0178680,2026-01-01 00:31:00,US,Enterprise,Mobile,Wallet,25.73,1,,0,0,1004,0.49
pay_000868402,m_04722,c_0137572,2026-01-01 00:32:00,CA,SMB,Mobile,Bank debit,70.33,1,,0,0,687,1.34
pay_000655087,m_03161,c_0137494,2026-01-01 00:32:00,US,SMB,Mobile,BNPL,11.43,1,,0,0,631,0.22
pay_000414327,m_03452,c_0066684,2026-01-01 00:32:00,GB,SMB,Mobile,Bank debit,23.31,1,,0,0,1072,0.44
pay_000173102,m_01922,c_0056112,2026-01-01 00:33:00,US,Enterprise,Desktop,Card,27.22,1,,0,0,643,0.52
pay_000458597,m_00556,c_0098850,2026-01-01 00:33:00,US,SMB,Desktop,Card,21.37,1,,0,0,609,0.41
pay_000776672,m_00238,c_0027916,2026-01-01 00:33:00,GB,SMB,Mobile,Card,21.74,1,,0,0,940,0.41
pay_000617524,m_00147,c_0051318,2026-01-01 00:34:00,DE,Enterprise,Desktop,Card,58.84,1,,0,0,355,1.12
pay_000289749,m_00544,c_0177460,2026-01-01 00:35:00,AU,SMB,Mobile,Card,25.48,1,,0,0,965,0.48
pay_000293530,m_03670,c_0119325,2026-01-01 00:35:00,US,SMB,Desktop,Card,5.23,1,,0,0,372,0.1
pay_000303551,m_02739,c_0021937,2026-01-01 00:35:00,DE,SMB,Desktop,Wallet,63.61,1,,0,0,645,1.21
pay_000810575,m_00188,c_0174448,2026-01-01 00:35:00,AU,SMB,Mobile,Card,12.43,1,,0,0,541,0.24
pay_000458161,m_00775,c_0167978,2026-01-01 00:36:00,US,SMB,Desktop,Card,95.15,1,,0,0,1065,1.81
pay_000681799,m_02033,c_0108426,2026-01-01 00:36:00,AU,SMB,Mobile,Wallet,75.51,1,,0,0,798,1.43
pay_000169772,m_01371,c_0089599,2026-01-01 00:37:00,CA,SMB,Desktop,Card,105.79,1,,0,0,706,2.01
pay_000110279,m_00369,c_0166902,2026-01-01 00:37:00,CA,Mid-market,Mobile,Card,22.05,1,,0,0,367,0.42
pay_000395227,m_01532,c_0017863,2026-01-01 00:37:00,US,Mid-market,Desktop,Card,23.41,1,,0,0,810,0.44
pay_000038110,m_02503,c_0080658,2026-01-01 00:38:00,CA,SMB,Desktop,Card,6.13,1,,0,0,829,0.12
pay_000722964,m_00875,c_0092541,2026-01-01 00:38:00,DE,SMB,Desktop,Bank debit,58.26,1,,0,0,881,1.11
pay_000302962,m_00923,c_0175123,2026-01-01 00:38:00,GB,SMB,Mobile,Bank debit,26.75,1,,0,0,908,0.51
pay_000700878,m_03067,c_0006335,2026-01-01 00:38:00,US,SMB,Mobile,Card,245.66,1,,0,0,417,4.67
pay_000340989,m_04475,c_0074091,2026-01-01 00:38:00,GB,Mid-market,Mobile,Card,21.83,0,expired_card,0,0,616,0.0
pay_000420359,m_03380,c_0153674,2026-01-01 00:39:00,AU,SMB,Mobile,Card,14.35,1,,0,0,498,0.27
pay_000409839,m_04051,c_0164710,2026-01-01 00:40:00,US,Mid-market,Desktop,Card,31.91,1,,0,0,645,0.61
pay_000571287,m_02284,c_0091329,2026-01-01 00:40:00,GB,Mid-market,Mobile,Wallet,200.42,1,,0,0,912,3.81
pay_000456002,m_03211,c_0073188,2026-01-01 00:41:00,US,Mid-market,Mobile,Card,48.58,1,,0,0,591,0.92
pay_000176105,m_00840,c_0055951,2026-01-01 00:42:00,CA,SMB,Desktop,Bank debit,40.51,1,,0,0,1063,0.77
pay_000716660,m_01442,c_0024653,2026-01-01 00:42:00,CA,Enterprise,Mobile,Card,15.56,0,insufficient_funds,0,0,825,0.0
pay_000364977,m_02242,c_0053866,2026-01-01 00:42:00,US,Enterprise,Desktop,Card,99.4,0,issuer_decline,0,0,780,0.0
pay_000814054,m_02243,c_0030336,2026-01-01 00:42:00,AU,SMB,Mobile,Card,67.82,1,,0,0,168,1.29
pay_000024982,m_01237,c_0008554,2026-01-01 00:43:00,GB,SMB,Desktop,Card,40.85,1,,0,0,811,0.78
pay_000081385,m_04360,c_0151391,2026-01-01 00:44:00,US,SMB,Mobile,Bank debit,49.55,1,,0,0,1144,0.94
pay_000680116,m_00379,c_0009886,2026-01-01 00:44:00,AU,SMB,Mobile,Card,14.18,1,,0,0,878,0.27
pay_000480008,m_01608,c_0107173,2026-01-01 00:44:00,US,Mid-market,Desktop,Card,459.75,1,,0,0,433,8.74
pay_000518636,m_04116,c_0154403,2026-01-01 00:45:00,US,Mid-market,Mobile,Card,29.7,1,,0,0,727,0.56
pay_000347986,m_01705,c_0038558,2026-01-01 00:46:00,US,Enterprise,Mobile,Wallet,66.86,1,,0,0,890,1.27
pay_000059179,m_01902,c_0105782,2026-01-01 00:46:00,US,SMB,Desktop,Card,34.03,1,,0,0,727,0.65
pay_000185252,m_00733,c_0079810,2026-01-01 00:47:00,US,SMB,Desktop,Bank debit,22.91,1,,0,0,1034,0.44
pay_000323940,m_04341,c_0048934,2026-01-01 00:47:00,US,Mid-market,Desktop,Card,19.98,1,,0,0,646,0.38
pay_000056714,m_01694,c_0173740,2026-01-01 00:47:00,DE,SMB,Desktop,Card,13.04,1,,0,0,691,0.25
pay_000938957,m_02253,c_0028689,2026-01-01 00:47:00,US,SMB,Desktop,Card,64.85,1,,0,0,524,1.23
pay_000428086,m_03037,c_0015409,2026-01-01 00:48:00,AU,Mid-market,Mobile,Card,121.45,1,,0,0,576,2.31
pay_000050990,m_04507,c_0063637,2026-01-01 00:48:00,US,SMB,Mobile,Bank debit,37.04,1,,0,0,888,0.7
pay_000239445,m_02454,c_0156979,2026-01-01 00:49:00,CA,Mid-market,Mobile,Card,32.78,1,,0,0,651,0.62
pay_000496694,m_04246,c_0098346,2026-01-01 00:49:00,US,SMB,Mobile,Wallet,16.73,1,,0,0,630,0.32
pay_000578128,m_02712,c_0092030,2026-01-01 00:49:00,US,Enterprise,Mobile,Card,202.05,1,,0,0,433,3.84
pay_000067274,m_03835,c_0179900,2026-01-01 00:49:00,GB,SMB,Mobile,Card,31.23,1,,0,0,896,0.59
pay_000366674,m_02505,c_0019258,2026-01-01 00:50:00,CA,SMB,Desktop,Card,10.57,1,,0,0,773,0.2
pay_000181922,m_02486,c_0147983,2026-01-01 00:50:00,US,Mid-market,Mobile,BNPL,64.91,1,,0,0,186,1.23
pay_000558357,m_04921,c_0109610,2026-01-01 00:51:00,CA,SMB,Mobile,Wallet,50.41,1,,0,0,1114,0.96
pay_000113944,m_03115,c_0064233,2026-01-01 00:51:00,AU,SMB,Mobile,Bank debit,14.86,1,,0,0,1038,0.28
pay_000869164,m_03867,c_0143982,2026-01-01 00:51:00,US,SMB,Mobile,BNPL,182.72,1,,0,0,695,3.47
pay_000335264,m_02837,c_0066917,2026-01-01 00:51:00,DE,Mid-market,Desktop,Card,10.34,1,,0,0,417,0.2
pay_000676221,m_02459,c_0035050,2026-01-01 00:51:00,US,SMB,Mobile,Bank debit,34.58,1,,0,0,1333,0.66
pay_000955628,m_00477,c_0104004,2026-01-01 00:52:00,GB,SMB,Desktop,Bank debit,86.86,1,,0,0,1160,1.65
pay_000574098,m_02897,c_0032473,2026-01-01 00:52:00,US,Mid-market,Desktop,Card,230.37,1,,0,0,767,4.38
pay_000388548,m_01175,c_0104516,2026-01-01 00:52:00,GB,Mid-market,Mobile,Bank debit,17.27,1,,0,0,786,0.33
pay_000533005,m_01987,c_0007546,2026-01-01 00:53:00,US,SMB,Mobile,Wallet,22.35,1,,0,0,953,0.42
pay_000065958,m_04575,c_0088617,2026-01-01 00:53:00,GB,Mid-market,Mobile,Card,48.98,1,,0,0,1015,0.93
pay_000401282,m_03957,c_0008023,2026-01-01 00:53:00,CA,SMB,Mobile,Card,21.47,1,,0,0,650,0.41
pay_000142830,m_02362,c_0067345,2026-01-01 00:54:00,CA,SMB,Desktop,Wallet,81.52,1,,0,0,995,1.55
pay_000682865,m_02304,c_0022032,2026-01-01 00:54:00,US,Enterprise,Desktop,Card,56.82,1,,0,0,388,1.08
pay_000389019,m_02591,c_0080253,2026-01-01 00:55:00,US,Mid-market,Desktop,Wallet,40.45,1,,0,0,362,0.77
pay_000270297,m_02699,c_0179481,2026-01-01 00:55:00,AU,Enterprise,Desktop,Wallet,100.04,1,,0,0,572,1.9
pay_000122815,m_03735,c_0047550,2026-01-01 00:55:00,CA,SMB,Mobile,Bank debit,29.55,1,,0,0,1063,0.56
pay_000756314,m_02196,c_0044591,2026-01-01 00:56:00,CA,SMB,Mobile,Card,106.24,1,,0,0,570,2.02
pay_000323111,m_02488,c_0044998,2026-01-01 00:56:00,US,Enterprise,Mobile,Card,99.36,1,,0,0,771,1.89
pay_000054141,m_00916,c_0061027,2026-01-01 00:57:00,GB,Enterprise,Desktop,BNPL,284.58,1,,0,0,772,5.41
pay_000204684,m_00017,c_0087914,2026-01-01 00:57:00,GB,SMB,Desktop,Card,37.92,1,,0,0,537,0.72
pay_000829069,m_04739,c_0099755,2026-01-01 00:57:00,US,SMB,Mobile,Card,129.95,1,,0,0,563,2.47
pay_000515469,m_03022,c_0033642,2026-01-01 00:57:00,US,SMB,Mobile,Card,62.09,1,,0,0,752,1.18
pay_000800584,m_00366,c_0171340,2026-01-01 00:58:00,US,SMB,Mobile,Card,23.81,1,,0,0,752,0.45
pay_000600632,m_02683,c_0085753,2026-01-01 00:58:00,US,SMB,Desktop,Card,57.34,1,,0,0,481,1.09
pay_000624083,m_01662,c_0085233,2026-01-01 00:58:00,GB,Mid-market,Mobile,Card,36.46,1,,0,0,469,0.69
pay_000836223,m_02035,c_0056450,2026-01-01 00:58:00,GB,Enterprise,Desktop,Wallet,27.78,1,,0,0,481,0.53
pay_000357567,m_02043,c_0064393,2026-01-01 00:58:00,US,SMB,Mobile,Wallet,95.33,1,,0,0,714,1.81
pay_000597166,m_00146,c_0087065,2026-01-01 00:59:00,US,Enterprise,Mobile,Card,137.21,0,network_error,0,0,979,0.0
pay_000046338,m_02665,c_0104322,2026-01-01 00:59:00,US,SMB,Mobile,Card,50.22,1,,0,0,1220,0.95
pay_000486200,m_02237,c_0104272,2026-01-01 01:00:00,US,SMB,Desktop,Wallet,65.16,1,,0,0,841,1.24
pay_000885671,m_01819,c_0138284,2026-01-01 01:00:00,AU,Mid-market,Mobile,Card,74.35,0,expired_card,0,0,859,0.0
pay_000347573,m_04873,c_0054913,2026-01-01 01:00:00,US,SMB,Desktop,Card,83.9,1,,0,0,818,1.59
pay_000740325,m_04487,c_0044374,2026-01-01 01:00:00,US,SMB,Mobile,Card,282.56,1,,0,0,762,5.37
pay_000496946,m_04731,c_0173720,2026-01-01 01:00:00,CA,SMB,Desktop,Wallet,7.39,1,,0,0,584,0.14
pay_000996022,m_04837,c_0034069,2026-01-01 01:01:00,US,Enterprise,Desktop,Card,87.77,1,,0,0,574,1.67
pay_000158460,m_03248,c_0089498,2026-01-01 01:01:00,CA,SMB,Mobile,Card,11.44,1,,0,0,771,0.22
pay_000845860,m_03395,c_0135718,2026-01-01 01:01:00,US,SMB,Mobile,Wallet,9.09,1,,0,0,854,0.17
pay_000714926,m_01061,c_0112217,2026-01-01 01:02:00,US,Mid-market,Desktop,Wallet,9.64,0,issuer_decline,0,0,667,0.0
pay_000097544,m_00487,c_0086176,2026-01-01 01:02:00,CA,Mid-market,Desktop,Wallet,9.99,1,,0,0,751,0.19
pay_000849631,m_04042,c_0120442,2026-01-01 01:02:00,GB,SMB,Mobile,Card,35.02,1,,0,0,719,0.67
pay_000376178,m_04927,c_0080092,2026-01-01 01:02:00,CA,Mid-market,Mobile,Wallet,93.39,1,,0,0,696,1.77
pay_000569730,m_03337,c_0095166,2026-01-01 01:02:00,CA,SMB,Mobile,Card,8.54,0,insufficient_funds,0,0,811,0.0
pay_000515724,m_01705,c_0012555,2026-01-01 01:03:00,CA,SMB,Desktop,Bank debit,12.15,1,,0,0,843,0.23
pay_000235567,m_01177,c_0078433,2026-01-01 01:03:00,CA,Enterprise,Mobile,Card,53.86,1,,0,0,750,1.02
pay_000193741,m_03382,c_0132700,2026-01-01 01:04:00,GB,Mid-market,Mobile,Card,12.13,1,,0,0,984,0.23
pay_000322471,m_02156,c_0056870,2026-01-01 01:05:00,US,SMB,Mobile,Wallet,3.0,1,,0,0,1035,0.06
pay_000686015,m_00074,c_0019543,2026-01-01 01:05:00,CA,SMB,Mobile,Card,39.51,1,,0,0,987,0.75
pay_000269199,m_03016,c_0075173,2026-01-01 01:06:00,US,Mid-market,Desktop,Card,30.84,1,,0,0,958,0.59
pay_000047076,m_03415,c_0119284,2026-01-01 01:06:00,US,Enterprise,Mobile,Wallet,370.42,1,,0,0,777,7.04
pay_000697620,m_04063,c_0167127,2026-01-01 01:06:00,GB,SMB,Mobile,Card,16.51,1,,0,0,1259,0.31
pay_000679110,m_03199,c_0044230,2026-01-01 01:06:00,US,SMB,Desktop,Card,13.16,1,,0,0,875,0.25
pay_000623440,m_01471,c_0012951,2026-01-01 01:06:00,AU,SMB,Desktop,Card,47.25,1,,0,0,731,0.9
pay_000616346,m_03404,c_0089526,2026-01-01 01:06:00,DE,SMB,Desktop,Card,21.89,1,,0,0,832,0.42
pay_000692391,m_01155,c_0016034,2026-01-01 01:07:00,US,SMB,Mobile,Bank debit,36.68,1,,0,0,1017,0.7
pay_000124678,m_01572,c_0149125,2026-01-01 01:07:00,GB,Mid-market,Desktop,Wallet,99.81,1,,0,0,697,1.9
pay_000671993,m_01624,c_0055649,2026-01-01 01:07:00,US,Mid-market,Mobile,Card,69.55,1,,0,0,1010,1.32
pay_000287519,m_04999,c_0166290,2026-01-01 01:07:00,DE,Enterprise,Mobile,Card,361.07,1,,0,0,704,6.86
pay_000953250,m_03135,c_0050254,2026-01-01 01:08:00,US,SMB,Mobile,BNPL,35.51,1,,0,0,692,0.67
pay_000961764,m_01794,c_0118350,2026-01-01 01:08:00,US,SMB,Mobile,BNPL,23.5,0,insufficient_funds,0,0,587,0.0
pay_000026404,m_02226,c_0093026,2026-01-01 01:09:00,AU,Enterprise,Mobile,Card,188.25,1,,0,0,914,3.58
pay_000508652,m_02309,c_0050805,2026-01-01 01:09:00,US,SMB,Desktop,Card,22.54,0,expired_card,0,0,529,0.0
pay_000193468,m_04150,c_0083885,2026-01-01 01:09:00,US,SMB,Mobile,Card,18.35,1,,0,0,1050,0.35
pay_000321700,m_01348,c_0156026,2026-01-01 01:10:00,US,SMB,Desktop,Card,6.92,1,,0,0,766,0.13
pay_000565925,m_00791,c_0131225,2026-01-01 01:10:00,CA,SMB,Desktop,Card,11.61,1,,0,0,700,0.22
pay_000769445,m_02146,c_0055347,2026-01-01 01:11:00,CA,Enterprise,Mobile,Card,74.57,1,,0,0,900,1.42
pay_000683536,m_02432,c_0083055,2026-01-01 01:11:00,DE,SMB,Mobile,BNPL,58.45,1,,0,0,530,1.11
pay_000351623,m_01944,c_0021447,2026-01-01 01:11:00,CA,SMB,Mobile,Card,129.24,1,,0,0,675,2.46
pay_000330916,m_03436,c_0084876,2026-01-01 01:12:00,CA,Enterprise,Mobile,Bank debit,68.78,1,,0,0,870,1.31
pay_000422838,m_04967,c_0163186,2026-01-01 01:12:00,US,Enterprise,Desktop,Card,20.25,1,,0,0,610,0.38
pay_000940629,m_00018,c_0102492,2026-01-01 01:14:00,AU,SMB,Mobile,Wallet,34.73,1,,0,0,476,0.66
pay_000684021,m_03927,c_0164854,2026-01-01 01:14:00,DE,SMB,Desktop,Card,27.78,1,,0,0,837,0.53
pay_000922272,m_04169,c_0116581,2026-01-01 01:14:00,US,SMB,Mobile,Card,77.39,1,,0,0,823,1.47
pay_000784902,m_02939,c_0058641,2026-01-01 01:15:00,AU,Enterprise,Mobile,Card,20.58,1,,0,0,732,0.39
pay_000700298,m_02833,c_0049667,2026-01-01 01:15:00,US,Mid-market,Mobile,Wallet,70.72,1,,0,0,860,1.34
pay_000236741,m_04248,c_0162373,2026-01-01 01:15:00,CA,SMB,Mobile,Card,52.35,1,,0,0,745,0.99
pay_000942840,m_03708,c_0082522,2026-01-01 01:15:00,DE,SMB,Desktop,Card,15.48,1,,0,0,520,0.29
pay_000742120,m_04713,c_0064077,2026-01-01 01:16:00,US,SMB,Mobile,Card,18.65,1,,0,0,602,0.35
pay_000621434,m_00942,c_0163687,2026-01-01 01:16:00,US,SMB,Mobile,Card,44.73,1,,0,0,674,0.85
pay_000997020,m_01783,c_0114732,2026-01-01 01:16:00,CA,SMB,Desktop,Card,26.95,1,,0,0,997,0.51
pay_000165746,m_04297,c_0033446,2026-01-01 01:17:00,US,SMB,Desktop,Card,57.47,1,,0,0,741,1.09
pay_000131187,m_04291,c_0062497,2026-01-01 01:17:00,US,SMB,Mobile,Card,75.25,1,,0,0,756,1.43
pay_000849511,m_00838,c_0081954,2026-01-01 01:18:00,AU,Mid-market,Desktop,Card,18.01,1,,0,0,552,0.34
pay_000688443,m_03288,c_0077880,2026-01-01 01:18:00,US,Mid-market,Mobile,Card,105.9,1,,0,0,986,2.01
pay_000536994,m_02085,c_0068474,2026-01-01 01:18:00,DE,SMB,Mobile,BNPL,23.69,1,,0,0,927,0.45
pay_000740183,m_02084,c_0018689,2026-01-01 01:19:00,US,Enterprise,Mobile,Card,171.52,1,,0,0,656,3.26
pay_000516676,m_04332,c_0022688,2026-01-01 01:19:00,US,SMB,Mobile,Wallet,23.07,1,,0,0,731,0.44
pay_000752127,m_04928,c_0028275,2026-01-01 01:20:00,US,SMB,Desktop,Card,83.18,1,,0,0,542,1.58
pay_000095506,m_01831,c_0050248,2026-01-01 01:20:00,US,SMB,Desktop,Card,17.27,1,,0,0,617,0.33
pay_000107551,m_03045,c_0163544,2026-01-01 01:20:00,US,SMB,Mobile,Card,27.13,1,,0,0,1068,0.52
pay_000643345,m_00261,c_0177344,2026-01-01 01:21:00,DE,SMB,Mobile,Bank debit,85.98,1,,0,0,1361,1.63
pay_000202455,m_03872,c_0078539,2026-01-01 01:21:00,GB,Enterprise,Mobile,Card,137.53,1,,0,0,879,2.61
pay_000558925,m_03671,c_0155084,2026-01-01 01:22:00,AU,SMB,Mobile,Wallet,19.6,1,,0,0,724,0.37
pay_000635182,m_02053,c_0071428,2026-01-01 01:23:00,AU,Enterprise,Mobile,BNPL,189.86,1,,0,0,894,3.61
pay_000916797,m_02146,c_0014649,2026-01-01 01:23:00,US,Mid-market,Mobile,Wallet,37.44,1,,0,0,812,0.71
pay_000831556,m_04494,c_0077203,2026-01-01 01:24:00,GB,Mid-market,Mobile,Card,15.0,1,,1,0,516,0.28
pay_000797931,m_00883,c_0113416,2026-01-01 01:24:00,GB,SMB,Mobile,Card,21.0,1,,0,0,867,0.4
pay_000548765,m_04568,c_0046117,2026-01-01 01:25:00,AU,SMB,Mobile,Wallet,8.52,1,,0,0,457,0.16
pay_000486736,m_04061,c_0156473,2026-01-01 01:25:00,AU,SMB,Mobile,Card,9.56,1,,0,0,534,0.18
pay_000953771,m_01569,c_0151168,2026-01-01 01:26:00,US,SMB,Mobile,Card,22.38,1,,0,0,726,0.43
pay_000591291,m_01805,c_0054492,2026-01-01 01:26:00,US,Enterprise,Mobile,Bank debit,140.06,1,,0,0,998,2.66
pay_000410438,m_03059,c_0068374,2026-01-01 01:26:00,DE,SMB,Mobile,Bank debit,13.89,1,,0,0,1268,0.26
pay_000883386,m_02850,c_0106133,2026-01-01 01:27:00,GB,Mid-market,Mobile,Card,28.45,1,,0,0,747,0.54
pay_000694499,m_02943,c_0013275,2026-01-01 01:27:00,AU,SMB,Mobile,Card,44.16,1,,0,0,463,0.84
pay_000290071,m_03273,c_0141416,2026-01-01 01:27:00,US,Enterprise,Mobile,Wallet,89.32,1,,0,0,785,1.7
pay_000577669,m_00554,c_0173084,2026-01-01 01:27:00,US,SMB,Mobile,Wallet,27.58,1,,0,0,419,0.52
pay_000730743,m_03868,c_0173380,2026-01-01 01:28:00,GB,SMB,Mobile,Wallet,19.64,1,,0,0,929,0.37
pay_000439600,m_04716,c_0141278,2026-01-01 01:28:00,US,Mid-market,Desktop,Card,87.03,1,,0,0,802,1.65
pay_000354107,m_01630,c_0162384,2026-01-01 01:29:00,CA,SMB,Desktop,Card,24.39,1,,0,0,514,0.46
pay_000556545,m_03123,c_0128755,2026-01-01 01:29:00,US,Enterprise,Mobile,Card,30.87,1,,0,0,586,0.59
pay_000796293,m_04868,c_0137075,2026-01-01 01:30:00,GB,Enterprise,Desktop,Card,31.91,1,,0,0,602,0.61
pay_000678647,m_02960,c_0040438,2026-01-01 01:30:00,CA,SMB,Mobile,Card,23.85,1,,0,0,394,0.45
pay_000340385,m_04940,c_0174458,2026-01-01 01:30:00,DE,SMB,Mobile,Card,42.42,1,,0,0,483,0.81
pay_000388492,m_03597,c_0153623,2026-01-01 01:31:00,CA,SMB,Desktop,Card,13.0,1,,0,0,909,0.25
pay_000220609,m_03662,c_0175407,2026-01-01 01:31:00,CA,SMB,Mobile,Card,3.21,1,,0,0,588,0.06
pay_000333226,m_00185,c_0170837,2026-01-01 01:31:00,US,SMB,Desktop,Wallet,35.32,1,,0,0,542,0.67
pay_000029547,m_00984,c_0017174,2026-01-01 01:31:00,GB,SMB,Mobile,Card,33.72,1,,0,0,264,0.64
pay_000063162,m_02502,c_0171873,2026-01-01 01:31:00,US,SMB,Mobile,Card,14.53,1,,0,0,739,0.28
pay_000367126,m_02237,c_0111694,2026-01-01 01:32:00,DE,Mid-market,Desktop,Wallet,12.66,1,,0,0,774,0.24
pay_000234410,m_01738,c_0052724,2026-01-01 01:32:00,CA,Mid-market,Mobile,Card,6.24,1,,0,0,439,0.12
pay_000412981,m_02441,c_0010235,2026-01-01 01:32:00,US,SMB,Desktop,Card,213.96,1,,0,0,966,4.07
pay_000125728,m_00913,c_0010669,2026-01-01 01:32:00,US,SMB,Mobile,Bank debit,35.75,1,,0,0,967,0.68
pay_000804076,m_00548,c_0037291,2026-01-01 01:32:00,GB,Mid-market,Mobile,Card,64.85,1,,0,0,496,1.23
pay_000571812,m_04860,c_0079017,2026-01-01 01:33:00,US,Mid-market,Mobile,Bank debit,30.52,1,,0,0,1095,0.58
pay_000234536,m_03915,c_0054466,2026-01-01 01:34:00,CA,SMB,Desktop,Card,49.22,1,,0,0,949,0.94
pay_000923062,m_04036,c_0089435,2026-01-01 01:34:00,US,Mid-market,Desktop,Wallet,129.5,1,,0,0,340,2.46
pay_000023819,m_04645,c_0014806,2026-01-01 01:34:00,DE,SMB,Mobile,Bank debit,34.86,1,,0,0,946,0.66
pay_000374693,m_03527,c_0058066,2026-01-01 01:34:00,GB,SMB,Desktop,Wallet,11.58,1,,0,0,658,0.22
pay_000543280,m_01562,c_0171004,2026-01-01 01:35:00,CA,Enterprise,Desktop,Wallet,37.39,1,,0,0,802,0.71
pay_000357432,m_03475,c_0152100,2026-01-01 01:35:00,US,Mid-market,Mobile,Card,42.02,1,,0,0,381,0.8
pay_000677713,m_02308,c_0139646,2026-01-01 01:35:00,CA,SMB,Mobile,Card,23.41,1,,0,0,902,0.44
pay_000653916,m_02338,c_0157213,2026-01-01 01:36:00,GB,Mid-market,Desktop,Card,83.97,1,,0,0,650,1.6
pay_000757960,m_03117,c_0152613,2026-01-01 01:36:00,AU,Mid-market,Mobile,Card,47.76,1,,0,0,579,0.91
pay_000213180,m_02383,c_0027978,2026-01-01 01:36:00,GB,Enterprise,Desktop,Bank debit,63.29,1,,0,0,1448,1.2
pay_000759043,m_01831,c_0153019,2026-01-01 01:37:00,CA,Mid-market,Desktop,Wallet,36.58,1,,0,0,817,0.7
pay_000117141,m_03231,c_0155131,2026-01-01 01:37:00,GB,Mid-market,Mobile,Wallet,107.84,1,,0,0,728,2.05
pay_000781484,m_00106,c_0050404,2026-01-01 01:37:00,DE,SMB,Mobile,Card,35.76,1,,0,0,628,0.68
pay_000649186,m_01116,c_0058900,2026-01-01 01:38:00,AU,SMB,Mobile,Card,16.48,1,,0,0,347,0.31
pay_000452695,m_03274,c_0057112,2026-01-01 01:39:00,US,Mid-market,Desktop,Card,14.74,1,,0,0,637,0.28
pay_000301977,m_04018,c_0071141,2026-01-01 01:39:00,US,SMB,Mobile,Wallet,24.02,1,,0,0,467,0.46
pay_000692902,m_02980,c_0145981,2026-01-01 01:39:00,US,SMB,Desktop,Card,14.23,1,,0,0,774,0.27
pay_000851355,m_02253,c_0116410,2026-01-01 01:39:00,US,Mid-market,Mobile,Wallet,69.96,1,,0,0,488,1.33
pay_000999920,m_00360,c_0039026,2026-01-01 01:39:00,US,Mid-market,Mobile,Card,54.35,1,,0,0,1141,1.03
pay_000959272,m_00411,c_0177288,2026-01-01 01:40:00,CA,SMB,Desktop,Card,33.16,1,,0,0,1105,0.63
pay_000053938,m_00930,c_0102484,2026-01-01 01:40:00,US,SMB,Mobile,Card,50.27,1,,0,0,732,0.96
pay_000956974,m_00789,c_0096326,2026-01-01 01:40:00,US,Mid-market,Mobile,Card,27.12,1,,0,0,526,0.52
pay_000801068,m_00958,c_0037164,2026-01-01 01:40:00,US,SMB,Desktop,Card,20.77,1,,0,0,236,0.39
pay_000644569,m_03474,c_0168200,2026-01-01 01:41:00,CA,SMB,Mobile,Card,17.93,1,,0,0,503,0.34
pay_000274320,m_00289,c_0069455,2026-01-01 01:41:00,US,SMB,Mobile,Bank debit,19.49,1,,0,0,858,0.37
pay_000191606,m_02436,c_0074871,2026-01-01 01:41:00,DE,SMB,Desktop,Bank debit,95.41,1,,0,0,956,1.81
pay_000137002,m_02296,c_0047827,2026-01-01 01:41:00,DE,SMB,Mobile,Card,17.98,1,,0,0,655,0.34
pay_000756566,m_01854,c_0100157,2026-01-01 01:41:00,US,Mid-market,Mobile,Card,50.9,1,,0,0,703,0.97
pay_000047032,m_04497,c_0081688,2026-01-01 01:42:00,US,Enterprise,Mobile,Card,38.34,1,,0,0,572,0.73
pay_000865893,m_00778,c_0122846,2026-01-01 01:42:00,US,Enterprise,Desktop,Wallet,111.49,1,,0,0,573,2.12
pay_000472672,m_00967,c_0177650,2026-01-01 01:43:00,AU,Mid-market,Mobile,Wallet,31.97,1,,0,0,817,0.61
pay_000482083,m_02120,c_0120458,2026-01-01 01:43:00,US,Mid-market,Desktop,Wallet,91.48,1,,0,0,981,1.74
pay_000393065,m_04744,c_0029846,2026-01-01 01:44:00,AU,SMB,Mobile,Card,35.63,1,,0,0,784,0.68
pay_000833341,m_01558,c_0099528,2026-01-01 01:44:00,GB,SMB,Mobile,Wallet,200.46,1,,0,0,747,3.81
pay_000187521,m_02317,c_0044255,2026-01-01 01:44:00,US,Enterprise,Mobile,Card,309.71,1,,0,0,388,5.88
pay_000888421,m_03434,c_0028960,2026-01-01 01:44:00,US,SMB,Mobile,Card,19.57,1,,0,0,375,0.37
pay_000885394,m_04972,c_0119253,2026-01-01 01:44:00,DE,SMB,Mobile,Wallet,17.36,1,,0,0,1130,0.33
pay_000340450,m_00801,c_0067695,2026-01-01 01:44:00,CA,SMB,Desktop,Card,52.36,1,,0,0,664,0.99
pay_000818325,m_02340,c_0137566,2026-01-01 01:44:00,AU,SMB,Mobile,Wallet,3.0,1,,0,0,569,0.06
pay_000935177,m_03383,c_0143832,2026-01-01 01:45:00,US,SMB,Mobile,Card,16.24,1,,0,0,731,0.31
pay_000851153,m_04601,c_0058190,2026-01-01 01:45:00,DE,SMB,Mobile,Bank debit,17.01,1,,0,0,908,0.32
pay_000439340,m_03982,c_0014607,2026-01-01 01:45:00,US,Mid-market,Desktop,Card,120.86,1,,0,0,684,2.3
pay_000840546,m_04622,c_0042236,2026-01-01 01:46:00,CA,Mid-market,Desktop,Wallet,36.84,1,,0,0,813,0.7
pay_000775264,m_01132,c_0024294,2026-01-01 01:47:00,US,Mid-market,Desktop,Wallet,192.61,1,,0,0,759,3.66
pay_000758425,m_04618,c_0164220,2026-01-01 01:47:00,GB,SMB,Mobile,Bank debit,104.03,1,,0,0,941,1.98
pay_000405731,m_03471,c_0162122,2026-01-01 01:47:00,US,Mid-market,Desktop,Card,38.47,1,,0,0,977,0.73
pay_000498761,m_03567,c_0163696,2026-01-01 01:47:00,CA,Mid-market,Mobile,Card,56.38,0,issuer_decline,0,0,800,0.0
pay_000286630,m_01063,c_0155548,2026-01-01 01:48:00,CA,Mid-market,Mobile,Card,44.01,1,,0,0,1005,0.84
pay_000568330,m_02522,c_0162173,2026-01-01 01:48:00,US,Enterprise,Mobile,Card,138.13,1,,0,0,890,2.62
pay_000147997,m_04809,c_0067814,2026-01-01 01:48:00,DE,SMB,Desktop,Wallet,3.7,1,,1,0,731,0.07
pay_000328680,m_02589,c_0123205,2026-01-01 01:49:00,AU,SMB,Mobile,Card,35.86,1,,0,0,526,0.68
pay_000850132,m_03985,c_0047469,2026-01-01 01:49:00,DE,SMB,Mobile,Card,20.37,1,,0,0,789,0.39
pay_000074463,m_01169,c_0090883,2026-01-01 01:50:00,US,Mid-market,Mobile,BNPL,73.11,1,,0,0,717,1.39
pay_000010964,m_02819,c_0026053,2026-01-01 01:50:00,US,Enterprise,Mobile,Bank debit,278.66,1,,0,0,1017,5.29
pay_000142811,m_00006,c_0138134,2026-01-01 01:50:00,US,Mid-market,Mobile,Card,35.54,1,,0,0,1301,0.68
pay_000336079,m_04455,c_0085433,2026-01-01 01:50:00,GB,Mid-market,Mobile,Card,120.79,1,,0,0,279,2.3
pay_000364112,m_00739,c_0069652,2026-01-01 01:51:00,US,Enterprise,Mobile,Card,134.39,1,,0,0,664,2.55
pay_000814618,m_04189,c_0095072,2026-01-01 01:51:00,GB,SMB,Desktop,BNPL,53.7,1,,0,0,1144,1.02
pay_000828561,m_04031,c_0100556,2026-01-01 01:52:00,US,SMB,Mobile,Card,26.15,1,,0,0,857,0.5
pay_000020051,m_01150,c_0022697,2026-01-01 01:53:00,GB,SMB,Mobile,Wallet,97.59,1,,0,0,734,1.85
pay_000203177,m_04738,c_0178400,2026-01-01 01:53:00,US,Enterprise,Mobile,Card,394.1,1,,0,0,626,7.49
pay_000529903,m_01926,c_0041260,2026-01-01 01:54:00,AU,SMB,Mobile,Card,148.68,1,,0,0,971,2.82
pay_000838113,m_04018,c_0052659,2026-01-01 01:54:00,US,SMB,Mobile,Card,9.22,1,,0,0,912,0.18
pay_000641902,m_00963,c_0057214,2026-01-01 01:54:00,GB,Mid-market,Desktop,Wallet,54.89,1,,0,0,679,1.04
pay_000454951,m_01677,c_0107308,2026-01-01 01:54:00,US,Mid-market,Mobile,BNPL,49.3,1,,0,0,952,0.94
pay_000957987,m_04354,c_0064108,2026-01-01 01:54:00,CA,SMB,Mobile,Card,168.3,1,,0,0,1138,3.2
pay_000164931,m_00998,c_0014431,2026-01-01 01:55:00,US,Enterprise,Mobile,Card,37.06,1,,0,0,778,0.7
pay_000270138,m_04352,c_0003891,2026-01-01 01:55:00,CA,Mid-market,Desktop,Bank debit,32.43,1,,0,0,964,0.62
pay_000693593,m_02184,c_0048433,2026-01-01 01:55:00,DE,SMB,Mobile,Card,28.38,1,,0,0,640,0.54
pay_000891954,m_02231,c_0115065,2026-01-01 01:56:00,DE,Mid-market,Desktop,Card,114.49,1,,0,0,702,2.18
pay_000181963,m_00522,c_0108978,2026-01-01 01:56:00,US,SMB,Mobile,Card,99.63,1,,0,0,899,1.89
pay_000397446,m_00093,c_0029697,2026-01-01 01:56:00,US,SMB,Mobile,Card,38.75,1,,0,0,956,0.74
pay_000232741,m_00528,c_0071577,2026-01-01 01:56:00,CA,SMB,Mobile,Card,9.06,1,,0,0,622,0.17
pay_000709519,m_00510,c_0150919,2026-01-01 01:56:00,GB,Mid-market,Mobile,Card,31.23,1,,0,0,641,0.59
pay_000363628,m_03596,c_0089783,2026-01-01 01:57:00,CA,SMB,Desktop,Card,12.29,1,,0,0,629,0.23
pay_000720768,m_04845,c_0142210,2026-01-01 01:57:00,US,Enterprise,Mobile,Card,25.35,1,,0,0,842,0.48
pay_000369860,m_01303,c_0118074,2026-01-01 01:57:00,AU,SMB,Mobile,Card,11.26,1,,0,0,585,0.21
pay_000585994,m_03884,c_0029558,2026-01-01 01:57:00,CA,Mid-market,Desktop,BNPL,55.42,1,,0,0,609,1.05
pay_000454719,m_02517,c_0130905,2026-01-01 01:58:00,US,SMB,Desktop,Bank debit,13.91,1,,0,0,1234,0.26
pay_000346166,m_00131,c_0176335,2026-01-01 01:58:00,GB,Enterprise,Mobile,Card,169.49,1,,0,0,702,3.22
pay_000092091,m_02335,c_0088968,2026-01-01 01:58:00,US,Enterprise,Desktop,Card,372.81,1,,0,0,434,7.08
pay_000571724,m_01580,c_0076703,2026-01-01 01:58:00,GB,SMB,Desktop,Card,10.56,1,,0,0,834,0.2
pay_000449187,m_03712,c_0127978,2026-01-01 01:59:00,GB,SMB,Desktop,Card,12.93,1,,0,0,562,0.25
pay_000958976,m_03858,c_0031883,2026-01-01 01:59:00,DE,SMB,Desktop,Card,35.45,1,,0,0,724,0.67
pay_000995011,m_03164,c_0129713,2026-01-01 01:59:00,DE,SMB,Mobile,Card,21.29,1,,0,0,848,0.4
pay_000467857,m_04226,c_0137891,2026-01-01 01:59:00,US,SMB,Mobile,Card,78.51,1,,0,0,626,1.49
pay_000658646,m_04881,c_0076056,2026-01-01 01:59:00,CA,SMB,Mobile,Wallet,92.14,1,,0,0,651,1.75
pay_000344129,m_02579,c_0099797,2026-01-01 02:00:00,AU,Mid-market,Mobile,Wallet,19.15,1,,0,0,842,0.36
pay_000833699,m_00709,c_0017854,2026-01-01 02:00:00,US,SMB,Mobile,Card,78.22,1,,0,0,881,1.49
pay_000290080,m_04029,c_0094365,2026-01-01 02:00:00,US,Mid-market,Mobile,Card,76.84,1,,0,0,470,1.46
pay_000420988,m_04970,c_0023732,2026-01-01 02:01:00,US,SMB,Mobile,Card,21.7,1,,0,0,885,0.41
pay_000206399,m_02830,c_0084606,2026-01-01 02:01:00,DE,Mid-market,Mobile,Bank debit,82.53,0,network_error,0,0,1241,0.0
pay_000896222,m_02983,c_0003729,2026-01-01 02:01:00,US,SMB,Mobile,Card,108.99,1,,0,0,778,2.07
pay_000585542,m_02214,c_0054918,2026-01-01 02:01:00,CA,Mid-market,Mobile,Card,132.14,1,,0,0,836,2.51
pay_000557811,m_00198,c_0019669,2026-01-01 02:02:00,US,Mid-market,Mobile,Card,234.84,1,,0,0,395,4.46
pay_000997700,m_04866,c_0092457,2026-01-01 02:02:00,AU,Mid-market,Desktop,Card,65.56,1,,0,0,629,1.25
pay_000296463,m_01694,c_0029987,2026-01-01 02:02:00,US,Enterprise,Mobile,Card,171.86,1,,0,0,673,3.27
pay_000348686,m_01631,c_0040778,2026-01-01 02:02:00,US,Mid-market,Desktop,Wallet,39.43,1,,0,0,498,0.75
pay_000823923,m_00137,c_0081702,2026-01-01 02:02:00,GB,Enterprise,Mobile,Card,48.55,1,,0,0,428,0.92
pay_000040189,m_02855,c_0016398,2026-01-01 02:02:00,US,Enterprise,Mobile,Card,30.14,0,expired_card,0,0,789,0.0
pay_000837532,m_03970,c_0102110,2026-01-01 02:03:00,US,SMB,Desktop,Bank debit,10.45,1,,0,0,1347,0.2
pay_000549802,m_01688,c_0027067,2026-01-01 02:03:00,CA,SMB,Mobile,Bank debit,12.54,1,,0,0,1003,0.24
pay_000874537,m_02977,c_0137043,2026-01-01 02:03:00,DE,Enterprise,Desktop,Card,94.6,1,,0,0,1062,1.8
pay_000747896,m_02265,c_0144802,2026-01-01 02:03:00,DE,SMB,Mobile,Card,37.73,1,,0,0,696,0.72
pay_000921264,m_03685,c_0049598,2026-01-01 02:03:00,US,SMB,Mobile,BNPL,38.15,1,,1,0,727,0.72
pay_000422042,m_00979,c_0162467,2026-01-01 02:04:00,AU,SMB,Mobile,Bank debit,31.45,1,,0,0,864,0.6
pay_000115628,m_02091,c_0105891,2026-01-01 02:04:00,CA,SMB,Mobile,Card,385.51,1,,0,0,983,7.32
pay_000118758,m_03707,c_0037277,2026-01-01 02:04:00,US,SMB,Desktop,Card,17.21,0,expired_card,0,0,519,0.0
pay_000193555,m_00909,c_0054088,2026-01-01 02:05:00,DE,SMB,Mobile,Card,3.03,1,,0,0,755,0.06
pay_000681175,m_04713,c_0165899,2026-01-01 02:05:00,AU,SMB,Desktop,Card,7.9,1,,0,0,531,0.15
pay_000948736,m_04357,c_0121501,2026-01-01 02:05:00,CA,Enterprise,Mobile,Card,180.27,1,,0,1,687,3.43
pay_000177811,m_02180,c_0086326,2026-01-01 02:07:00,DE,Mid-market,Mobile,Card,16.29,1,,0,0,867,0.31
pay_000230903,m_01881,c_0022034,2026-01-01 02:07:00,US,SMB,Desktop,Card,29.41,1,,0,0,817,0.56
pay_000084681,m_04138,c_0007783,2026-01-01 02:07:00,CA,Enterprise,Mobile,Card,21.18,1,,0,0,642,0.4
pay_000945183,m_04677,c_0143454,2026-01-01 02:07:00,US,SMB,Mobile,Card,40.74,1,,0,0,918,0.77
pay_000212498,m_04354,c_0129771,2026-01-01 02:08:00,AU,SMB,Mobile,BNPL,17.19,1,,0,0,762,0.33
pay_000363748,m_04247,c_0162604,2026-01-01 02:08:00,US,Mid-market,Desktop,Card,44.32,1,,0,0,695,0.84
pay_000567080,m_03169,c_0127012,2026-01-01 02:08:00,CA,SMB,Desktop,Bank debit,55.96,1,,0,0,913,1.06
pay_000849854,m_03997,c_0071324,2026-01-01 02:09:00,GB,SMB,Desktop,Card,149.5,1,,0,0,419,2.84
pay_000390656,m_01631,c_0111964,2026-01-01 02:10:00,US,Enterprise,Mobile,Card,54.83,1,,0,0,920,1.04
pay_000857345,m_02429,c_0080512,2026-01-01 02:10:00,CA,SMB,Mobile,Card,7.59,1,,0,0,792,0.14
pay_000094856,m_03599,c_0043166,2026-01-01 02:10:00,US,SMB,Mobile,Bank debit,220.38,1,,0,0,1006,4.19
pay_000404788,m_03755,c_0011110,2026-01-01 02:10:00,CA,SMB,Mobile,Card,46.55,1,,0,0,868,0.88
pay_000181273,m_00351,c_0115276,2026-01-01 02:10:00,AU,Mid-market,Mobile,Bank debit,764.63,1,,0,0,937,14.53
pay_000863207,m_00289,c_0147709,2026-01-01 02:10:00,US,SMB,Mobile,Wallet,44.4,1,,0,0,577,0.84
pay_000787034,m_04637,c_0119578,2026-01-01 02:11:00,AU,SMB,Mobile,Bank debit,26.37,1,,0,0,1006,0.5
pay_000976657,m_01396,c_0123728,2026-01-01 02:11:00,AU,Mid-market,Mobile,Card,58.48,1,,0,0,282,1.11
pay_000532622,m_01682,c_0133853,2026-01-01 02:12:00,US,SMB,Mobile,Card,11.5,0,network_error,0,0,580,0.0
pay_000164779,m_00163,c_0017431,2026-01-01 02:12:00,AU,Mid-market,Mobile,Wallet,203.87,1,,0,0,976,3.87
pay_000538531,m_04277,c_0041556,2026-01-01 02:12:00,CA,SMB,Desktop,Card,178.11,1,,0,0,620,3.38
pay_000976553,m_00935,c_0166310,2026-01-01 02:12:00,AU,Enterprise,Mobile,Card,62.88,1,,0,0,758,1.19
pay_000652750,m_04018,c_0091002,2026-01-01 02:12:00,US,Enterprise,Mobile,Bank debit,94.79,1,,0,0,1005,1.8
pay_000275116,m_01220,c_0015571,2026-01-01 02:13:00,CA,Enterprise,Desktop,BNPL,21.04,1,,0,0,850,0.4
pay_000905345,m_04926,c_0040603,2026-01-01 02:13:00,GB,SMB,Mobile,Card,38.57,1,,0,0,672,0.73
pay_000698221,m_02610,c_0152850,2026-01-01 02:13:00,CA,SMB,Mobile,Card,61.15,1,,0,0,1117,1.16
pay_000313049,m_00316,c_0107240,2026-01-01 02:14:00,US,Enterprise,Mobile,Card,32.57,1,,0,0,474,0.62
pay_000561793,m_00459,c_0140713,2026-01-01 02:15:00,US,SMB,Desktop,Wallet,32.67,1,,0,0,828,0.62
pay_000243264,m_03276,c_0155304,2026-01-01 02:15:00,AU,Enterprise,Mobile,Card,119.06,1,,0,0,978,2.26
pay_000018693,m_00209,c_0118506,2026-01-01 02:15:00,DE,Mid-market,Mobile,BNPL,17.03,1,,1,0,1030,0.32
pay_000298000,m_00306,c_0176061,2026-01-01 02:15:00,GB,SMB,Mobile,BNPL,95.68,1,,0,0,830,1.82
pay_000143444,m_04307,c_0123553,2026-01-01 02:16:00,CA,Mid-market,Mobile,Card,73.56,1,,0,0,1085,1.4
pay_000446238,m_01779,c_0153439,2026-01-01 02:16:00,US,SMB,Desktop,Card,19.89,0,suspected_fraud,0,0,614,0.0
pay_000914268,m_03529,c_0113750,2026-01-01 02:17:00,GB,Mid-market,Mobile,Card,81.41,1,,0,0,1109,1.55
pay_000762579,m_03329,c_0110070,2026-01-01 02:17:00,GB,Mid-market,Mobile,Wallet,19.77,1,,0,0,712,0.38
pay_000095756,m_03782,c_0123918,2026-01-01 02:17:00,CA,Enterprise,Desktop,Bank debit,44.28,1,,0,0,1127,0.84
pay_000782452,m_00382,c_0115446,2026-01-01 02:18:00,CA,SMB,Mobile,Wallet,65.74,1,,0,0,588,1.25
pay_000264648,m_02960,c_0130323,2026-01-01 02:18:00,GB,SMB,Desktop,Card,18.59,0,issuer_decline,0,0,1010,0.0
pay_000099927,m_02135,c_0141280,2026-01-01 02:19:00,GB,SMB,Mobile,Card,49.5,1,,0,0,638,0.94
pay_000304747,m_04664,c_0093962,2026-01-01 02:19:00,CA,SMB,Desktop,Card,17.91,1,,0,0,722,0.34
pay_000320023,m_02988,c_0075123,2026-01-01 02:19:00,US,SMB,Desktop,Card,18.27,1,,0,0,826,0.35
pay_000509385,m_02902,c_0159379,2026-01-01 02:20:00,US,SMB,Mobile,BNPL,64.91,1,,0,0,878,1.23
pay_000967445,m_03069,c_0096866,2026-01-01 02:21:00,CA,Mid-market,Mobile,Card,459.97,1,,0,0,747,8.74
pay_000556336,m_03877,c_0112050,2026-01-01 02:21:00,DE,SMB,Mobile,Card,45.38,1,,0,0,517,0.86
pay_000588288,m_02367,c_0110236,2026-01-01 02:21:00,US,Mid-market,Mobile,Card,33.73,1,,0,0,714,0.64
pay_000163328,m_00044,c_0108489,2026-01-01 02:21:00,DE,SMB,Mobile,Wallet,24.3,1,,0,0,744,0.46
pay_000749691,m_02516,c_0173160,2026-01-01 02:22:00,US,SMB,Desktop,Bank debit,76.48,1,,0,0,1421,1.45
pay_000515956,m_04587,c_0167125,2026-01-01 02:23:00,DE,SMB,Mobile,BNPL,76.21,1,,0,0,639,1.45
pay_000304762,m_03025,c_0056933,2026-01-01 02:23:00,US,SMB,Mobile,Wallet,22.84,1,,0,0,500,0.43
pay_000907202,m_01809,c_0092802,2026-01-01 02:23:00,CA,SMB,Mobile,Card,21.91,1,,0,0,777,0.42
pay_000624767,m_01196,c_0173528,2026-01-01 02:24:00,US,Enterprise,Mobile,Card,119.8,1,,0,0,640,2.28
pay_000012240,m_01792,c_0009876,2026-01-01 02:25:00,CA,Mid-market,Mobile,Wallet,175.74,1,,0,0,390,3.34
pay_000008283,m_04493,c_0123614,2026-01-01 02:25:00,CA,Mid-market,Mobile,Card,35.03,1,,0,0,887,0.67
pay_000664104,m_00147,c_0100040,2026-01-01 02:26:00,US,SMB,Mobile,Card,21.67,1,,0,0,1001,0.41
pay_000116745,m_02904,c_0126908,2026-01-01 02:26:00,US,Mid-market,Mobile,Card,38.08,1,,0,0,1022,0.72
pay_000447329,m_04468,c_0045711,2026-01-01 02:27:00,US,SMB,Mobile,Wallet,106.69,1,,0,0,844,2.03
pay_000828954,m_00147,c_0101829,2026-01-01 02:27:00,CA,SMB,Desktop,Card,47.78,1,,0,0,241,0.91
pay_000629780,m_00894,c_0176984,2026-01-01 02:28:00,US,Enterprise,Mobile,Card,21.18,1,,0,0,801,0.4
pay_000223581,m_02073,c_0152093,2026-01-01 02:29:00,GB,Enterprise,Desktop,Card,92.53,1,,0,0,555,1.76
pay_000044390,m_00915,c_0042948,2026-01-01 02:29:00,US,Mid-market,Desktop,Card,58.6,1,,0,0,543,1.11
pay_000647365,m_01987,c_0039425,2026-01-01 02:29:00,US,Mid-market,Mobile,Wallet,6.78,1,,0,0,521,0.13
pay_000821970,m_02769,c_0007569,2026-01-01 02:30:00,AU,SMB,Mobile,Bank debit,21.72,1,,0,0,845,0.41
pay_000906569,m_00386,c_0041221,2026-01-01 02:30:00,DE,SMB,Mobile,Card,144.4,1,,0,0,839,2.74
pay_000783089,m_03195,c_0019782,2026-01-01 02:31:00,GB,Mid-market,Desktop,Card,127.43,1,,0,0,842,2.42
pay_000050930,m_01147,c_0065473,2026-01-01 02:31:00,US,SMB,Mobile,Card,49.99,1,,0,0,974,0.95
pay_000721914,m_02822,c_0080047,2026-01-01 02:32:00,US,Mid-market,Desktop,Card,92.05,1,,0,0,596,1.75
pay_000814406,m_00602,c_0085147,2026-01-01 02:32:00,GB,Enterprise,Mobile,Bank debit,72.97,1,,0,0,1359,1.39
pay_000795569,m_00360,c_0021763,2026-01-01 02:32:00,US,Mid-market,Desktop,Card,126.86,1,,0,0,580,2.41
pay_000523632,m_04414,c_0165908,2026-01-01 02:33:00,AU,Enterprise,Mobile,Card,23.96,1,,0,0,719,0.46
pay_000163604,m_01183,c_0049601,2026-01-01 02:33:00,US,Enterprise,Desktop,Card,94.68,1,,0,0,420,1.8
pay_000883604,m_02097,c_0161290,2026-01-01 02:33:00,AU,Mid-market,Mobile,Card,38.6,1,,0,0,1062,0.73
pay_000254327,m_01251,c_0164582,2026-01-01 02:34:00,DE,SMB,Desktop,Bank debit,8.71,1,,0,0,777,0.17
pay_000189149,m_03211,c_0093640,2026-01-01 02:35:00,AU,SMB,Mobile,Wallet,10.23,1,,0,0,673,0.19
pay_000614029,m_04134,c_0138194,2026-01-01 02:35:00,CA,Enterprise,Mobile,Card,117.97,1,,0,0,965,2.24
pay_000600337,m_03290,c_0058191,2026-01-01 02:35:00,US,SMB,Desktop,Card,11.07,1,,0,0,883,0.21
pay_000246562,m_00482,c_0161680,2026-01-01 02:36:00,US,Mid-market,Mobile,Wallet,81.86,1,,0,0,753,1.56
pay_000496140,m_00343,c_0016389,2026-01-01 02:36:00,US,SMB,Desktop,Bank debit,11.11,1,,0,0,1058,0.21
pay_000205802,m_02753,c_0136556,2026-01-01 02:36:00,GB,Enterprise,Desktop,Card,50.76,1,,0,0,583,0.96
pay_000976055,m_02465,c_0061607,2026-01-01 02:36:00,US,SMB,Mobile,Card,14.88,1,,0,0,260,0.28
pay_000971556,m_00683,c_0147541,2026-01-01 02:37:00,US,Mid-market,Mobile,Bank debit,40.51,1,,0,0,1344,0.77
pay_000968122,m_04688,c_0112092,2026-01-01 02:37:00,US,SMB,Mobile,Card,19.68,0,suspected_fraud,0,0,479,0.0
pay_000020390,m_02302,c_0047742,2026-01-01 02:37:00,US,SMB,Mobile,Card,79.94,1,,0,0,552,1.52
pay_000557617,m_02889,c_0165193,2026-01-01 02:38:00,US,SMB,Mobile,BNPL,50.18,1,,0,0,982,0.95
pay_000982126,m_03254,c_0116212,2026-01-01 02:38:00,CA,SMB,Mobile,Card,30.58,1,,0,0,856,0.58
pay_000211483,m_01281,c_0001173,2026-01-01 02:38:00,DE,SMB,Desktop,Card,15.45,1,,0,0,690,0.29
pay_000391218,m_01761,c_0172308,2026-01-01 02:39:00,GB,SMB,Mobile,Bank debit,28.43,1,,0,0,913,0.54
pay_000148570,m_04413,c_0106570,2026-01-01 02:39:00,CA,SMB,Desktop,Bank debit,19.47,1,,0,0,766,0.37
pay_000521996,m_00400,c_0051572,2026-01-01 02:39:00,US,SMB,Mobile,Card,30.94,1,,0,0,332,0.59
pay_000474772,m_01903,c_0179662,2026-01-01 02:39:00,US,SMB,Mobile,Wallet,65.59,1,,0,0,639,1.25
pay_000454286,m_01699,c_0174418,2026-01-01 02:39:00,AU,Mid-market,Desktop,Bank debit,141.82,1,,0,0,1222,2.69
pay_000266864,m_01114,c_0021530,2026-01-01 02:40:00,AU,SMB,Desktop,Bank debit,30.47,0,expired_card,0,0,1031,0.0
pay_000733944,m_01230,c_0100493,2026-01-01 02:41:00,US,Mid-market,Mobile,Card,57.74,1,,0,0,575,1.1
pay_000497740,m_03665,c_0125803,2026-01-01 02:41:00,GB,Mid-market,Desktop,Card,164.3,1,,0,0,950,3.12
pay_000966475,m_03692,c_0162116,2026-01-01 02:41:00,GB,Mid-market,Mobile,Card,13.8,1,,0,0,867,0.26
pay_000804792,m_01317,c_0060528,2026-01-01 02:41:00,AU,Enterprise,Mobile,Wallet,482.63,1,,0,0,755,9.17
pay_000753763,m_03600,c_0063867,2026-01-01 02:41:00,CA,Mid-market,Mobile,Card,101.65,1,,0,0,709,1.93
pay_000715170,m_04588,c_0126906,2026-01-01 02:42:00,US,SMB,Mobile,Card,46.87,1,,0,0,914,0.89
pay_000106166,m_02695,c_0031377,2026-01-01 02:42:00,US,SMB,Mobile,Card,20.5,1,,0,0,682,0.39
pay_000504014,m_02408,c_0000508,2026-01-01 02:42:00,DE,Mid-market,Mobile,Card,23.5,1,,0,0,717,0.45
pay_000049297,m_00097,c_0163773,2026-01-01 02:43:00,GB,SMB,Desktop,Wallet,3.07,0,insufficient_funds,0,0,925,0.0
pay_000365463,m_02541,c_0157866,2026-01-01 02:43:00,US,Mid-market,Desktop,Card,28.43,1,,0,0,491,0.54
pay_000715436,m_03285,c_0055644,2026-01-01 02:43:00,US,Mid-market,Mobile,Card,31.45,1,,0,0,582,0.6
pay_000904518,m_03794,c_0143185,2026-01-01 02:44:00,AU,SMB,Desktop,Card,30.44,1,,0,0,1038,0.58
pay_000108521,m_03950,c_0130956,2026-01-01 02:44:00,CA,SMB,Mobile,Card,33.62,1,,0,0,698,0.64
pay_000684581,m_03962,c_0048377,2026-01-01 02:44:00,AU,SMB,Mobile,Card,15.04,1,,0,0,817,0.29
pay_000106773,m_04411,c_0117478,2026-01-01 02:44:00,GB,SMB,Desktop,Card,15.2,1,,0,0,970,0.29
pay_000264360,m_03044,c_0077574,2026-01-01 02:45:00,GB,Mid-market,Mobile,Card,14.02,1,,0,0,703,0.27
pay_000807834,m_03961,c_0027312,2026-01-01 02:46:00,CA,SMB,Mobile,Card,67.85,1,,0,0,708,1.29
pay_000500117,m_04294,c_0099409,2026-01-01 02:46:00,AU,SMB,Desktop,Card,28.62,1,,0,0,481,0.54
pay_000195463,m_01626,c_0026074,2026-01-01 02:47:00,DE,SMB,Desktop,Card,264.37,1,,0,0,756,5.02
pay_000271714,m_04212,c_0063665,2026-01-01 02:47:00,US,SMB,Mobile,BNPL,44.5,1,,0,0,944,0.85
pay_000051061,m_01322,c_0167251,2026-01-01 02:47:00,US,SMB,Desktop,Card,63.8,1,,0,0,424,1.21
pay_000345182,m_04083,c_0053392,2026-01-01 02:47:00,DE,SMB,Desktop,Card,24.26,0,network_error,0,0,819,0.0
pay_000589374,m_03454,c_0176379,2026-01-01 02:48:00,AU,Mid-market,Desktop,Wallet,49.96,1,,0,0,388,0.95
pay_000094969,m_02652,c_0130626,2026-01-01 02:48:00,CA,Mid-market,Mobile,Card,48.94,1,,0,0,921,0.93
pay_000153098,m_04694,c_0040529,2026-01-01 02:48:00,US,Mid-market,Mobile,Card,101.18,1,,0,0,561,1.92
pay_000380265,m_00306,c_0144159,2026-01-01 02:48:00,AU,Mid-market,Mobile,Card,36.65,1,,0,0,491,0.7
pay_000986546,m_00209,c_0018792,2026-01-01 02:49:00,US,SMB,Mobile,Wallet,29.71,1,,0,0,515,0.56
pay_000274027,m_01766,c_0033740,2026-01-01 02:49:00,AU,Mid-market,Desktop,BNPL,65.07,1,,0,0,1214,1.24
pay_000020231,m_04624,c_0006815,2026-01-01 02:50:00,DE,Mid-market,Desktop,BNPL,98.67,1,,0,0,762,1.87
pay_000193279,m_03271,c_0068558,2026-01-01 02:51:00,US,Mid-market,Mobile,Card,22.45,1,,0,0,778,0.43
pay_000090850,m_02532,c_0051614,2026-01-01 02:51:00,CA,Mid-market,Mobile,Wallet,22.43,1,,0,0,578,0.43
pay_000416470,m_01799,c_0111816,2026-01-01 02:51:00,US,SMB,Desktop,Bank debit,224.86,1,,0,0,1265,4.27
pay_000163155,m_02283,c_0001929,2026-01-01 02:52:00,US,Mid-market,Mobile,BNPL,21.23,1,,0,0,459,0.4
pay_000916068,m_01900,c_0004798,2026-01-01 02:52:00,US,Mid-market,Mobile,Card,17.35,1,,0,0,707,0.33
pay_000587334,m_01033,c_0078149,2026-01-01 02:52:00,GB,SMB,Desktop,Bank debit,55.21,1,,0,0,958,1.05
pay_000064261,m_03760,c_0087567,2026-01-01 02:54:00,US,SMB,Mobile,Card,43.82,1,,0,0,464,0.83
pay_000302310,m_02299,c_0083522,2026-01-01 02:54:00,US,SMB,Mobile,BNPL,27.85,0,insufficient_funds,0,0,768,0.0
pay_000050469,m_01843,c_0000262,2026-01-01 02:55:00,CA,SMB,Desktop,Card,12.84,1,,0,0,704,0.24
pay_000892921,m_04946,c_0029355,2026-01-01 02:55:00,CA,SMB,Desktop,Bank debit,10.45,1,,0,0,1193,0.2
pay_000140842,m_04219,c_0159627,2026-01-01 02:56:00,US,SMB,Mobile,Card,24.51,1,,0,0,1078,0.47
pay_000705286,m_01703,c_0051023,2026-01-01 02:57:00,CA,SMB,Mobile,Card,8.54,1,,0,0,864,0.16
pay_000382108,m_00374,c_0117091,2026-01-01 02:57:00,DE,Mid-market,Mobile,Bank debit,21.99,1,,0,0,1131,0.42
pay_000225472,m_03824,c_0014860,2026-01-01 02:57:00,DE,Mid-market,Desktop,Card,14.07,1,,0,0,517,0.27
pay_000731218,m_02604,c_0066128,2026-01-01 02:58:00,DE,SMB,Mobile,Card,28.14,1,,0,0,649,0.53
pay_000802381,m_02217,c_0168037,2026-01-01 02:58:00,DE,SMB,Desktop,Card,16.36,1,,0,0,228,0.31
pay_000812428,m_03134,c_0163623,2026-01-01 02:59:00,US,Enterprise,Mobile,Card,163.66,1,,0,0,568,3.11
pay_000209059,m_00508,c_0008280,2026-01-01 02:59:00,US,SMB,Desktop,Card,32.26,1,,0,0,504,0.61
pay_000801414,m_00244,c_0139574,2026-01-01 02:59:00,US,Mid-market,Mobile,Wallet,52.65,1,,0,0,446,1.0
pay_000585186,m_00330,c_0121724,2026-01-01 02:59:00,GB,SMB,Mobile,Wallet,73.58,1,,0,0,714,1.4
pay_000954926,m_01366,c_0009246,2026-01-01 03:00:00,GB,Enterprise,Mobile,Bank debit,14.37,1,,0,0,729,0.27
pay_000302470,m_00056,c_0086959,2026-01-01 03:00:00,CA,Mid-market,Mobile,Bank debit,61.26,1,,0,0,805,1.16
pay_000098707,m_00810,c_0120974,2026-01-01 03:00:00,US,Mid-market,Mobile,Bank debit,7.33,1,,0,0,955,0.14
pay_000730029,m_02177,c_0049211,2026-01-01 03:00:00,CA,Mid-market,Desktop,Card,13.12,1,,0,0,725,0.25
pay_000317138,m_00286,c_0094262,2026-01-01 03:01:00,US,SMB,Mobile,Card,8.07,1,,0,0,311,0.15
pay_000002316,m_02006,c_0071750,2026-01-01 03:01:00,GB,SMB,Mobile,Card,57.1,1,,0,0,652,1.08
pay_000327713,m_00170,c_0003824,2026-01-01 03:01:00,CA,Mid-market,Mobile,Card,55.68,1,,0,0,730,1.06
pay_000426724,m_02422,c_0135752,2026-01-01 03:02:00,US,Mid-market,Desktop,Card,18.54,1,,0,0,504,0.35
pay_000752998,m_04272,c_0143604,2026-01-01 03:02:00,US,Mid-market,Mobile,Wallet,41.6,1,,0,1,462,0.79
pay_000913423,m_04817,c_0139866,2026-01-01 03:03:00,CA,SMB,Desktop,Card,21.44,1,,0,0,877,0.41
pay_000293046,m_03659,c_0149871,2026-01-01 03:05:00,US,Mid-market,Mobile,Card,13.16,1,,0,0,953,0.25
pay_000211598,m_04871,c_0077042,2026-01-01 03:05:00,US,SMB,Mobile,Card,13.07,1,,0,0,620,0.25
pay_000220863,m_02667,c_0089361,2026-01-01 03:05:00,US,SMB,Mobile,Card,56.85,1,,0,0,1036,1.08
pay_000315256,m_01900,c_0020571,2026-01-01 03:05:00,US,Mid-market,Mobile,Card,73.48,1,,0,0,1078,1.4
pay_000921547,m_02047,c_0042340,2026-01-01 03:05:00,US,Mid-market,Mobile,Card,246.76,1,,0,0,1092,4.69
pay_000381428,m_00554,c_0071288,2026-01-01 03:05:00,US,Mid-market,Mobile,BNPL,48.08,1,,0,0,798,0.91
pay_000892874,m_01355,c_0117607,2026-01-01 03:06:00,AU,SMB,Mobile,Card,22.46,1,,0,0,743,0.43
pay_000165110,m_00375,c_0145954,2026-01-01 03:06:00,US,SMB,Mobile,Card,52.87,1,,0,0,544,1.0
pay_000526341,m_04264,c_0035443,2026-01-01 03:06:00,AU,SMB,Mobile,Card,69.95,1,,0,0,983,1.33
pay_000510304,m_00557,c_0045874,2026-01-01 03:07:00,CA,Enterprise,Mobile,Bank debit,80.4,1,,0,0,1191,1.53
pay_000540888,m_02413,c_0039305,2026-01-01 03:08:00,DE,SMB,Mobile,Card,55.82,1,,0,0,512,1.06
pay_000993516,m_00706,c_0134821,2026-01-01 03:08:00,GB,Enterprise,Mobile,Card,153.24,1,,0,0,792,2.91
pay_000600573,m_00314,c_0042996,2026-01-01 03:09:00,GB,SMB,Mobile,Card,27.37,1,,0,0,335,0.52
pay_000145980,m_03694,c_0175290,2026-01-01 03:10:00,AU,SMB,Mobile,Card,41.44,1,,0,0,914,0.79
pay_000269858,m_04828,c_0154294,2026-01-01 03:10:00,US,SMB,Desktop,Wallet,25.55,1,,0,0,1146,0.49
pay_000401337,m_03837,c_0161390,2026-01-01 03:11:00,AU,Mid-market,Mobile,Card,37.79,1,,0,0,436,0.72
pay_000242332,m_02393,c_0080609,2026-01-01 03:11:00,US,SMB,Mobile,Card,41.92,0,issuer_decline,0,0,793,0.0
pay_000945262,m_01108,c_0050180,2026-01-01 03:12:00,US,SMB,Mobile,Card,12.13,1,,0,0,843,0.23
pay_000284030,m_03876,c_0041148,2026-01-01 03:12:00,GB,Mid-market,Mobile,Card,18.14,1,,0,0,771,0.34
pay_000351818,m_00646,c_0027993,2026-01-01 03:12:00,GB,SMB,Mobile,Card,18.36,1,,0,0,242,0.35
pay_000692348,m_00619,c_0171496,2026-01-01 03:12:00,US,Mid-market,Mobile,Card,31.57,1,,0,0,578,0.6
pay_000185005,m_02757,c_0126865,2026-01-01 03:12:00,AU,Mid-market,Mobile,Bank debit,25.04,1,,0,0,1055,0.48
pay_000352814,m_01310,c_0037865,2026-01-01 03:12:00,DE,SMB,Desktop,BNPL,25.57,1,,1,0,756,0.49
pay_000383610,m_03946,c_0005379,2026-01-01 03:13:00,US,SMB,Mobile,Wallet,28.7,1,,0,0,938,0.55
pay_000036072,m_01049,c_0131835,2026-01-01 03:13:00,US,Mid-market,Desktop,BNPL,25.86,1,,0,0,857,0.49
pay_000950334,m_01223,c_0002167,2026-01-01 03:13:00,GB,Mid-market,Mobile,BNPL,20.3,1,,0,0,659,0.39
pay_000067576,m_00823,c_0031919,2026-01-01 03:13:00,DE,SMB,Desktop,Card,9.05,1,,0,0,890,0.17
pay_000645492,m_02532,c_0141165,2026-01-01 03:14:00,GB,Mid-market,Mobile,Card,82.65,1,,0,0,399,1.57
pay_000599652,m_03380,c_0055808,2026-01-01 03:14:00,US,SMB,Mobile,Card,37.53,1,,0,0,1027,0.71
pay_000058218,m_04393,c_0068409,2026-01-01 03:14:00,US,SMB,Desktop,Card,48.22,1,,0,0,761,0.92
pay_000382915,m_02571,c_0008494,2026-01-01 03:15:00,GB,Mid-market,Mobile,Bank debit,47.83,1,,0,0,1363,0.91
pay_000043554,m_04041,c_0177630,2026-01-01 03:15:00,US,SMB,Desktop,Card,85.3,1,,0,0,927,1.62
pay_000868833,m_02469,c_0037755,2026-01-01 03:16:00,CA,SMB,Mobile,Card,60.63,1,,0,0,1111,1.15
pay_000901519,m_02136,c_0127350,2026-01-01 03:16:00,US,Mid-market,Mobile,BNPL,45.25,1,,0,0,809,0.86
pay_000712961,m_00170,c_0103921,2026-01-01 03:16:00,US,SMB,Desktop,Card,15.0,1,,0,0,381,0.28
pay_000487654,m_03273,c_0009249,2026-01-01 03:17:00,US,SMB,Mobile,BNPL,7.9,1,,0,0,735,0.15
pay_000231856,m_00097,c_0152094,2026-01-01 03:17:00,US,SMB,Desktop,Card,14.02,1,,0,0,732,0.27
pay_000901048,m_00278,c_0072819,2026-01-01 03:17:00,CA,Mid-market,Desktop,Card,36.89,1,,0,0,800,0.7
pay_000395615,m_01614,c_0084054,2026-01-01 03:17:00,DE,Enterprise,Mobile,Card,105.3,1,,0,0,785,2.0
pay_000003674,m_04688,c_0149119,2026-01-01 03:18:00,GB,SMB,Mobile,Card,35.56,1,,0,0,972,0.68
pay_000441097,m_02713,c_0115784,2026-01-01 03:18:00,GB,SMB,Mobile,Bank debit,15.99,1,,0,0,1151,0.3
pay_000426722,m_04922,c_0112705,2026-01-01 03:18:00,US,Mid-market,Desktop,Card,30.65,1,,0,0,923,0.58
pay_000461253,m_02778,c_0104971,2026-01-01 03:18:00,US,SMB,Desktop,Card,29.8,1,,0,0,482,0.57
pay_000609855,m_02665,c_0127752,2026-01-01 03:18:00,GB,SMB,Mobile,Card,26.47,1,,0,0,1039,0.5
pay_000364829,m_01798,c_0015108,2026-01-01 03:18:00,US,Mid-market,Mobile,Wallet,122.47,1,,0,0,634,2.33
pay_000928176,m_03794,c_0109291,2026-01-01 03:19:00,US,Mid-market,Mobile,Card,105.89,1,,0,0,914,2.01
pay_000019734,m_03684,c_0013202,2026-01-01 03:19:00,US,Mid-market,Mobile,Card,12.76,1,,0,0,766,0.24
pay_000355502,m_04716,c_0128501,2026-01-01 03:20:00,US,SMB,Mobile,Card,193.49,1,,0,0,919,3.68
pay_000494607,m_00108,c_0147988,2026-01-01 03:20:00,AU,SMB,Mobile,Card,64.89,1,,0,1,315,1.23
pay_000800583,m_04532,c_0169285,2026-01-01 03:21:00,GB,Mid-market,Mobile,BNPL,66.5,1,,0,0,746,1.26
pay_000768537,m_01762,c_0083721,2026-01-01 03:21:00,US,SMB,Mobile,Card,146.26,0,insufficient_funds,0,0,584,0.0
pay_000081126,m_02442,c_0148957,2026-01-01 03:21:00,US,SMB,Desktop,BNPL,20.2,1,,0,0,641,0.38
pay_000452752,m_02273,c_0089845,2026-01-01 03:22:00,GB,Enterprise,Mobile,Card,118.11,1,,0,0,870,2.24
pay_000748729,m_03435,c_0160210,2026-01-01 03:22:00,US,Mid-market,Desktop,Card,12.73,1,,0,0,664,0.24
pay_000864807,m_03296,c_0129968,2026-01-01 03:22:00,US,SMB,Mobile,Bank debit,28.61,1,,0,0,1033,0.54
pay_000257213,m_03075,c_0048600,2026-01-01 03:22:00,US,Mid-market,Mobile,Wallet,60.57,1,,0,0,676,1.15
pay_000537068,m_03491,c_0143812,2026-01-01 03:22:00,US,SMB,Desktop,Card,85.39,1,,0,0,909,1.62
pay_000026507,m_01668,c_0056354,2026-01-01 03:23:00,GB,Mid-market,Mobile,Bank debit,161.26,1,,0,0,986,3.06
pay_000450563,m_00310,c_0141317,2026-01-01 03:23:00,CA,SMB,Mobile,Card,51.77,1,,0,0,766,0.98
pay_000078880,m_00073,c_0153339,2026-01-01 03:23:00,DE,SMB,Mobile,Bank debit,14.79,1,,0,0,1275,0.28
pay_000710296,m_03002,c_0038003,2026-01-01 03:24:00,CA,Enterprise,Desktop,Card,26.0,0,network_error,0,0,633,0.0
pay_000305660,m_03976,c_0114266,2026-01-01 03:24:00,US,SMB,Mobile,Bank debit,51.22,1,,0,0,957,0.97
pay_000562317,m_00024,c_0001449,2026-01-01 03:25:00,US,Enterprise,Mobile,Wallet,237.44,1,,0,0,570,4.51
pay_000458407,m_00370,c_0030321,2026-01-01 03:25:00,US,SMB,Mobile,Card,59.79,1,,0,0,925,1.14
pay_000559491,m_00791,c_0010287,2026-01-01 03:25:00,US,SMB,Mobile,Card,41.43,1,,1,0,660,0.79
pay_000059216,m_02781,c_0146335,2026-01-01 03:26:00,GB,Mid-market,Mobile,Card,87.28,1,,0,0,592,1.66
pay_000398340,m_03797,c_0155402,2026-01-01 03:26:00,GB,Mid-market,Mobile,Card,52.39,1,,0,0,646,1.0
pay_000419513,m_02610,c_0079434,2026-01-01 03:26:00,US,SMB,Mobile,Wallet,42.22,1,,0,0,1002,0.8
pay_000988879,m_03872,c_0151443,2026-01-01 03:26:00,DE,SMB,Mobile,Wallet,13.77,1,,0,0,556,0.26
pay_000349118,m_02123,c_0158043,2026-01-01 03:26:00,US,SMB,Desktop,Wallet,19.57,1,,1,0,842,0.37
pay_000838162,m_04077,c_0073322,2026-01-01 03:26:00,US,Enterprise,Desktop,Card,54.91,1,,0,0,638,1.04
pay_000791319,m_03661,c_0069423,2026-01-01 03:28:00,DE,Enterprise,Mobile,Card,131.88,1,,0,0,866,2.51
pay_000108255,m_00960,c_0175163,2026-01-01 03:28:00,US,SMB,Desktop,Card,23.41,1,,0,0,893,0.44
pay_000555635,m_04184,c_0045654,2026-01-01 03:28:00,US,SMB,Mobile,Bank debit,13.41,1,,0,0,686,0.25
pay_000730952,m_03072,c_0097371,2026-01-01 03:28:00,AU,Mid-market,Mobile,Card,54.35,1,,0,0,661,1.03
pay_000984062,m_03938,c_0080463,2026-01-01 03:28:00,GB,Mid-market,Desktop,Card,43.59,1,,0,0,879,0.83
pay_000370531,m_01047,c_0022856,2026-01-01 03:29:00,US,Enterprise,Desktop,Card,74.88,1,,0,0,927,1.42
pay_000436047,m_01154,c_0169475,2026-01-01 03:29:00,US,Mid-market,Mobile,Card,41.62,1,,0,0,962,0.79
pay_000366519,m_02835,c_0063627,2026-01-01 03:29:00,DE,Mid-market,Mobile,Card,72.93,1,,0,0,522,1.39
pay_000694509,m_00825,c_0155056,2026-01-01 03:30:00,CA,SMB,Desktop,Card,21.9,0,insufficient_funds,0,0,724,0.0
pay_000410182,m_02961,c_0022679,2026-01-01 03:31:00,US,SMB,Mobile,Card,48.32,1,,0,0,909,0.92
pay_000789134,m_02446,c_0141226,2026-01-01 03:31:00,US,SMB,Mobile,Card,3.17,1,,0,0,797,0.06
pay_000813160,m_00750,c_0131845,2026-01-01 03:31:00,US,Enterprise,Desktop,Card,74.19,1,,0,0,377,1.41
pay_000940299,m_04970,c_0028725,2026-01-01 03:31:00,US,Mid-market,Desktop,Card,14.81,1,,0,0,764,0.28
pay_000274549,m_02771,c_0173299,2026-01-01 03:31:00,AU,SMB,Mobile,Card,12.53,1,,0,0,605,0.24
pay_000103930,m_01686,c_0102151,2026-01-01 03:31:00,CA,Enterprise,Mobile,Card,74.75,1,,0,0,899,1.42
pay_000189569,m_00685,c_0177170,2026-01-01 03:31:00,DE,SMB,Mobile,Card,52.51,1,,0,0,575,1.0
pay_000283900,m_04596,c_0100540,2026-01-01 03:31:00,US,SMB,Mobile,Card,20.86,1,,0,0,402,0.4
pay_000125311,m_03342,c_0007300,2026-01-01 03:31:00,US,Mid-market,Desktop,Card,31.49,1,,0,0,1010,0.6
pay_000124299,m_04154,c_0002260,2026-01-01 03:31:00,AU,SMB,Desktop,Bank debit,3.6,0,insufficient_funds,0,0,958,0.0
pay_000379171,m_03531,c_0173989,2026-01-01 03:32:00,US,Mid-market,Mobile,Bank debit,118.45,1,,0,0,1123,2.25
pay_000395126,m_02930,c_0023706,2026-01-01 03:32:00,DE,Mid-market,Desktop,Card,17.32,1,,0,0,890,0.33
pay_000618306,m_02135,c_0172776,2026-01-01 03:33:00,US,SMB,Desktop,Wallet,597.09,1,,0,0,832,11.34
pay_000219922,m_04996,c_0050932,2026-01-01 03:33:00,US,SMB,Mobile,Wallet,21.61,1,,0,0,460,0.41
pay_000530531,m_01283,c_0061304,2026-01-01 03:33:00,US,SMB,Mobile,Card,110.72,1,,0,0,966,2.1
pay_000177472,m_03441,c_0060570,2026-01-01 03:34:00,US,SMB,Desktop,Card,56.63,1,,0,0,599,1.08
pay_000885848,m_01592,c_0072770,2026-01-01 03:34:00,DE,Mid-market,Mobile,Bank debit,19.43,1,,1,0,1252,0.37
pay_000283863,m_01256,c_0013725,2026-01-01 03:35:00,GB,Mid-market,Desktop,Bank debit,8.64,1,,0,0,979,0.16
pay_000512528,m_02244,c_0178094,2026-01-01 03:36:00,US,SMB,Mobile,Bank debit,42.39,1,,0,0,1216,0.81
pay_000686507,m_00367,c_0002177,2026-01-01 03:36:00,AU,SMB,Mobile,Bank debit,66.99,1,,0,0,1114,1.27
pay_000823797,m_00808,c_0166688,2026-01-01 03:36:00,US,SMB,Mobile,Card,92.02,1,,0,0,816,1.75
pay_000299600,m_03869,c_0041464,2026-01-01 03:37:00,US,Mid-market,Mobile,Card,31.42,1,,0,0,1175,0.6
pay_000301501,m_01905,c_0030349,2026-01-01 03:37:00,US,SMB,Desktop,Card,14.02,1,,0,0,1027,0.27
pay_000096965,m_00770,c_0110222,2026-01-01 03:38:00,CA,SMB,Desktop,Card,445.7,1,,0,0,1085,8.47
pay_000614701,m_00171,c_0005084,2026-01-01 03:39:00,US,SMB,Mobile,Card,9.9,1,,0,0,1003,0.19
pay_000688292,m_01923,c_0027792,2026-01-01 03:39:00,US,SMB,Desktop,Card,12.61,1,,0,0,1067,0.24
pay_000361825,m_01024,c_0179836,2026-01-01 03:39:00,US,Mid-market,Mobile,Card,50.85,1,,0,0,483,0.97
pay_000045476,m_02640,c_0057750,2026-01-01 03:39:00,DE,SMB,Desktop,Bank debit,41.74,1,,0,0,905,0.79
pay_000088713,m_00069,c_0037154,2026-01-01 03:39:00,US,SMB,Desktop,Wallet,115.04,1,,0,0,532,2.19
pay_000537385,m_03313,c_0084672,2026-01-01 03:39:00,GB,SMB,Desktop,Wallet,118.38,1,,0,0,653,2.25
pay_000614191,m_02525,c_0009754,2026-01-01 03:39:00,CA,Mid-market,Desktop,Card,132.06,1,,0,0,862,2.51
pay_000743362,m_02032,c_0027416,2026-01-01 03:39:00,US,SMB,Mobile,Wallet,42.57,1,,0,0,650,0.81
pay_000936403,m_03950,c_0077191,2026-01-01 03:39:00,US,SMB,Mobile,Card,231.62,1,,0,0,1061,4.4
pay_000216253,m_02941,c_0117742,2026-01-01 03:40:00,CA,Mid-market,Mobile,BNPL,38.47,1,,0,0,1113,0.73
pay_000527854,m_00769,c_0039774,2026-01-01 03:40:00,US,Mid-market,Mobile,Card,48.28,1,,0,0,711,0.92
pay_000419030,m_00261,c_0126075,2026-01-01 03:42:00,US,Mid-market,Desktop,Bank debit,27.63,1,,0,0,1092,0.52
pay_000109481,m_02072,c_0002675,2026-01-01 03:43:00,CA,SMB,Mobile,Card,42.67,1,,0,0,614,0.81
pay_000401681,m_01638,c_0156253,2026-01-01 03:43:00,DE,SMB,Mobile,Card,9.44,1,,0,0,926,0.18
pay_000821119,m_03002,c_0157971,2026-01-01 03:43:00,GB,Mid-market,Mobile,Card,31.55,1,,0,0,493,0.6
pay_000755999,m_04478,c_0131830,2026-01-01 03:43:00,GB,Enterprise,Mobile,Wallet,366.88,1,,0,0,909,6.97
pay_000221570,m_01203,c_0153745,2026-01-01 03:43:00,CA,Mid-market,Desktop,Bank debit,11.29,1,,0,0,1466,0.21
pay_000789235,m_03570,c_0044447,2026-01-01 03:44:00,US,Mid-market,Mobile,Card,186.64,1,,0,0,543,3.55
pay_000007006,m_02451,c_0070436,2026-01-01 03:44:00,CA,Enterprise,Mobile,Card,41.77,1,,0,0,767,0.79
pay_000900352,m_02904,c_0152202,2026-01-01 03:44:00,US,SMB,Mobile,Wallet,41.26,1,,0,0,705,0.78
pay_000121989,m_02645,c_0163646,2026-01-01 03:44:00,DE,Mid-market,Mobile,Card,225.2,1,,0,0,691,4.28
pay_000253404,m_04102,c_0108913,2026-01-01 03:44:00,CA,SMB,Desktop,Bank debit,10.86,1,,0,0,1032,0.21
pay_000283593,m_02624,c_0156912,2026-01-01 03:44:00,AU,Mid-market,Mobile,Card,39.26,1,,0,0,927,0.75
pay_000691324,m_00110,c_0048059,2026-01-01 03:45:00,US,SMB,Desktop,Card,100.81,1,,0,0,1047,1.92
pay_000967476,m_01837,c_0118192,2026-01-01 03:45:00,AU,Mid-market,Mobile,Card,23.37,1,,0,0,605,0.44
pay_000101039,m_00889,c_0002006,2026-01-01 03:45:00,US,SMB,Mobile,Card,48.67,1,,0,0,1045,0.92
pay_000656278,m_04181,c_0088322,2026-01-01 03:45:00,CA,Enterprise,Mobile,Wallet,87.75,1,,0,0,743,1.67
pay_000284629,m_02100,c_0020472,2026-01-01 03:46:00,AU,Mid-market,Desktop,Card,72.85,1,,0,0,857,1.38
pay_000768272,m_01092,c_0061676,2026-01-01 03:46:00,CA,Enterprise,Desktop,Card,20.92,1,,0,0,825,0.4
pay_000661328,m_04950,c_0099790,2026-01-01 03:46:00,US,Enterprise,Desktop,Card,23.24,1,,0,0,677,0.44
pay_000417770,m_04208,c_0106672,2026-01-01 03:46:00,US,SMB,Mobile,Wallet,21.58,1,,0,0,771,0.41
pay_000031812,m_00348,c_0173324,2026-01-01 03:46:00,US,Enterprise,Mobile,Wallet,79.65,1,,0,0,778,1.51
pay_000640192,m_03522,c_0017458,2026-01-01 03:46:00,CA,SMB,Desktop,Card,72.32,1,,0,0,749,1.37
pay_000653345,m_00063,c_0125698,2026-01-01 03:46:00,US,Mid-market,Desktop,Card,75.58,1,,0,0,774,1.44
pay_000888798,m_01137,c_0055231,2026-01-01 03:47:00,AU,Enterprise,Mobile,Card,235.94,1,,0,0,737,4.48
pay_000496494,m_02077,c_0017632,2026-01-01 03:47:00,DE,SMB,Mobile,Bank debit,13.62,1,,0,0,1249,0.26
pay_000105949,m_04630,c_0068738,2026-01-01 03:47:00,CA,SMB,Desktop,Bank debit,24.5,1,,0,0,1058,0.47
pay_000188439,m_01005,c_0056706,2026-01-01 03:48:00,US,Mid-market,Mobile,Card,20.42,0,expired_card,0,0,871,0.0
pay_000668816,m_01760,c_0022109,2026-01-01 03:49:00,US,Enterprise,Mobile,Card,63.15,1,,0,0,587,1.2
pay_000743791,m_00157,c_0034465,2026-01-01 03:49:00,AU,Mid-market,Desktop,Card,15.95,1,,0,0,1015,0.3
pay_000875503,m_01531,c_0054104,2026-01-01 03:49:00,CA,SMB,Mobile,Card,54.9,1,,0,0,575,1.04
pay_000778349,m_03308,c_0174499,2026-01-01 03:49:00,DE,Enterprise,Mobile,Card,285.51,1,,0,0,926,5.42
pay_000691214,m_01207,c_0130074,2026-01-01 03:50:00,GB,SMB,Mobile,Card,60.46,1,,0,0,892,1.15
pay_000303147,m_02638,c_0034985,2026-01-01 03:50:00,US,Mid-market,Mobile,Card,9.92,1,,0,0,894,0.19
pay_000639897,m_01949,c_0120930,2026-01-01 03:50:00,US,SMB,Mobile,BNPL,29.45,1,,0,0,1030,0.56
pay_000440862,m_04294,c_0174007,2026-01-01 03:50:00,AU,SMB,Desktop,Wallet,27.3,1,,0,0,752,0.52
pay_000474531,m_03716,c_0137880,2026-01-01 03:50:00,AU,Mid-market,Desktop,Wallet,23.9,1,,0,0,502,0.45
pay_000590061,m_04923,c_0037653,2026-01-01 03:51:00,DE,SMB,Mobile,Card,7.19,1,,0,0,726,0.14
pay_000769287,m_00262,c_0098013,2026-01-01 03:51:00,US,SMB,Desktop,Card,99.76,1,,0,0,585,1.9
pay_000942395,m_03361,c_0024378,2026-01-01 03:52:00,US,Enterprise,Mobile,Card,77.2,1,,0,0,625,1.47
pay_000835337,m_04415,c_0136885,2026-01-01 03:53:00,US,Mid-market,Mobile,Wallet,43.8,1,,0,0,686,0.83
pay_000651319,m_02515,c_0016967,2026-01-01 03:53:00,AU,Mid-market,Mobile,Card,120.24,1,,0,0,876,2.28
pay_000849880,m_04912,c_0061297,2026-01-01 03:53:00,US,Mid-market,Desktop,Card,103.19,1,,0,0,965,1.96
pay_000424566,m_01228,c_0039069,2026-01-01 03:54:00,US,Mid-market,Mobile,Card,19.64,1,,0,0,633,0.37
pay_000509428,m_02158,c_0054733,2026-01-01 03:54:00,DE,SMB,Mobile,Card,170.72,1,,0,0,956,3.24
pay_000977216,m_04316,c_0028482,2026-01-01 03:56:00,US,Mid-market,Mobile,Card,101.66,1,,0,0,1031,1.93
pay_000565548,m_03569,c_0140979,2026-01-01 03:56:00,CA,SMB,Mobile,Bank debit,89.62,1,,0,0,811,1.7
pay_000457220,m_02164,c_0046971,2026-01-01 03:57:00,US,Enterprise,Mobile,Card,97.91,0,suspected_fraud,0,0,272,0.0
pay_000080892,m_01493,c_0091169,2026-01-01 03:57:00,US,SMB,Mobile,Bank debit,6.8,1,,0,0,1072,0.13
pay_000485742,m_03702,c_0039495,2026-01-01 03:57:00,DE,Mid-market,Desktop,Card,149.36,1,,0,0,910,2.84
pay_000674043,m_00193,c_0068176,2026-01-01 03:58:00,AU,SMB,Mobile,Card,66.2,1,,0,0,1021,1.26
pay_000988095,m_04127,c_0179288,2026-01-01 03:58:00,US,Mid-market,Mobile,BNPL,119.42,1,,0,0,934,2.27
pay_000762997,m_01749,c_0072760,2026-01-01 03:58:00,CA,SMB,Desktop,Card,101.94,1,,0,0,610,1.94
pay_000504032,m_03589,c_0125899,2026-01-01 03:58:00,CA,SMB,Mobile,Card,57.49,1,,1,0,545,1.09
pay_000120674,m_03377,c_0160922,2026-01-01 03:58:00,DE,Enterprise,Desktop,Wallet,140.42,1,,0,0,583,2.67
pay_000556631,m_04630,c_0166917,2026-01-01 03:59:00,US,Enterprise,Desktop,Card,359.88,1,,0,0,710,6.84
pay_000887103,m_04797,c_0017784,2026-01-01 03:59:00,CA,SMB,Desktop,Wallet,16.33,1,,0,0,241,0.31
pay_000629698,m_04039,c_0147611,2026-01-01 03:59:00,GB,Mid-market,Mobile,Card,79.22,1,,0,0,674,1.51
pay_000418126,m_02978,c_0153240,2026-01-01 03:59:00,GB,SMB,Mobile,Bank debit,123.68,1,,0,0,1022,2.35
pay_000038656,m_00053,c_0133078,2026-01-01 03:59:00,CA,Enterprise,Mobile,Wallet,179.39,1,,0,0,501,3.41
pay_000557984,m_04272,c_0095085,2026-01-01 04:01:00,US,SMB,Desktop,Card,7.7,1,,0,0,815,0.15
pay_000030438,m_02185,c_0069661,2026-01-01 04:01:00,GB,SMB,Mobile,Card,45.56,1,,0,0,733,0.87
pay_000027984,m_02274,c_0102502,2026-01-01 04:01:00,AU,SMB,Desktop,Bank debit,33.89,1,,0,0,1063,0.64
pay_000211835,m_00686,c_0086662,2026-01-01 04:02:00,GB,SMB,Mobile,BNPL,53.4,1,,0,0,547,1.01
pay_000889007,m_04336,c_0104738,2026-01-01 04:02:00,CA,Mid-market,Desktop,Card,54.12,1,,0,0,775,1.03
pay_000333450,m_00047,c_0032485,2026-01-01 04:02:00,DE,Enterprise,Mobile,Card,179.79,1,,0,0,821,3.42
pay_000132218,m_04263,c_0103236,2026-01-01 04:02:00,AU,Enterprise,Mobile,Bank debit,310.92,1,,0,0,1201,5.91
pay_000339167,m_01886,c_0148775,2026-01-01 04:02:00,US,SMB,Mobile,Card,40.49,1,,0,0,543,0.77
pay_000844323,m_04532,c_0078128,2026-01-01 04:02:00,US,Mid-market,Mobile,Card,172.43,1,,0,0,697,3.28
pay_000539087,m_02867,c_0177829,2026-01-01 04:03:00,US,Mid-market,Desktop,Wallet,41.08,1,,0,0,506,0.78
pay_000629428,m_04961,c_0126647,2026-01-01 04:03:00,US,SMB,Mobile,Card,64.98,1,,0,0,543,1.23
pay_000253328,m_04758,c_0060493,2026-01-01 04:03:00,US,SMB,Desktop,Card,33.32,1,,0,0,991,0.63
pay_000937343,m_04963,c_0050745,2026-01-01 04:04:00,CA,SMB,Mobile,Card,6.5,1,,0,0,853,0.12
pay_000798242,m_02149,c_0116035,2026-01-01 04:04:00,US,Enterprise,Desktop,Wallet,36.5,1,,0,0,458,0.69
pay_000846767,m_00666,c_0051508,2026-01-01 04:04:00,AU,SMB,Desktop,Wallet,18.34,1,,0,0,732,0.35
pay_000365714,m_00520,c_0060034,2026-01-01 04:04:00,CA,Mid-market,Mobile,Bank debit,39.22,1,,0,0,1061,0.75
pay_000488062,m_01224,c_0101494,2026-01-01 04:05:00,US,Enterprise,Desktop,Bank debit,30.25,1,,0,0,853,0.57
pay_000855183,m_01393,c_0009425,2026-01-01 04:06:00,US,SMB,Mobile,Bank debit,43.8,1,,0,0,1057,0.83
pay_000041206,m_03814,c_0087426,2026-01-01 04:06:00,US,SMB,Mobile,Card,152.82,1,,0,0,646,2.9
pay_000289209,m_00764,c_0178465,2026-01-01 04:07:00,GB,SMB,Mobile,Card,33.65,1,,0,0,926,0.64
pay_000248092,m_02718,c_0116676,2026-01-01 04:07:00,US,SMB,Desktop,Card,16.33,1,,0,1,907,0.31
pay_000097804,m_00173,c_0148994,2026-01-01 04:08:00,AU,Enterprise,Desktop,Card,53.17,1,,0,0,597,1.01
pay_000300411,m_03426,c_0075790,2026-01-01 04:08:00,DE,Enterprise,Desktop,Wallet,98.93,1,,0,0,716,1.88
pay_000256766,m_02617,c_0152124,2026-01-01 04:08:00,GB,Mid-market,Mobile,Card,53.04,1,,0,0,880,1.01
pay_000021997,m_02837,c_0098480,2026-01-01 04:08:00,US,Mid-market,Mobile,Card,38.58,1,,0,0,800,0.73
pay_000470455,m_01186,c_0174692,2026-01-01 04:09:00,DE,Mid-market,Mobile,Card,201.1,1,,0,0,462,3.82
pay_000684670,m_00288,c_0084525,2026-01-01 04:09:00,CA,SMB,Desktop,Bank debit,90.56,1,,0,0,961,1.72
pay_000822581,m_02501,c_0016344,2026-01-01 04:10:00,GB,SMB,Mobile,Card,11.21,1,,0,0,881,0.21
pay_000550659,m_03135,c_0106211,2026-01-01 04:11:00,US,SMB,Mobile,Card,8.97,1,,0,0,1020,0.17
pay_000447478,m_03517,c_0064286,2026-01-01 04:11:00,GB,SMB,Mobile,Wallet,20.82,1,,0,0,580,0.4
pay_000509076,m_04873,c_0020713,2026-01-01 04:12:00,GB,Mid-market,Mobile,Wallet,85.66,1,,0,0,676,1.63
pay_000735060,m_03089,c_0030860,2026-01-01 04:12:00,US,Mid-market,Mobile,Card,34.45,1,,0,0,861,0.65
pay_000019063,m_03227,c_0138238,2026-01-01 04:13:00,GB,Mid-market,Desktop,Card,22.78,1,,0,0,928,0.43
pay_000933938,m_00945,c_0167822,2026-01-01 04:13:00,CA,Mid-market,Desktop,Wallet,19.73,1,,0,0,856,0.37
pay_000399061,m_01393,c_0080743,2026-01-01 04:14:00,US,SMB,Mobile,Wallet,3.09,0,expired_card,0,0,309,0.0
pay_000910137,m_04560,c_0083983,2026-01-01 04:15:00,AU,Enterprise,Desktop,Wallet,456.35,1,,0,0,674,8.67
pay_000764931,m_00035,c_0032654,2026-01-01 04:16:00,GB,SMB,Mobile,Card,11.32,1,,0,0,323,0.22
pay_000592156,m_01500,c_0023501,2026-01-01 04:16:00,AU,SMB,Mobile,Bank debit,23.5,1,,0,0,1275,0.45
pay_000990778,m_01743,c_0076113,2026-01-01 04:16:00,GB,Mid-market,Mobile,Card,26.95,1,,0,0,781,0.51
pay_000435579,m_02130,c_0168825,2026-01-01 04:17:00,DE,SMB,Mobile,Card,55.01,0,expired_card,0,0,940,0.0
pay_000042067,m_02145,c_0035514,2026-01-01 04:18:00,GB,SMB,Desktop,Card,49.47,1,,0,0,830,0.94
pay_000580998,m_03815,c_0105225,2026-01-01 04:19:00,DE,Enterprise,Mobile,Card,83.39,1,,0,0,373,1.58
pay_000999269,m_01422,c_0075775,2026-01-01 04:19:00,DE,SMB,Desktop,Card,118.85,1,,0,0,768,2.26
pay_000672555,m_04049,c_0023484,2026-01-01 04:19:00,DE,Mid-market,Mobile,Card,256.91,1,,0,0,741,4.88
pay_000871228,m_01735,c_0090239,2026-01-01 04:20:00,CA,Mid-market,Desktop,Card,22.98,1,,0,0,957,0.44
pay_000530084,m_02529,c_0124673,2026-01-01 04:20:00,US,SMB,Mobile,Card,59.55,1,,0,0,891,1.13
pay_000448449,m_03438,c_0039249,2026-01-01 04:21:00,CA,SMB,Desktop,BNPL,38.16,1,,0,0,568,0.73
pay_000236621,m_04529,c_0161040,2026-01-01 04:21:00,US,Enterprise,Mobile,Wallet,12.69,1,,0,0,730,0.24
pay_000594733,m_03710,c_0161198,2026-01-01 04:22:00,US,Mid-market,Mobile,Card,8.96,0,insufficient_funds,0,0,957,0.0
pay_000441942,m_04374,c_0151814,2026-01-01 04:22:00,AU,Enterprise,Mobile,BNPL,124.36,0,expired_card,0,0,1115,0.0
pay_000522945,m_00274,c_0138279,2026-01-01 04:22:00,US,Enterprise,Mobile,Card,60.79,1,,0,0,965,1.16
pay_000961998,m_00522,c_0016056,2026-01-01 04:23:00,US,SMB,Mobile,Card,40.12,1,,0,0,857,0.76
pay_000746485,m_01717,c_0155204,2026-01-01 04:23:00,DE,Enterprise,Mobile,Card,108.49,1,,0,0,643,2.06
pay_000565495,m_00507,c_0154694,2026-01-01 04:23:00,CA,SMB,Desktop,Bank debit,91.94,1,,0,0,1148,1.75
pay_000690433,m_03659,c_0059329,2026-01-01 04:23:00,US,Mid-market,Desktop,Card,181.16,0,network_error,0,0,845,0.0
pay_000191299,m_01029,c_0160976,2026-01-01 04:24:00,GB,Mid-market,Mobile,Wallet,84.23,1,,0,0,698,1.6
pay_000523491,m_01249,c_0163808,2026-01-01 04:24:00,GB,SMB,Mobile,Card,43.61,1,,0,0,1050,0.83
pay_000300516,m_04148,c_0173584,2026-01-01 04:24:00,GB,SMB,Desktop,Wallet,83.36,1,,0,0,972,1.58
pay_000109529,m_01600,c_0059981,2026-01-01 04:24:00,US,SMB,Mobile,Card,34.53,1,,0,0,756,0.66
pay_000332039,m_00254,c_0173781,2026-01-01 04:27:00,GB,Mid-market,Mobile,Card,27.38,0,issuer_decline,0,0,792,0.0
pay_000880290,m_01878,c_0090075,2026-01-01 04:27:00,GB,SMB,Mobile,Bank debit,20.99,1,,0,0,956,0.4
pay_000169233,m_00353,c_0010660,2026-01-01 04:27:00,CA,Enterprise,Mobile,Card,47.48,1,,0,0,633,0.9
pay_000650481,m_03523,c_0095253,2026-01-01 04:27:00,GB,Enterprise,Desktop,Card,44.06,1,,0,0,690,0.84
pay_000469689,m_03201,c_0085089,2026-01-01 04:28:00,DE,Enterprise,Mobile,Card,21.48,1,,0,0,888,0.41
pay_000302528,m_00651,c_0093616,2026-01-01 04:28:00,CA,SMB,Mobile,Card,56.11,1,,0,0,261,1.07
pay_000188017,m_02127,c_0053174,2026-01-01 04:29:00,DE,SMB,Desktop,Bank debit,98.44,1,,0,0,1162,1.87
pay_000388003,m_03195,c_0054209,2026-01-01 04:30:00,US,Mid-market,Mobile,Card,58.49,1,,0,0,785,1.11
pay_000736435,m_00601,c_0120894,2026-01-01 04:30:00,CA,SMB,Mobile,Wallet,23.09,1,,0,0,686,0.44
pay_000976198,m_04560,c_0172494,2026-01-01 04:31:00,DE,Mid-market,Desktop,Card,50.09,1,,0,0,823,0.95
pay_000948272,m_02642,c_0123898,2026-01-01 04:31:00,CA,SMB,Desktop,Wallet,174.13,1,,0,0,874,3.31
pay_000224327,m_02351,c_0043384,2026-01-01 04:32:00,US,Enterprise,Mobile,Card,93.49,1,,0,0,827,1.78
pay_000973203,m_02394,c_0113261,2026-01-01 04:32:00,CA,SMB,Desktop,Card,12.87,1,,0,0,791,0.24
pay_000661737,m_00304,c_0092850,2026-01-01 04:32:00,US,Mid-market,Mobile,Card,122.69,1,,0,0,847,2.33
pay_000406690,m_00705,c_0148013,2026-01-01 04:32:00,GB,SMB,Mobile,Card,11.79,1,,0,0,764,0.22
pay_000702702,m_03903,c_0135107,2026-01-01 04:32:00,GB,SMB,Mobile,Bank debit,43.63,1,,0,0,1092,0.83
pay_000191844,m_01723,c_0098817,2026-01-01 04:33:00,GB,SMB,Desktop,Bank debit,28.52,1,,0,0,692,0.54
pay_000722338,m_02466,c_0082904,2026-01-01 04:33:00,US,SMB,Mobile,Card,29.79,1,,0,0,786,0.57
pay_000492292,m_00598,c_0012633,2026-01-01 04:33:00,AU,Mid-market,Desktop,Card,9.82,1,,0,0,623,0.19
pay_000294511,m_01748,c_0162763,2026-01-01 04:33:00,US,Mid-market,Mobile,Wallet,78.6,1,,0,0,862,1.49
pay_000202117,m_04742,c_0141750,2026-01-01 04:34:00,GB,SMB,Mobile,Wallet,12.4,1,,0,0,591,0.24
pay_000701921,m_03717,c_0161104,2026-01-01 04:34:00,US,Mid-market,Mobile,BNPL,60.58,1,,0,0,894,1.15
pay_000599263,m_03119,c_0119315,2026-01-01 04:35:00,US,SMB,Mobile,Card,68.28,1,,0,0,636,1.3
pay_000810001,m_04428,c_0090454,2026-01-01 04:35:00,US,Mid-market,Desktop,Card,70.35,1,,0,0,914,1.34
pay_000354572,m_04811,c_0001061,2026-01-01 04:35:00,CA,Enterprise,Mobile,Wallet,75.63,1,,0,0,754,1.44
pay_000911210,m_03716,c_0069311,2026-01-01 04:35:00,AU,SMB,Desktop,Wallet,45.86,1,,0,0,736,0.87
pay_000842477,m_00007,c_0100009,2026-01-01 04:35:00,DE,SMB,Mobile,Card,45.3,1,,0,0,867,0.86
pay_000777379,m_00306,c_0066099,2026-01-01 04:35:00,DE,Enterprise,Mobile,Wallet,71.91,1,,0,0,1017,1.37
pay_000767851,m_02947,c_0077713,2026-01-01 04:36:00,US,SMB,Desktop,Card,40.42,1,,0,0,650,0.77
pay_000886025,m_00273,c_0100983,2026-01-01 04:36:00,US,SMB,Mobile,Wallet,18.37,1,,0,0,589,0.35
pay_000692743,m_03490,c_0165008,2026-01-01 04:36:00,CA,SMB,Desktop,Card,12.56,1,,0,0,756,0.24
pay_000389304,m_01917,c_0036454,2026-01-01 04:36:00,GB,Mid-market,Mobile,Card,18.95,1,,0,0,755,0.36
pay_000393226,m_00124,c_0118241,2026-01-01 04:37:00,US,SMB,Mobile,Card,6.18,1,,0,0,621,0.12
pay_000067511,m_02684,c_0010839,2026-01-01 04:37:00,DE,Mid-market,Mobile,BNPL,26.35,1,,0,0,838,0.5
pay_000119790,m_02863,c_0044369,2026-01-01 04:37:00,CA,Mid-market,Mobile,Card,118.75,1,,0,0,728,2.26
pay_000812691,m_02869,c_0028303,2026-01-01 04:38:00,AU,SMB,Desktop,Card,13.93,1,,0,0,774,0.26
pay_000874825,m_03418,c_0006108,2026-01-01 04:38:00,CA,Mid-market,Mobile,Card,43.7,1,,0,0,328,0.83
pay_000796842,m_04778,c_0096932,2026-01-01 04:38:00,GB,SMB,Mobile,Card,15.99,1,,0,0,528,0.3
pay_000117114,m_01007,c_0082088,2026-01-01 04:38:00,US,Mid-market,Mobile,Wallet,98.1,1,,0,0,919,1.86
pay_000733173,m_04830,c_0043449,2026-01-01 04:38:00,CA,Enterprise,Desktop,Wallet,157.08,1,,0,0,946,2.98
pay_000449175,m_04630,c_0062480,2026-01-01 04:39:00,DE,Mid-market,Mobile,Card,63.5,1,,0,0,609,1.21
pay_000539628,m_03611,c_0068734,2026-01-01 04:39:00,GB,Mid-market,Desktop,Wallet,21.59,1,,0,0,819,0.41
pay_000500268,m_00859,c_0005618,2026-01-01 04:39:00,US,Mid-market,Mobile,Card,73.91,1,,0,0,753,1.4
pay_000451629,m_02600,c_0109157,2026-01-01 04:39:00,US,SMB,Mobile,Wallet,16.73,1,,0,0,776,0.32
pay_000330243,m_00477,c_0064127,2026-01-01 04:39:00,DE,SMB,Mobile,Card,32.89,1,,0,0,589,0.62
pay_000205672,m_01495,c_0092794,2026-01-01 04:40:00,AU,SMB,Desktop,Card,37.49,1,,0,0,1102,0.71
pay_000145940,m_03041,c_0159517,2026-01-01 04:41:00,US,SMB,Mobile,Card,10.7,1,,0,0,805,0.2
pay_000034161,m_00488,c_0100115,2026-01-01 04:41:00,GB,Mid-market,Mobile,Card,106.01,1,,0,0,815,2.01
pay_000581867,m_03854,c_0113235,2026-01-01 04:41:00,GB,SMB,Desktop,Card,13.71,1,,0,0,822,0.26
pay_000916344,m_00928,c_0135501,2026-01-01 04:41:00,DE,Enterprise,Mobile,Wallet,5.7,1,,0,0,949,0.11
pay_000658472,m_01008,c_0120211,2026-01-01 04:41:00,US,SMB,Desktop,BNPL,93.71,1,,0,0,784,1.78
pay_000947629,m_03277,c_0117892,2026-01-01 04:42:00,GB,SMB,Mobile,Card,42.72,1,,0,0,926,0.81
pay_000758682,m_00407,c_0050615,2026-01-01 04:42:00,AU,Mid-market,Mobile,Card,42.15,1,,0,0,1045,0.8
pay_000350147,m_04858,c_0079551,2026-01-01 04:42:00,US,Mid-market,Desktop,Card,18.74,1,,0,0,1038,0.36
pay_000219493,m_01361,c_0162335,2026-01-01 04:42:00,AU,Enterprise,Mobile,Card,180.36,1,,0,0,421,3.43
pay_000946727,m_02427,c_0078472,2026-01-01 04:42:00,DE,SMB,Desktop,Card,18.28,1,,0,0,608,0.35
pay_000792726,m_01779,c_0112818,2026-01-01 04:44:00,US,Mid-market,Mobile,BNPL,9.07,1,,0,0,863,0.17
pay_000898921,m_04254,c_0102347,2026-01-01 04:44:00,US,SMB,Mobile,Wallet,44.84,1,,0,0,708,0.85
pay_000923986,m_04226,c_0097070,2026-01-01 04:44:00,CA,SMB,Mobile,Card,49.99,1,,0,0,665,0.95
pay_000816045,m_03382,c_0160553,2026-01-01 04:44:00,AU,Mid-market,Desktop,Card,14.95,1,,0,0,578,0.28
pay_000914299,m_03216,c_0125999,2026-01-01 04:45:00,GB,SMB,Desktop,Card,28.13,1,,0,0,453,0.53
pay_000088556,m_01285,c_0101574,2026-01-01 04:45:00,CA,Enterprise,Desktop,Wallet,50.49,1,,0,0,504,0.96
pay_000195251,m_01264,c_0171496,2026-01-01 04:45:00,CA,Mid-market,Desktop,Wallet,372.84,1,,0,0,541,7.08
pay_000373111,m_03820,c_0169516,2026-01-01 04:45:00,US,SMB,Mobile,Wallet,8.44,1,,0,0,1148,0.16
pay_000570699,m_04648,c_0001151,2026-01-01 04:46:00,DE,Enterprise,Desktop,Card,79.91,1,,0,0,685,1.52
pay_000855054,m_02323,c_0039473,2026-01-01 04:46:00,US,SMB,Desktop,Wallet,44.97,1,,0,0,622,0.85
pay_000561831,m_03355,c_0076937,2026-01-01 04:47:00,US,SMB,Desktop,Card,24.2,1,,0,0,884,0.46
pay_000075389,m_00054,c_0097532,2026-01-01 04:47:00,US,Mid-market,Desktop,Card,26.92,1,,0,0,700,0.51
pay_000620932,m_01972,c_0037959,2026-01-01 04:47:00,US,Mid-market,Mobile,Bank debit,17.56,1,,0,0,1282,0.33
pay_000314417,m_03026,c_0013678,2026-01-01 04:47:00,US,SMB,Mobile,Wallet,11.01,1,,0,0,672,0.21
pay_000031465,m_00449,c_0153816,2026-01-01 04:48:00,DE,Enterprise,Desktop,Wallet,102.27,1,,0,0,977,1.94
pay_000006302,m_03359,c_0171234,2026-01-01 04:48:00,CA,Mid-market,Desktop,Bank debit,48.75,1,,0,0,1038,0.93
pay_000471538,m_02646,c_0078623,2026-01-01 04:48:00,US,SMB,Mobile,Card,23.99,1,,0,0,958,0.46
pay_000480107,m_04828,c_0043666,2026-01-01 04:49:00,US,SMB,Mobile,Wallet,56.49,1,,0,0,661,1.07
pay_000263873,m_01788,c_0007222,2026-01-01 04:49:00,US,SMB,Desktop,Wallet,18.01,1,,0,0,422,0.34
pay_000249213,m_04451,c_0055627,2026-01-01 04:49:00,US,SMB,Mobile,Card,285.05,1,,0,0,538,5.42
pay_000593111,m_00244,c_0176064,2026-01-01 04:50:00,US,SMB,Mobile,Card,143.41,0,suspected_fraud,0,0,862,0.0
pay_000700474,m_00904,c_0095862,2026-01-01 04:50:00,GB,SMB,Mobile,Card,8.56,1,,0,0,862,0.16
pay_000143011,m_02139,c_0087735,2026-01-01 04:51:00,GB,SMB,Mobile,Card,39.21,1,,0,0,927,0.74
pay_000989730,m_04444,c_0166757,2026-01-01 04:51:00,DE,SMB,Mobile,Card,43.72,0,issuer_decline,0,0,942,0.0
pay_000978516,m_03294,c_0090823,2026-01-01 04:51:00,GB,Mid-market,Desktop,Card,64.43,1,,0,0,713,1.22
pay_000636544,m_02390,c_0122464,2026-01-01 04:52:00,GB,SMB,Mobile,Card,26.19,1,,0,0,734,0.5
pay_000820417,m_00020,c_0160073,2026-01-01 04:53:00,US,Mid-market,Mobile,Card,133.53,1,,0,0,900,2.54
pay_000922219,m_02759,c_0110979,2026-01-01 04:54:00,GB,Mid-market,Mobile,Card,87.67,1,,0,0,576,1.67
pay_000250998,m_00746,c_0113921,2026-01-01 04:54:00,GB,SMB,Mobile,Wallet,52.71,1,,0,0,677,1.0
pay_000672547,m_04646,c_0044890,2026-01-01 04:54:00,US,SMB,Mobile,Card,24.96,1,,0,0,480,0.47
pay_000984067,m_01112,c_0128366,2026-01-01 04:57:00,CA,Mid-market,Mobile,Card,164.27,1,,0,0,950,3.12
pay_000408333,m_02560,c_0063890,2026-01-01 04:57:00,GB,Mid-market,Mobile,Card,25.56,1,,0,0,843,0.49
pay_000696392,m_04665,c_0084757,2026-01-01 04:57:00,CA,Enterprise,Mobile,Wallet,74.97,1,,0,0,645,1.42
pay_000596358,m_01076,c_0049367,2026-01-01 04:57:00,US,Mid-market,Mobile,Card,25.08,1,,0,0,1091,0.48
pay_000443762,m_00585,c_0149540,2026-01-01 04:58:00,DE,SMB,Desktop,Wallet,15.25,1,,0,0,469,0.29
pay_000208722,m_02617,c_0165199,2026-01-01 04:58:00,US,Mid-market,Mobile,Card,121.14,1,,0,0,941,2.3
pay_000766413,m_04354,c_0145007,2026-01-01 04:58:00,US,SMB,Mobile,Card,58.05,1,,0,0,219,1.1
pay_000925426,m_02079,c_0129888,2026-01-01 04:59:00,CA,Enterprise,Desktop,Card,106.21,1,,0,0,260,2.02
pay_000865464,m_01256,c_0044570,2026-01-01 04:59:00,US,SMB,Mobile,Wallet,12.15,1,,0,0,460,0.23
pay_000330589,m_00484,c_0059908,2026-01-01 05:00:00,US,SMB,Mobile,Bank debit,81.52,1,,0,0,965,1.55
pay_000503336,m_04023,c_0064122,2026-01-01 05:01:00,GB,Mid-market,Desktop,Bank debit,24.43,1,,0,0,964,0.46
pay_000972915,m_01742,c_0138452,2026-01-01 05:01:00,US,Mid-market,Desktop,Card,15.4,1,,0,0,786,0.29
pay_000954165,m_02003,c_0057573,2026-01-01 05:02:00,US,SMB,Desktop,Card,23.59,1,,0,0,880,0.45
pay_000262434,m_04819,c_0135002,2026-01-01 05:02:00,DE,Enterprise,Mobile,Card,208.7,1,,0,0,897,3.97
pay_000550185,m_02582,c_0013028,2026-01-01 05:03:00,CA,SMB,Mobile,Card,20.01,1,,0,0,698,0.38
pay_000504506,m_00249,c_0121525,2026-01-01 05:03:00,GB,Mid-market,Mobile,Card,114.67,1,,0,0,590,2.18
pay_000613441,m_04424,c_0178358,2026-01-01 05:03:00,US,SMB,Mobile,BNPL,26.79,1,,0,0,564,0.51
pay_000531999,m_02075,c_0099228,2026-01-01 05:03:00,US,SMB,Desktop,Card,36.7,1,,0,0,610,0.7
pay_000763839,m_03038,c_0168221,2026-01-01 05:03:00,GB,SMB,Mobile,Card,26.25,0,expired_card,0,0,616,0.0
pay_000534644,m_04566,c_0119960,2026-01-01 05:03:00,DE,SMB,Mobile,BNPL,9.23,1,,0,0,753,0.18
pay_000368900,m_03483,c_0011097,2026-01-01 05:04:00,DE,SMB,Desktop,Bank debit,5.65,1,,0,0,740,0.11
pay_000965797,m_01883,c_0019645,2026-01-01 05:05:00,CA,Mid-market,Mobile,Card,11.74,1,,0,0,643,0.22
pay_000825871,m_01777,c_0030899,2026-01-01 05:05:00,CA,Enterprise,Mobile,Bank debit,497.38,1,,0,0,859,9.45
pay_000683355,m_04550,c_0101924,2026-01-01 05:05:00,GB,SMB,Mobile,Bank debit,21.79,1,,0,0,1020,0.41
pay_000284402,m_03593,c_0012129,2026-01-01 05:06:00,US,SMB,Desktop,Card,277.57,1,,0,0,868,5.27
pay_000428126,m_00529,c_0012628,2026-01-01 05:07:00,US,SMB,Mobile,Card,5.38,1,,0,0,906,0.1
pay_000875643,m_00094,c_0157255,2026-01-01 05:07:00,US,SMB,Mobile,Card,12.75,1,,0,0,661,0.24
pay_000459277,m_00484,c_0098130,2026-01-01 05:07:00,CA,SMB,Mobile,Card,129.03,1,,0,0,569,2.45
pay_000873158,m_04438,c_0032913,2026-01-01 05:08:00,GB,Mid-market,Mobile,Bank debit,29.38,1,,0,0,1199,0.56
pay_000689741,m_00686,c_0026369,2026-01-01 05:10:00,US,Enterprise,Mobile,Wallet,24.78,1,,0,0,940,0.47
pay_000471578,m_01073,c_0047859,2026-01-01 05:10:00,US,SMB,Mobile,Card,38.6,0,issuer_decline,0,0,946,0.0
pay_000280317,m_04700,c_0063415,2026-01-01 05:10:00,GB,SMB,Mobile,Card,18.22,1,,0,0,870,0.35
pay_000648937,m_00813,c_0078384,2026-01-01 05:11:00,DE,SMB,Desktop,BNPL,228.3,0,insufficient_funds,0,0,1249,0.0
pay_000950168,m_01595,c_0104154,2026-01-01 05:11:00,US,Mid-market,Mobile,Card,178.88,1,,0,0,639,3.4
pay_000749995,m_02415,c_0144417,2026-01-01 05:12:00,US,SMB,Mobile,Card,12.03,1,,0,0,829,0.23
pay_000393279,m_03551,c_0176093,2026-01-01 05:12:00,US,Mid-market,Mobile,Card,32.59,1,,0,0,752,0.62
pay_000065178,m_02259,c_0179202,2026-01-01 05:12:00,DE,SMB,Mobile,Card,33.6,1,,0,0,682,0.64
pay_000635670,m_00762,c_0047323,2026-01-01 05:12:00,US,SMB,Desktop,Card,69.05,1,,0,0,581,1.31
pay_000924616,m_04004,c_0075650,2026-01-01 05:12:00,CA,Enterprise,Desktop,Card,82.8,1,,0,0,1100,1.57
pay_000618518,m_02745,c_0023996,2026-01-01 05:12:00,AU,Mid-market,Mobile,Bank debit,52.1,0,network_error,0,0,687,0.0
pay_000479155,m_01421,c_0056131,2026-01-01 05:13:00,AU,SMB,Mobile,Card,97.48,1,,0,0,557,1.85
pay_000915205,m_04280,c_0110764,2026-01-01 05:13:00,CA,Mid-market,Mobile,Card,14.38,1,,0,0,755,0.27
pay_000873643,m_00750,c_0065238,2026-01-01 05:14:00,DE,SMB,Desktop,Wallet,30.81,1,,0,0,541,0.59
pay_000638214,m_04656,c_0005190,2026-01-01 05:15:00,DE,Mid-market,Desktop,Wallet,27.89,1,,0,0,1115,0.53
pay_000886834,m_04733,c_0002942,2026-01-01 05:15:00,US,Mid-market,Mobile,Card,34.4,1,,0,0,757,0.65
pay_000071945,m_02762,c_0158140,2026-01-01 05:15:00,DE,SMB,Mobile,Card,7.11,1,,0,0,1118,0.14
pay_000712549,m_01154,c_0067467,2026-01-01 05:16:00,CA,SMB,Desktop,Card,16.99,1,,0,0,787,0.32
pay_000822003,m_03194,c_0017976,2026-01-01 05:16:00,US,Mid-market,Mobile,Card,62.82,1,,0,0,571,1.19
pay_000779917,m_00900,c_0163479,2026-01-01 05:16:00,US,Mid-market,Mobile,Card,41.82,1,,0,0,689,0.79
pay_000192553,m_01349,c_0016999,2026-01-01 05:16:00,US,Enterprise,Desktop,Bank debit,34.05,1,,0,0,1124,0.65
pay_000570402,m_04067,c_0147259,2026-01-01 05:17:00,AU,SMB,Mobile,BNPL,12.32,1,,0,0,502,0.23
pay_000831974,m_01332,c_0049458,2026-01-01 05:18:00,CA,Mid-market,Desktop,Card,17.83,1,,0,0,1187,0.34
pay_000214592,m_02662,c_0021073,2026-01-01 05:18:00,CA,SMB,Mobile,Card,86.76,1,,0,0,623,1.65
pay_000170308,m_02798,c_0084361,2026-01-01 05:19:00,AU,SMB,Desktop,Card,34.36,1,,0,0,403,0.65
pay_000934841,m_03583,c_0169422,2026-01-01 05:19:00,US,SMB,Mobile,Card,13.29,1,,0,0,846,0.25
pay_000600241,m_00355,c_0000276,2026-01-01 05:19:00,US,SMB,Mobile,Card,44.58,0,issuer_decline,0,0,805,0.0
pay_000469611,m_04296,c_0107902,2026-01-01 05:20:00,US,Mid-market,Mobile,Card,179.4,1,,0,0,308,3.41
pay_000150593,m_01796,c_0100339,2026-01-01 05:20:00,DE,Mid-market,Mobile,Bank debit,33.49,1,,0,0,984,0.64
pay_000121235,m_00780,c_0177016,2026-01-01 05:20:00,US,SMB,Desktop,Card,25.49,1,,0,0,1015,0.48
pay_000608119,m_01546,c_0163317,2026-01-01 05:21:00,US,SMB,Mobile,Bank debit,62.55,1,,0,0,1023,1.19
pay_000060163,m_00200,c_0034670,2026-01-01 05:22:00,US,Mid-market,Desktop,Card,30.61,1,,0,0,970,0.58
pay_000632349,m_04527,c_0071500,2026-01-01 05:22:00,US,SMB,Desktop,Card,14.9,1,,0,0,625,0.28
pay_000761170,m_04332,c_0064702,2026-01-01 05:22:00,AU,Mid-market,Desktop,Card,58.87,1,,0,0,662,1.12
pay_000804395,m_02167,c_0070666,2026-01-01 05:23:00,US,Mid-market,Mobile,BNPL,54.53,1,,0,0,865,1.04
pay_000710047,m_03480,c_0088110,2026-01-01 05:23:00,GB,Mid-market,Mobile,BNPL,40.35,1,,0,0,645,0.77
pay_000289146,m_00871,c_0141140,2026-01-01 05:23:00,US,SMB,Mobile,Bank debit,53.32,1,,0,0,1076,1.01
pay_000730649,m_04738,c_0147487,2026-01-01 05:23:00,US,SMB,Desktop,Card,25.36,1,,0,0,852,0.48
pay_000009284,m_01460,c_0158779,2026-01-01 05:24:00,US,SMB,Desktop,Card,57.57,1,,0,0,827,1.09
pay_000936462,m_01120,c_0170659,2026-01-01 05:25:00,GB,Mid-market,Desktop,Bank debit,98.58,1,,0,0,1146,1.87
pay_000145124,m_00094,c_0139839,2026-01-01 05:25:00,CA,SMB,Mobile,Wallet,80.27,1,,0,0,882,1.53
pay_000760198,m_02067,c_0129747,2026-01-01 05:25:00,US,SMB,Desktop,Bank debit,155.94,1,,0,0,1285,2.96
pay_000498928,m_02732,c_0101125,2026-01-01 05:26:00,DE,SMB,Mobile,Card,116.48,0,insufficient_funds,0,0,804,0.0
pay_000757796,m_00684,c_0135560,2026-01-01 05:27:00,US,SMB,Mobile,Wallet,15.15,1,,0,0,795,0.29
pay_000479366,m_04602,c_0072808,2026-01-01 05:28:00,DE,SMB,Mobile,Bank debit,38.55,0,suspected_fraud,0,0,1231,0.0
pay_000149455,m_04652,c_0075644,2026-01-01 05:28:00,DE,SMB,Mobile,Card,54.16,1,,0,0,634,1.03
pay_000562298,m_03311,c_0097505,2026-01-01 05:28:00,AU,Mid-market,Mobile,Card,139.09,1,,0,0,1017,2.64
pay_000613635,m_04979,c_0142116,2026-01-01 05:29:00,CA,Enterprise,Mobile,Card,303.79,1,,0,0,613,5.77
pay_000576337,m_00126,c_0144293,2026-01-01 05:29:00,AU,Mid-market,Mobile,Card,201.36,1,,0,0,718,3.83
pay_000441369,m_01739,c_0170373,2026-01-01 05:29:00,GB,SMB,Desktop,Card,11.07,1,,0,0,610,0.21
pay_000664600,m_01077,c_0024696,2026-01-01 05:30:00,US,SMB,Mobile,Card,35.32,1,,0,0,784,0.67
pay_000472104,m_01496,c_0154077,2026-01-01 05:30:00,CA,SMB,Desktop,Bank debit,41.41,1,,0,0,1015,0.79
pay_000761783,m_02222,c_0024261,2026-01-01 05:31:00,DE,Mid-market,Mobile,Wallet,360.86,1,,0,0,1125,6.86
pay_000794799,m_04587,c_0037280,2026-01-01 05:31:00,US,Enterprise,Desktop,Bank debit,55.21,1,,0,0,982,1.05
pay_000592182,m_00692,c_0048544,2026-01-01 05:31:00,AU,Enterprise,Mobile,BNPL,26.42,1,,0,0,662,0.5
pay_000716754,m_02189,c_0140550,2026-01-01 05:31:00,CA,SMB,Desktop,Card,16.81,1,,0,0,501,0.32
pay_000461678,m_01452,c_0127608,2026-01-01 05:32:00,CA,SMB,Mobile,Wallet,126.25,1,,0,0,729,2.4
pay_000839324,m_02474,c_0106525,2026-01-01 05:33:00,US,SMB,Mobile,Card,41.2,1,,0,0,610,0.78
pay_000736745,m_03443,c_0173487,2026-01-01 05:33:00,US,SMB,Desktop,Wallet,20.57,1,,0,0,682,0.39
pay_000517268,m_00744,c_0097319,2026-01-01 05:33:00,US,Mid-market,Mobile,Card,15.18,1,,0,0,733,0.29
pay_000060721,m_00535,c_0073907,2026-01-01 05:33:00,CA,SMB,Desktop,Wallet,89.24,1,,0,0,815,1.7
pay_000556170,m_03426,c_0146894,2026-01-01 05:33:00,AU,SMB,Mobile,Card,25.59,1,,0,0,708,0.49
pay_000698494,m_00530,c_0157206,2026-01-01 05:34:00,US,Enterprise,Mobile,Card,101.97,0,insufficient_funds,0,0,1025,0.0
pay_000884472,m_02254,c_0076267,2026-01-01 05:34:00,US,Enterprise,Mobile,BNPL,44.84,1,,0,0,757,0.85
pay_000014062,m_03137,c_0084748,2026-01-01 05:34:00,US,Enterprise,Mobile,Card,29.77,1,,0,0,204,0.57
pay_000130541,m_04957,c_0018494,2026-01-01 05:34:00,CA,Enterprise,Mobile,Card,493.17,1,,0,0,850,9.37
pay_000217906,m_00427,c_0117848,2026-01-01 05:34:00,US,SMB,Desktop,Wallet,32.65,1,,0,0,561,0.62
pay_000323879,m_02829,c_0142475,2026-01-01 05:34:00,CA,Mid-market,Desktop,Card,54.32,1,,0,0,584,1.03
pay_000626667,m_02981,c_0026382,2026-01-01 05:35:00,US,SMB,Mobile,Card,4.29,1,,0,0,897,0.08
pay_000123821,m_00005,c_0177030,2026-01-01 05:35:00,DE,SMB,Mobile,Card,174.53,1,,0,0,830,3.32
pay_000769589,m_02779,c_0166099,2026-01-01 05:37:00,GB,SMB,Mobile,Card,10.11,1,,0,0,552,0.19
pay_000079781,m_04462,c_0107281,2026-01-01 05:38:00,AU,SMB,Mobile,Card,83.66,1,,0,0,627,1.59
pay_000985413,m_02157,c_0107298,2026-01-01 05:39:00,US,SMB,Desktop,Card,59.32,1,,0,0,835,1.13
pay_000083033,m_02660,c_0088623,2026-01-01 05:39:00,US,SMB,Mobile,Bank debit,17.51,1,,0,0,919,0.33
pay_000755649,m_00423,c_0066054,2026-01-01 05:40:00,GB,SMB,Mobile,Bank debit,15.84,1,,0,0,1168,0.3
pay_000093597,m_02749,c_0173534,2026-01-01 05:40:00,US,SMB,Mobile,Wallet,66.89,1,,0,0,808,1.27
pay_000113009,m_02439,c_0108623,2026-01-01 05:41:00,US,SMB,Desktop,Wallet,30.34,1,,0,0,775,0.58
pay_000020329,m_00919,c_0067316,2026-01-01 05:41:00,GB,SMB,Mobile,Bank debit,239.15,1,,0,0,1048,4.54
pay_000199302,m_04282,c_0104023,2026-01-01 05:41:00,AU,SMB,Mobile,Card,68.52,0,issuer_decline,0,0,1022,0.0
pay_000588196,m_03706,c_0095620,2026-01-01 05:42:00,AU,Mid-market,Mobile,Wallet,122.31,1,,0,0,498,2.32
pay_000050965,m_03454,c_0033602,2026-01-01 05:42:00,AU,SMB,Desktop,Card,1011.99,1,,0,0,917,19.23
pay_000328100,m_03413,c_0069863,2026-01-01 05:42:00,AU,Enterprise,Desktop,Wallet,28.99,1,,0,0,844,0.55
pay_000752742,m_00679,c_0121815,2026-01-01 05:42:00,CA,Enterprise,Mobile,Wallet,40.32,0,network_error,0,0,563,0.0
pay_000490797,m_03788,c_0172022,2026-01-01 05:43:00,US,SMB,Desktop,Card,14.17,0,insufficient_funds,0,0,669,0.0
pay_000341420,m_01959,c_0102175,2026-01-01 05:43:00,AU,SMB,Mobile,Card,13.08,1,,0,0,737,0.25
pay_000087959,m_03952,c_0027767,2026-01-01 05:44:00,US,SMB,Desktop,Card,124.95,0,issuer_decline,0,0,553,0.0
pay_000507518,m_03053,c_0041988,2026-01-01 05:44:00,AU,Mid-market,Mobile,Card,70.87,1,,0,0,597,1.35
pay_000627336,m_04016,c_0075493,2026-01-01 05:45:00,AU,Mid-market,Mobile,Card,18.98,1,,0,0,815,0.36
pay_000252600,m_03960,c_0012671,2026-01-01 05:45:00,GB,Mid-market,Mobile,Card,186.31,1,,0,0,1257,3.54
pay_000790910,m_03778,c_0039099,2026-01-01 05:45:00,DE,SMB,Desktop,Card,11.99,1,,0,0,673,0.23
pay_000662994,m_03998,c_0152426,2026-01-01 05:45:00,US,SMB,Mobile,Bank debit,73.62,1,,0,0,1001,1.4
pay_000173432,m_03274,c_0003288,2026-01-01 05:46:00,DE,SMB,Desktop,Card,23.77,1,,0,0,634,0.45
pay_000005760,m_00019,c_0159505,2026-01-01 05:46:00,US,SMB,Desktop,Card,27.44,1,,0,0,724,0.52
pay_000569784,m_04012,c_0031680,2026-01-01 05:46:00,US,Enterprise,Mobile,Bank debit,30.82,1,,0,0,846,0.59
pay_000006906,m_04356,c_0062788,2026-01-01 05:47:00,AU,SMB,Desktop,Card,22.06,1,,0,0,1159,0.42
pay_000515890,m_03220,c_0128419,2026-01-01 05:48:00,AU,SMB,Mobile,Card,15.01,1,,0,0,990,0.29
pay_000397167,m_01571,c_0091551,2026-01-01 05:48:00,US,Mid-market,Mobile,Card,37.68,1,,0,0,670,0.72
pay_000209217,m_03549,c_0033087,2026-01-01 05:48:00,CA,Mid-market,Mobile,Card,30.28,1,,0,0,905,0.58
pay_000504159,m_04848,c_0059335,2026-01-01 05:49:00,US,SMB,Mobile,Card,15.98,1,,0,0,1019,0.3
pay_000246719,m_03888,c_0159854,2026-01-01 05:49:00,GB,SMB,Desktop,BNPL,52.12,1,,0,0,758,0.99
pay_000790389,m_01835,c_0046571,2026-01-01 05:50:00,DE,Mid-market,Mobile,Card,35.31,1,,0,0,986,0.67
pay_000737715,m_03923,c_0130721,2026-01-01 05:51:00,CA,Mid-market,Mobile,Wallet,30.33,1,,0,0,889,0.58
pay_000346782,m_02749,c_0118192,2026-01-01 05:51:00,US,Mid-market,Desktop,Wallet,66.96,1,,0,0,578,1.27
pay_000878410,m_02219,c_0019168,2026-01-01 05:51:00,US,SMB,Mobile,Card,35.39,1,,0,0,1030,0.67
pay_000374366,m_04430,c_0081947,2026-01-01 05:52:00,CA,SMB,Desktop,Card,10.3,1,,0,0,586,0.2
pay_000882099,m_03182,c_0071601,2026-01-01 05:52:00,DE,Mid-market,Mobile,Bank debit,63.69,1,,1,0,1206,1.21
pay_000616304,m_03109,c_0027118,2026-01-01 05:52:00,AU,Mid-market,Mobile,Card,92.87,1,,0,0,853,1.76
pay_000300927,m_02772,c_0176407,2026-01-01 05:52:00,US,SMB,Mobile,Card,55.89,1,,0,0,768,1.06
pay_000304674,m_04433,c_0021789,2026-01-01 05:52:00,GB,Mid-market,Mobile,Card,16.17,1,,0,0,686,0.31
pay_000306527,m_02892,c_0124953,2026-01-01 05:52:00,US,SMB,Mobile,Card,30.31,1,,0,0,987,0.58
pay_000171654,m_03497,c_0140254,2026-01-01 05:52:00,CA,Mid-market,Mobile,Card,12.22,1,,0,0,782,0.23
pay_000327062,m_04725,c_0154457,2026-01-01 05:53:00,DE,Mid-market,Desktop,Card,35.12,0,issuer_decline,0,0,1037,0.0
pay_000097582,m_02850,c_0079781,2026-01-01 05:53:00,US,SMB,Mobile,Bank debit,25.32,1,,0,0,945,0.48
pay_000812787,m_01359,c_0064376,2026-01-01 05:54:00,US,Mid-market,Mobile,Card,17.94,1,,0,0,476,0.34
pay_000479408,m_00626,c_0121035,2026-01-01 05:54:00,US,SMB,Desktop,BNPL,119.02,0,insufficient_funds,0,0,807,0.0
pay_000489495,m_03309,c_0053389,2026-01-01 05:55:00,US,SMB,Desktop,Bank debit,38.31,1,,0,0,1500,0.73
pay_000383454,m_01506,c_0038539,2026-01-01 05:55:00,US,Mid-market,Desktop,Card,87.75,1,,0,0,628,1.67
pay_000072673,m_01507,c_0103811,2026-01-01 05:56:00,US,SMB,Mobile,Card,15.4,1,,0,0,566,0.29
pay_000946404,m_01420,c_0148740,2026-01-01 05:56:00,GB,SMB,Mobile,Card,5.26,1,,0,0,966,0.1
pay_000519717,m_00862,c_0099359,2026-01-01 05:56:00,US,Mid-market,Mobile,Wallet,125.05,1,,0,0,525,2.38
pay_000728054,m_02439,c_0134348,2026-01-01 05:56:00,US,SMB,Mobile,Card,23.75,1,,0,0,698,0.45
pay_000761996,m_02745,c_0173045,2026-01-01 05:57:00,AU,SMB,Mobile,Card,31.57,1,,0,0,1080,0.6
pay_000063432,m_02688,c_0024404,2026-01-01 05:57:00,US,Mid-market,Desktop,Card,6.0,1,,0,0,840,0.11
pay_000616262,m_02570,c_0169939,2026-01-01 05:57:00,AU,SMB,Desktop,Wallet,23.44,1,,0,0,762,0.45
pay_000477041,m_03222,c_0156628,2026-01-01 05:58:00,US,SMB,Desktop,Card,48.11,0,issuer_decline,0,0,615,0.0
pay_000380479,m_04463,c_0142592,2026-01-01 05:59:00,DE,SMB,Mobile,Card,3.0,1,,0,0,735,0.06
pay_000444349,m_00580,c_0094951,2026-01-01 05:59:00,US,SMB,Mobile,Wallet,34.11,1,,0,0,583,0.65
pay_000798331,m_01765,c_0094559,2026-01-01 05:59:00,DE,SMB,Desktop,Card,14.49,0,issuer_decline,0,0,1026,0.0
pay_000424775,m_04611,c_0083912,2026-01-01 06:00:00,US,SMB,Desktop,Wallet,14.32,1,,0,0,516,0.27
pay_000312588,m_04339,c_0066662,2026-01-01 06:00:00,CA,Enterprise,Mobile,Card,17.47,1,,0,0,1040,0.33
pay_000647775,m_02117,c_0153049,2026-01-01 06:01:00,DE,SMB,Mobile,Card,70.71,1,,0,0,331,1.34
pay_000436380,m_04827,c_0045243,2026-01-01 06:01:00,US,Mid-market,Desktop,Card,36.96,1,,0,0,715,0.7
pay_000021355,m_03009,c_0130625,2026-01-01 06:01:00,DE,SMB,Mobile,Bank debit,7.33,1,,0,0,1082,0.14
pay_000310627,m_04575,c_0004941,2026-01-01 06:01:00,DE,Mid-market,Desktop,Card,156.03,1,,0,0,626,2.96
pay_000410599,m_01418,c_0031222,2026-01-01 06:01:00,GB,SMB,Mobile,Bank debit,33.48,1,,0,0,1124,0.64
pay_000502039,m_03462,c_0048190,2026-01-01 06:02:00,US,SMB,Mobile,BNPL,18.19,1,,0,0,805,0.35
pay_000983496,m_02448,c_0071123,2026-01-01 06:02:00,CA,Mid-market,Mobile,Card,48.62,1,,0,0,806,0.92
pay_000875281,m_04565,c_0131577,2026-01-01 06:02:00,AU,SMB,Desktop,Card,12.49,1,,0,0,959,0.24
pay_000150741,m_04328,c_0056666,2026-01-01 06:03:00,US,SMB,Desktop,Card,48.13,1,,0,0,331,0.91
pay_000283225,m_00613,c_0079156,2026-01-01 06:03:00,AU,SMB,Desktop,Card,82.26,1,,0,0,336,1.56
pay_000021840,m_03034,c_0163961,2026-01-01 06:03:00,CA,SMB,Mobile,Card,9.41,1,,0,0,774,0.18
pay_000233236,m_01688,c_0164948,2026-01-01 06:04:00,GB,SMB,Desktop,Card,26.57,1,,0,0,801,0.5
pay_000112803,m_03556,c_0179421,2026-01-01 06:04:00,AU,SMB,Desktop,Card,101.86,1,,0,0,310,1.94
pay_000361614,m_03016,c_0157273,2026-01-01 06:04:00,CA,Enterprise,Mobile,Wallet,111.05,1,,0,0,699,2.11
pay_000060142,m_02962,c_0156388,2026-01-01 06:05:00,DE,Mid-market,Mobile,Bank debit,63.61,1,,0,0,1102,1.21
pay_000600680,m_01366,c_0012819,2026-01-01 06:05:00,AU,SMB,Mobile,Wallet,152.2,1,,0,0,384,2.89
pay_000526696,m_03840,c_0120066,2026-01-01 06:05:00,DE,Mid-market,Mobile,Card,22.01,1,,0,0,334,0.42
pay_000711562,m_00390,c_0156632,2026-01-01 06:05:00,AU,SMB,Desktop,Card,24.26,1,,0,0,824,0.46
pay_000470488,m_04086,c_0138093,2026-01-01 06:05:00,CA,SMB,Mobile,Card,62.02,1,,0,0,677,1.18
pay_000863077,m_02255,c_0119611,2026-01-01 06:05:00,CA,Mid-market,Mobile,Card,38.89,1,,0,0,782,0.74
pay_000162701,m_03578,c_0152520,2026-01-01 06:05:00,US,Mid-market,Mobile,Bank debit,43.74,1,,0,0,691,0.83
pay_000309207,m_00255,c_0165210,2026-01-01 06:06:00,US,SMB,Desktop,Card,27.82,1,,0,0,406,0.53
pay_000378090,m_01939,c_0022770,2026-01-01 06:07:00,GB,Mid-market,Mobile,Card,19.44,1,,0,0,639,0.37
pay_000249666,m_03272,c_0042514,2026-01-01 06:08:00,US,SMB,Mobile,Card,56.51,1,,0,0,670,1.07
pay_000265262,m_02962,c_0178863,2026-01-01 06:08:00,DE,SMB,Desktop,Card,7.72,1,,0,0,464,0.15
pay_000011080,m_04751,c_0106789,2026-01-01 06:08:00,US,SMB,Mobile,Wallet,156.12,1,,0,0,492,2.97
pay_000398431,m_00427,c_0148631,2026-01-01 06:09:00,US,SMB,Mobile,Bank debit,31.82,1,,0,0,566,0.6
pay_000962376,m_00091,c_0092843,2026-01-01 06:09:00,US,SMB,Mobile,Card,18.41,1,,0,0,726,0.35
pay_000697410,m_04389,c_0005672,2026-01-01 06:09:00,US,Mid-market,Mobile,Bank debit,126.09,1,,0,0,818,2.4
pay_000441921,m_04939,c_0106286,2026-01-01 06:09:00,GB,SMB,Mobile,Wallet,7.11,1,,0,0,735,0.14
pay_000179484,m_02073,c_0131733,2026-01-01 06:10:00,AU,SMB,Desktop,Wallet,76.62,1,,0,0,211,1.46
pay_000615742,m_03810,c_0162901,2026-01-01 06:11:00,CA,SMB,Mobile,Wallet,15.76,1,,0,0,642,0.3
pay_000730038,m_00411,c_0091115,2026-01-01 06:11:00,US,SMB,Desktop,Wallet,3.97,1,,0,0,797,0.08
pay_000848888,m_00043,c_0085513,2026-01-01 06:12:00,DE,SMB,Desktop,Card,10.3,1,,0,0,825,0.2
pay_000318690,m_00158,c_0061946,2026-01-01 06:12:00,DE,SMB,Desktop,Card,110.21,1,,0,0,910,2.09
pay_000400096,m_03416,c_0168441,2026-01-01 06:12:00,US,SMB,Mobile,Wallet,11.72,1,,0,0,1162,0.22
pay_000002442,m_03434,c_0178173,2026-01-01 06:13:00,CA,SMB,Desktop,Card,7.51,1,,0,0,852,0.14
pay_000838741,m_03167,c_0005595,2026-01-01 06:14:00,US,SMB,Mobile,Card,10.16,1,,0,0,778,0.19
pay_000373785,m_00591,c_0059925,2026-01-01 06:15:00,US,SMB,Desktop,Card,47.45,1,,0,0,1010,0.9
pay_000286053,m_01704,c_0086157,2026-01-01 06:15:00,US,SMB,Mobile,Card,33.6,1,,0,0,336,0.64
pay_000250606,m_01780,c_0113890,2026-01-01 06:16:00,AU,SMB,Mobile,Wallet,63.73,1,,0,0,721,1.21
pay_000068639,m_03265,c_0025918,2026-01-01 06:16:00,GB,Mid-market,Mobile,Card,41.55,1,,0,0,968,0.79
pay_000431945,m_03013,c_0021519,2026-01-01 06:17:00,US,Mid-market,Mobile,Card,123.82,1,,0,0,495,2.35
pay_000546633,m_00209,c_0131271,2026-01-01 06:17:00,US,SMB,Desktop,Card,14.15,1,,0,0,772,0.27
pay_000740068,m_04461,c_0047247,2026-01-01 06:17:00,DE,Mid-market,Mobile,Card,205.13,1,,0,0,635,3.9
pay_000944865,m_00749,c_0099819,2026-01-01 06:18:00,CA,SMB,Mobile,Card,67.2,1,,0,0,538,1.28
pay_000867261,m_00536,c_0138923,2026-01-01 06:18:00,CA,SMB,Mobile,Wallet,24.99,1,,0,0,879,0.47
pay_000429863,m_04825,c_0144481,2026-01-01 06:18:00,US,Mid-market,Mobile,Bank debit,107.75,0,expired_card,0,0,799,0.0
pay_000688981,m_02823,c_0108248,2026-01-01 06:18:00,GB,Mid-market,Desktop,Wallet,21.8,1,,0,0,677,0.41
pay_000588767,m_04671,c_0159365,2026-01-01 06:19:00,US,SMB,Mobile,Card,8.09,1,,0,0,325,0.15
pay_000578005,m_04453,c_0138956,2026-01-01 06:20:00,US,SMB,Mobile,BNPL,9.35,0,insufficient_funds,0,0,839,0.0
pay_000738115,m_04683,c_0098924,2026-01-01 06:20:00,AU,SMB,Desktop,Card,23.84,1,,0,0,364,0.45
pay_000395374,m_03953,c_0033805,2026-01-01 06:20:00,AU,SMB,Mobile,Wallet,63.09,1,,0,0,436,1.2
pay_000826782,m_02559,c_0099611,2026-01-01 06:20:00,GB,SMB,Mobile,Bank debit,22.57,1,,0,0,1177,0.43
pay_000325694,m_03374,c_0054186,2026-01-01 06:21:00,US,Mid-market,Mobile,Card,91.72,1,,0,0,1078,1.74
pay_000540153,m_03656,c_0130184,2026-01-01 06:21:00,GB,SMB,Mobile,Card,17.94,1,,0,0,518,0.34
pay_000502520,m_03781,c_0107519,2026-01-01 06:21:00,AU,SMB,Mobile,Card,35.04,1,,0,0,764,0.67
pay_000016070,m_00724,c_0024560,2026-01-01 06:22:00,GB,SMB,Mobile,Bank debit,17.8,1,,0,0,1298,0.34
pay_000540151,m_04970,c_0102725,2026-01-01 06:22:00,US,SMB,Desktop,Bank debit,24.03,1,,0,0,963,0.46
pay_000480261,m_03780,c_0094466,2026-01-01 06:23:00,US,SMB,Desktop,Bank debit,75.01,1,,0,0,1312,1.43
pay_000963767,m_01115,c_0040890,2026-01-01 06:23:00,DE,Mid-market,Mobile,Card,54.76,1,,0,0,428,1.04
pay_000216156,m_02150,c_0120972,2026-01-01 06:24:00,US,Mid-market,Desktop,Card,23.14,1,,0,0,515,0.44
pay_000535188,m_02060,c_0091868,2026-01-01 06:24:00,US,SMB,Desktop,Card,29.91,1,,1,0,951,0.57
pay_000520587,m_01695,c_0114804,2026-01-01 06:24:00,CA,Enterprise,Mobile,Card,34.1,1,,0,0,1052,0.65
pay_000842016,m_04171,c_0036573,2026-01-01 06:25:00,DE,Mid-market,Mobile,Wallet,55.25,1,,0,0,683,1.05
pay_000207432,m_02653,c_0109578,2026-01-01 06:25:00,US,SMB,Mobile,Bank debit,12.76,1,,0,0,843,0.24
pay_000608996,m_03892,c_0025304,2026-01-01 06:25:00,CA,Mid-market,Mobile,Wallet,21.0,1,,0,0,529,0.4
pay_000690240,m_00201,c_0109594,2026-01-01 06:25:00,US,Mid-market,Mobile,Wallet,22.57,1,,0,0,938,0.43
pay_000208260,m_00400,c_0011390,2026-01-01 06:26:00,DE,Mid-market,Mobile,Card,9.65,1,,0,0,1238,0.18
pay_000066793,m_01613,c_0056052,2026-01-01 06:26:00,DE,Mid-market,Mobile,Card,12.34,1,,0,0,601,0.23
pay_000841092,m_00626,c_0118462,2026-01-01 06:26:00,US,Mid-market,Desktop,Card,102.4,1,,0,0,720,1.95
pay_000191120,m_01169,c_0070170,2026-01-01 06:27:00,CA,SMB,Desktop,Bank debit,83.18,1,,0,0,945,1.58
pay_000931113,m_04427,c_0073031,2026-01-01 06:27:00,US,SMB,Desktop,Card,77.03,1,,0,0,763,1.46
pay_000701459,m_01269,c_0099371,2026-01-01 06:28:00,DE,Mid-market,Mobile,Card,52.76,1,,0,0,1181,1.0
pay_000667753,m_01706,c_0049276,2026-01-01 06:28:00,AU,SMB,Desktop,Card,13.62,0,suspected_fraud,0,0,851,0.0
pay_000502238,m_02727,c_0146671,2026-01-01 06:28:00,GB,Mid-market,Mobile,Card,58.24,1,,0,0,551,1.11
pay_000571774,m_00705,c_0162181,2026-01-01 06:29:00,CA,SMB,Mobile,Card,39.76,1,,0,0,668,0.76
pay_000358178,m_01521,c_0062033,2026-01-01 06:31:00,US,Enterprise,Mobile,Card,141.19,1,,0,0,569,2.68
pay_000035831,m_01489,c_0020176,2026-01-01 06:31:00,US,Mid-market,Mobile,Card,40.03,1,,0,0,625,0.76
pay_000176102,m_04109,c_0116796,2026-01-01 06:31:00,US,Mid-market,Mobile,Card,22.55,0,expired_card,0,0,636,0.0
pay_000739983,m_04645,c_0164435,2026-01-01 06:32:00,US,SMB,Mobile,Wallet,88.62,1,,0,0,606,1.68
pay_000804977,m_01845,c_0040881,2026-01-01 06:33:00,AU,Mid-market,Desktop,Wallet,15.51,1,,0,0,612,0.29
pay_000434914,m_01994,c_0084135,2026-01-01 06:33:00,US,Mid-market,Mobile,Card,32.89,1,,0,0,714,0.62
pay_000658954,m_01022,c_0115646,2026-01-01 06:34:00,DE,SMB,Mobile,Card,5.19,1,,0,0,743,0.1
pay_000159667,m_04024,c_0048373,2026-01-01 06:34:00,DE,Mid-market,Desktop,Wallet,36.76,1,,0,0,951,0.7
pay_000419959,m_03032,c_0158964,2026-01-01 06:34:00,CA,SMB,Desktop,Wallet,38.41,1,,0,0,426,0.73
pay_000893482,m_03777,c_0122733,2026-01-01 06:35:00,GB,Mid-market,Mobile,Card,34.62,0,issuer_decline,0,0,833,0.0
pay_000670796,m_02902,c_0039831,2026-01-01 06:35:00,US,Enterprise,Mobile,Card,35.54,1,,0,0,409,0.68
pay_000334211,m_04051,c_0052698,2026-01-01 06:37:00,US,Enterprise,Mobile,Card,44.66,1,,0,0,531,0.85
pay_000875616,m_01672,c_0178797,2026-01-01 06:37:00,US,SMB,Mobile,Card,87.14,0,expired_card,0,0,942,0.0
pay_000313763,m_04063,c_0016130,2026-01-01 06:37:00,DE,Mid-market,Mobile,Card,12.73,1,,0,0,903,0.24
pay_000058225,m_02853,c_0036975,2026-01-01 06:38:00,US,Mid-market,Desktop,Wallet,58.94,1,,0,0,749,1.12
pay_000053856,m_03572,c_0076584,2026-01-01 06:38:00,US,Mid-market,Mobile,Wallet,227.09,1,,0,0,431,4.31
pay_000284017,m_01834,c_0153397,2026-01-01 06:38:00,AU,SMB,Mobile,Card,89.6,1,,0,0,583,1.7
pay_000657500,m_04109,c_0032533,2026-01-01 06:39:00,AU,SMB,Mobile,Card,72.16,1,,0,0,703,1.37
pay_000119144,m_00154,c_0177140,2026-01-01 06:39:00,CA,SMB,Mobile,Card,54.6,1,,0,0,517,1.04
pay_000472831,m_04224,c_0163293,2026-01-01 06:39:00,CA,SMB,Mobile,Card,36.45,1,,0,0,549,0.69
pay_000031420,m_02166,c_0027850,2026-01-01 06:39:00,US,Enterprise,Mobile,Card,74.8,1,,0,0,736,1.42
pay_000331958,m_04099,c_0036906,2026-01-01 06:39:00,AU,SMB,Mobile,Bank debit,29.24,1,,0,0,1128,0.56
pay_000260506,m_00379,c_0107287,2026-01-01 06:39:00,US,Mid-market,Desktop,BNPL,118.52,1,,0,0,979,2.25
pay_000536028,m_02982,c_0148936,2026-01-01 06:40:00,DE,SMB,Mobile,Wallet,38.19,1,,0,0,723,0.73
pay_000451631,m_02601,c_0100696,2026-01-01 06:40:00,US,Enterprise,Mobile,Card,57.18,1,,0,0,739,1.09
pay_000592872,m_00916,c_0004342,2026-01-01 06:40:00,GB,Mid-market,Mobile,Bank debit,23.11,1,,0,0,1231,0.44
pay_000928839,m_01606,c_0032042,2026-01-01 06:41:00,DE,SMB,Desktop,Bank debit,18.29,1,,0,0,1099,0.35
pay_000919824,m_04977,c_0097294,2026-01-01 06:41:00,US,Enterprise,Mobile,Card,69.87,1,,0,0,802,1.33
pay_000569745,m_00522,c_0041331,2026-01-01 06:42:00,AU,SMB,Mobile,Card,9.78,1,,0,0,920,0.19
pay_000247070,m_04353,c_0031457,2026-01-01 06:42:00,US,SMB,Mobile,Card,14.94,1,,0,0,471,0.28
pay_000518921,m_04416,c_0067359,2026-01-01 06:42:00,DE,SMB,Mobile,BNPL,47.44,0,issuer_decline,0,0,1023,0.0
pay_000971199,m_04110,c_0099149,2026-01-01 06:42:00,US,SMB,Desktop,Bank debit,41.86,1,,0,0,995,0.8
pay_000469975,m_04396,c_0013916,2026-01-01 06:42:00,GB,SMB,Desktop,Card,23.65,1,,0,0,897,0.45
pay_000588067,m_00880,c_0059481,2026-01-01 06:43:00,GB,SMB,Desktop,Wallet,76.93,1,,0,0,348,1.46
pay_000639504,m_03706,c_0041354,2026-01-01 06:44:00,DE,SMB,Desktop,Card,38.1,1,,0,0,789,0.72
pay_000522639,m_02793,c_0064909,2026-01-01 06:44:00,GB,Mid-market,Mobile,Card,50.55,0,network_error,0,0,693,0.0
pay_000353881,m_01794,c_0032045,2026-01-01 06:44:00,GB,Mid-market,Mobile,Card,76.59,1,,0,0,845,1.46
pay_000976091,m_01777,c_0070868,2026-01-01 06:45:00,CA,SMB,Desktop,Wallet,37.3,1,,0,0,867,0.71
pay_000875426,m_02426,c_0149035,2026-01-01 06:45:00,AU,SMB,Mobile,Card,32.89,1,,0,0,411,0.62
pay_000352494,m_03870,c_0144810,2026-01-01 06:45:00,US,SMB,Mobile,Bank debit,6.91,1,,0,0,1208,0.13
pay_000976536,m_02932,c_0002116,2026-01-01 06:45:00,DE,SMB,Mobile,Card,30.53,1,,0,0,833,0.58
pay_000035735,m_01838,c_0062091,2026-01-01 06:45:00,US,SMB,Mobile,Card,17.04,1,,0,0,651,0.32
pay_000173128,m_01363,c_0065331,2026-01-01 06:45:00,GB,SMB,Mobile,Card,108.32,1,,0,0,864,2.06
pay_000778566,m_01814,c_0091382,2026-01-01 06:46:00,US,Enterprise,Mobile,Card,82.66,1,,0,0,409,1.57
pay_000834551,m_03513,c_0034199,2026-01-01 06:47:00,US,SMB,Mobile,Wallet,70.37,1,,0,0,619,1.34
pay_000604267,m_02120,c_0093055,2026-01-01 06:47:00,US,SMB,Mobile,Card,23.81,1,,0,0,734,0.45
pay_000207066,m_01059,c_0163647,2026-01-01 06:48:00,CA,SMB,Mobile,BNPL,10.03,1,,0,0,589,0.19
pay_000466529,m_03498,c_0170613,2026-01-01 06:49:00,US,Mid-market,Desktop,Card,18.75,1,,0,0,1074,0.36
pay_000232600,m_03984,c_0147678,2026-01-01 06:50:00,GB,SMB,Desktop,Card,54.37,1,,0,0,604,1.03
pay_000457579,m_04552,c_0158250,2026-01-01 06:50:00,US,Enterprise,Mobile,Card,123.58,1,,1,0,552,2.35
pay_000134056,m_02142,c_0087163,2026-01-01 06:51:00,US,SMB,Mobile,Wallet,35.73,1,,0,0,910,0.68
pay_000510318,m_02688,c_0017035,2026-01-01 06:51:00,GB,SMB,Desktop,BNPL,19.23,1,,0,0,959,0.37
pay_000207578,m_02878,c_0024707,2026-01-01 06:52:00,US,Mid-market,Mobile,Card,85.45,1,,0,0,781,1.62
pay_000148801,m_00557,c_0177466,2026-01-01 06:52:00,US,SMB,Mobile,Card,72.28,1,,0,0,782,1.37
pay_000814249,m_02565,c_0059727,2026-01-01 06:52:00,US,SMB,Mobile,Card,53.89,1,,0,0,578,1.02
pay_000920786,m_03427,c_0042448,2026-01-01 06:53:00,US,Mid-market,Desktop,Card,46.12,1,,0,0,637,0.88
pay_000195458,m_02537,c_0015521,2026-01-01 06:53:00,US,Mid-market,Mobile,BNPL,71.87,1,,0,0,818,1.37
pay_000130152,m_03018,c_0043643,2026-01-01 06:53:00,GB,SMB,Mobile,Bank debit,39.29,1,,0,0,1360,0.75
pay_000960280,m_03631,c_0145874,2026-01-01 06:54:00,CA,SMB,Mobile,Card,24.62,1,,0,0,772,0.47
pay_000371144,m_02329,c_0147307,2026-01-01 06:54:00,CA,Enterprise,Desktop,BNPL,172.91,1,,0,0,519,3.29
pay_000488982,m_03055,c_0077811,2026-01-01 06:54:00,CA,SMB,Mobile,Card,25.05,1,,0,0,641,0.48
pay_000926278,m_03113,c_0140334,2026-01-01 06:54:00,DE,SMB,Desktop,Wallet,39.61,1,,0,0,509,0.75
pay_000842128,m_04714,c_0165666,2026-01-01 06:54:00,US,Enterprise,Mobile,Card,48.64,1,,0,0,681,0.92
pay_000901872,m_04006,c_0178747,2026-01-01 06:54:00,DE,SMB,Mobile,Card,9.85,1,,0,0,650,0.19
pay_000661629,m_00798,c_0061542,2026-01-01 06:54:00,US,SMB,Desktop,Card,31.57,1,,0,0,810,0.6
pay_000995515,m_04923,c_0002165,2026-01-01 06:54:00,AU,Mid-market,Mobile,Card,12.74,1,,0,0,812,0.24
pay_000070294,m_00270,c_0111256,2026-01-01 06:55:00,GB,SMB,Desktop,Bank debit,15.39,1,,0,0,962,0.29
pay_000658837,m_03187,c_0084443,2026-01-01 06:55:00,US,Mid-market,Mobile,Card,14.86,0,issuer_decline,0,0,523,0.0
pay_000848083,m_02375,c_0165663,2026-01-01 06:55:00,DE,SMB,Mobile,Card,18.93,1,,0,0,516,0.36
pay_000034690,m_02941,c_0065432,2026-01-01 06:56:00,US,Mid-market,Mobile,Card,8.09,1,,0,0,584,0.15
pay_000576608,m_04147,c_0044855,2026-01-01 06:57:00,AU,Enterprise,Mobile,Card,59.25,1,,0,0,787,1.13
pay_000430703,m_00506,c_0107859,2026-01-01 06:57:00,US,Mid-market,Mobile,Card,17.21,1,,0,0,485,0.33
pay_000689568,m_00862,c_0065592,2026-01-01 06:58:00,AU,SMB,Desktop,Card,234.94,1,,0,0,585,4.46
pay_000322948,m_00079,c_0017891,2026-01-01 06:58:00,AU,SMB,Mobile,Card,209.38,1,,0,0,943,3.98
pay_000795421,m_03005,c_0116787,2026-01-01 06:59:00,US,SMB,Mobile,Card,36.65,1,,0,0,892,0.7
pay_000781833,m_02654,c_0127747,2026-01-01 06:59:00,GB,Enterprise,Mobile,Wallet,39.7,1,,0,0,659,0.75
pay_000409864,m_04896,c_0099952,2026-01-01 07:01:00,AU,Mid-market,Mobile,Wallet,53.4,1,,0,0,995,1.01
pay_000143647,m_04460,c_0007772,2026-01-01 07:01:00,US,SMB,Desktop,Card,117.67,1,,0,0,789,2.24
pay_000640357,m_00464,c_0127474,2026-01-01 07:02:00,US,SMB,Mobile,Card,51.2,1,,0,0,822,0.97
pay_000933673,m_03303,c_0044123,2026-01-01 07:03:00,AU,Enterprise,Desktop,Bank debit,177.92,1,,0,0,1097,3.38
pay_000955441,m_04795,c_0020580,2026-01-01 07:03:00,US,SMB,Desktop,Card,34.79,1,,0,0,510,0.66
pay_000075332,m_03862,c_0123374,2026-01-01 07:03:00,GB,SMB,Mobile,Wallet,21.24,1,,0,0,697,0.4
pay_000904631,m_01715,c_0101536,2026-01-01 07:04:00,DE,Mid-market,Mobile,Card,332.36,1,,0,0,757,6.31
pay_000791925,m_03769,c_0169655,2026-01-01 07:04:00,US,SMB,Mobile,Card,43.71,1,,0,0,678,0.83
pay_000706790,m_02031,c_0096121,2026-01-01 07:04:00,US,Mid-market,Desktop,Wallet,70.29,1,,0,0,796,1.34
pay_000420454,m_02449,c_0063879,2026-01-01 07:05:00,US,SMB,Desktop,Bank debit,61.62,1,,0,0,729,1.17
pay_000262073,m_04216,c_0031175,2026-01-01 07:05:00,CA,SMB,Mobile,Card,93.2,1,,0,0,956,1.77
pay_000234157,m_04838,c_0170926,2026-01-01 07:05:00,AU,SMB,Desktop,Card,68.15,1,,0,0,846,1.29
pay_000368639,m_01810,c_0139548,2026-01-01 07:05:00,CA,Enterprise,Desktop,Card,131.33,1,,0,0,887,2.5
pay_000524079,m_03884,c_0027079,2026-01-01 07:05:00,CA,Enterprise,Desktop,Card,246.92,1,,0,0,567,4.69
pay_000299508,m_01910,c_0042520,2026-01-01 07:06:00,US,SMB,Mobile,Wallet,9.17,1,,0,0,823,0.17
pay_000515991,m_01881,c_0113703,2026-01-01 07:07:00,US,SMB,Mobile,Wallet,31.8,1,,0,0,885,0.6
pay_000654740,m_01315,c_0000201,2026-01-01 07:07:00,US,SMB,Mobile,Wallet,48.0,1,,0,0,711,0.91
pay_000626341,m_03273,c_0111292,2026-01-01 07:07:00,US,SMB,Mobile,Card,39.79,1,,0,0,878,0.76
pay_000879142,m_00404,c_0015848,2026-01-01 07:08:00,CA,Mid-market,Desktop,Card,23.84,1,,0,0,934,0.45
pay_000255523,m_04630,c_0140756,2026-01-01 07:08:00,CA,SMB,Mobile,Wallet,56.83,1,,0,0,358,1.08
pay_000423647,m_03431,c_0091730,2026-01-01 07:09:00,CA,SMB,Mobile,Wallet,232.02,1,,0,0,1058,4.41
pay_000059073,m_02053,c_0161953,2026-01-01 07:10:00,AU,Enterprise,Mobile,Card,223.41,0,expired_card,0,0,759,0.0
pay_000715891,m_02560,c_0086246,2026-01-01 07:10:00,CA,Enterprise,Mobile,Card,136.07,0,issuer_decline,0,0,413,0.0
pay_000001488,m_01447,c_0113129,2026-01-01 07:11:00,US,SMB,Mobile,Card,203.03,1,,0,0,857,3.86
pay_000415019,m_01454,c_0070321,2026-01-01 07:11:00,CA,SMB,Mobile,Bank debit,132.03,1,,0,0,1299,2.51
pay_000442804,m_00420,c_0123048,2026-01-01 07:11:00,US,SMB,Mobile,Card,57.73,1,,0,0,446,1.1
pay_000720200,m_01311,c_0067842,2026-01-01 07:11:00,AU,SMB,Mobile,Card,26.58,1,,0,0,870,0.51
pay_000522209,m_00837,c_0016045,2026-01-01 07:12:00,CA,SMB,Mobile,Card,23.81,1,,0,0,616,0.45
pay_000146079,m_00686,c_0059384,2026-01-01 07:12:00,US,SMB,Mobile,Wallet,70.19,1,,0,0,634,1.33
pay_000424712,m_03663,c_0006419,2026-01-01 07:12:00,US,SMB,Desktop,BNPL,45.29,1,,0,0,697,0.86
pay_000911994,m_04672,c_0137879,2026-01-01 07:13:00,CA,Enterprise,Mobile,Card,127.83,1,,0,0,306,2.43
pay_000326491,m_02655,c_0020702,2026-01-01 07:13:00,US,SMB,Mobile,Card,95.06,1,,0,0,839,1.81
pay_000111809,m_00672,c_0144467,2026-01-01 07:14:00,CA,SMB,Mobile,Card,77.51,1,,0,0,560,1.47
pay_000614506,m_01097,c_0028524,2026-01-01 07:14:00,CA,SMB,Mobile,Card,30.73,1,,0,0,623,0.58
pay_000565454,m_00714,c_0003429,2026-01-01 07:15:00,AU,SMB,Desktop,Card,4.4,1,,0,0,696,0.08
pay_000484814,m_02817,c_0061183,2026-01-01 07:16:00,US,Mid-market,Mobile,Card,19.31,1,,0,0,801,0.37
pay_000002259,m_02567,c_0097035,2026-01-01 07:16:00,US,SMB,Mobile,Wallet,48.07,1,,0,0,832,0.91
pay_000086496,m_00950,c_0051862,2026-01-01 07:16:00,AU,Mid-market,Mobile,Wallet,18.54,1,,0,0,507,0.35
pay_000236988,m_03375,c_0117180,2026-01-01 07:16:00,CA,SMB,Desktop,Card,44.89,1,,0,0,1013,0.85
pay_000728550,m_00405,c_0009101,2026-01-01 07:16:00,CA,SMB,Mobile,Card,29.21,1,,0,0,963,0.55
pay_000944771,m_00932,c_0173851,2026-01-01 07:17:00,CA,SMB,Mobile,Card,79.42,1,,0,0,815,1.51
pay_000373181,m_02098,c_0077831,2026-01-01 07:17:00,US,Mid-market,Mobile,Card,171.05,1,,0,0,728,3.25
pay_000274421,m_04573,c_0101992,2026-01-01 07:18:00,CA,SMB,Desktop,Card,24.63,1,,0,0,770,0.47
pay_000742459,m_03745,c_0067471,2026-01-01 07:18:00,DE,Mid-market,Mobile,Wallet,47.71,1,,0,0,610,0.91
pay_000732916,m_01010,c_0058043,2026-01-01 07:18:00,CA,SMB,Mobile,Card,46.04,1,,0,0,643,0.87
pay_000212167,m_03332,c_0067117,2026-01-01 07:18:00,US,SMB,Desktop,Card,202.23,1,,0,0,535,3.84
pay_000407876,m_00240,c_0078119,2026-01-01 07:19:00,DE,SMB,Mobile,Wallet,23.4,1,,0,0,758,0.44
pay_000229973,m_04049,c_0150682,2026-01-01 07:20:00,US,SMB,Mobile,Card,113.5,1,,0,0,714,2.16
pay_000730006,m_02791,c_0137878,2026-01-01 07:20:00,CA,SMB,Desktop,BNPL,148.24,1,,0,0,688,2.82
pay_000689022,m_02744,c_0011357,2026-01-01 07:20:00,US,SMB,Mobile,BNPL,9.64,1,,0,0,642,0.18
pay_000104255,m_00928,c_0025738,2026-01-01 07:21:00,US,SMB,Mobile,Bank debit,24.18,1,,0,0,1263,0.46
pay_000577814,m_04020,c_0176360,2026-01-01 07:22:00,US,SMB,Desktop,Wallet,86.73,1,,0,0,746,1.65
pay_000955588,m_02986,c_0033079,2026-01-01 07:22:00,GB,Enterprise,Mobile,Bank debit,61.71,1,,0,0,1031,1.17
pay_000399372,m_03773,c_0027396,2026-01-01 07:22:00,DE,SMB,Mobile,Wallet,20.99,1,,0,0,932,0.4
pay_000645176,m_03834,c_0057293,2026-01-01 07:23:00,AU,SMB,Desktop,Card,9.34,1,,0,0,411,0.18
pay_000464989,m_04094,c_0073956,2026-01-01 07:23:00,DE,Mid-market,Mobile,Card,208.71,1,,0,0,778,3.97
pay_000087046,m_01337,c_0024008,2026-01-01 07:23:00,US,SMB,Mobile,Wallet,23.12,1,,0,0,884,0.44
pay_000145280,m_01976,c_0115850,2026-01-01 07:24:00,US,SMB,Desktop,Card,12.29,1,,0,0,804,0.23
pay_000020102,m_04605,c_0008525,2026-01-01 07:25:00,CA,Enterprise,Desktop,Wallet,143.81,1,,0,0,888,2.73
pay_000515204,m_04820,c_0142161,2026-01-01 07:25:00,US,SMB,Mobile,Card,42.82,1,,0,0,835,0.81
pay_000718460,m_01900,c_0085625,2026-01-01 07:25:00,DE,SMB,Desktop,Bank debit,42.3,1,,0,0,1137,0.8
pay_000791662,m_00259,c_0013077,2026-01-01 07:25:00,DE,Mid-market,Mobile,Card,59.21,0,insufficient_funds,0,0,758,0.0
pay_000399336,m_04535,c_0026420,2026-01-01 07:25:00,US,Mid-market,Mobile,Wallet,51.31,1,,0,0,478,0.97
pay_000921118,m_03457,c_0055024,2026-01-01 07:26:00,GB,SMB,Desktop,Card,55.96,1,,0,0,787,1.06
pay_000751109,m_03605,c_0024138,2026-01-01 07:26:00,US,SMB,Mobile,Bank debit,10.58,1,,0,0,848,0.2
pay_000898453,m_00952,c_0136579,2026-01-01 07:27:00,US,SMB,Mobile,Card,13.27,1,,0,0,989,0.25
pay_000037527,m_01885,c_0072254,2026-01-01 07:27:00,GB,Mid-market,Mobile,Card,10.3,1,,0,0,963,0.2
pay_000320053,m_01351,c_0099314,2026-01-01 07:27:00,DE,Mid-market,Mobile,Wallet,19.05,1,,0,0,463,0.36
pay_000691847,m_04810,c_0081123,2026-01-01 07:28:00,US,Enterprise,Mobile,BNPL,33.95,1,,0,0,806,0.65
pay_000933134,m_01586,c_0058073,2026-01-01 07:28:00,US,SMB,Desktop,Card,97.53,1,,0,0,526,1.85
pay_000445993,m_02758,c_0056064,2026-01-01 07:28:00,DE,SMB,Desktop,Card,11.49,1,,0,0,466,0.22
pay_000357013,m_03817,c_0083071,2026-01-01 07:29:00,US,Mid-market,Mobile,Bank debit,52.64,0,network_error,0,0,896,0.0
pay_000336070,m_01314,c_0147546,2026-01-01 07:29:00,DE,Enterprise,Mobile,Card,98.67,1,,0,0,747,1.87
pay_000594584,m_03223,c_0161370,2026-01-01 07:29:00,CA,SMB,Mobile,Card,46.35,1,,0,0,406,0.88
pay_000830918,m_01023,c_0050758,2026-01-01 07:30:00,US,SMB,Mobile,Bank debit,23.89,1,,0,0,1044,0.45
pay_000014018,m_03097,c_0107884,2026-01-01 07:31:00,CA,Mid-market,Mobile,Card,23.6,1,,0,0,707,0.45
pay_000830421,m_02960,c_0033472,2026-01-01 07:32:00,CA,SMB,Mobile,BNPL,215.88,1,,0,0,456,4.1
pay_000243383,m_00577,c_0080834,2026-01-01 07:32:00,US,Mid-market,Mobile,Card,44.19,1,,0,0,531,0.84
pay_000386692,m_03080,c_0146635,2026-01-01 07:34:00,CA,Mid-market,Desktop,Wallet,30.51,1,,0,0,777,0.58
pay_000931391,m_01933,c_0024312,2026-01-01 07:34:00,AU,Enterprise,Mobile,Card,116.43,1,,0,0,627,2.21
pay_000185734,m_04594,c_0055729,2026-01-01 07:34:00,US,SMB,Desktop,Card,37.04,1,,0,0,865,0.7
pay_000130083,m_02569,c_0108438,2026-01-01 07:35:00,US,SMB,Mobile,Card,27.2,1,,0,0,1087,0.52
pay_000733923,m_03597,c_0058415,2026-01-01 07:35:00,US,Enterprise,Mobile,Card,30.4,1,,0,0,904,0.58
pay_000535048,m_02951,c_0121011,2026-01-01 07:35:00,AU,Mid-market,Mobile,Card,88.31,1,,0,0,584,1.68
pay_000405626,m_04098,c_0158990,2026-01-01 07:35:00,DE,SMB,Desktop,Card,37.33,1,,0,0,368,0.71
pay_000416757,m_04828,c_0109610,2026-01-01 07:35:00,AU,SMB,Mobile,Card,31.14,0,expired_card,0,0,738,0.0
pay_000656800,m_04342,c_0150842,2026-01-01 07:36:00,GB,SMB,Mobile,Wallet,22.98,1,,0,0,834,0.44
pay_000614080,m_04496,c_0139246,2026-01-01 07:36:00,US,SMB,Mobile,Card,12.68,1,,0,0,694,0.24
pay_000136689,m_03888,c_0050480,2026-01-01 07:36:00,US,SMB,Desktop,Card,27.79,1,,0,0,1000,0.53
pay_000911384,m_00479,c_0022096,2026-01-01 07:37:00,US,SMB,Desktop,Card,40.36,1,,0,0,748,0.77
pay_000965753,m_00965,c_0095079,2026-01-01 07:37:00,CA,SMB,Desktop,Card,27.24,1,,0,0,1039,0.52
pay_000626231,m_00702,c_0025908,2026-01-01 07:37:00,US,SMB,Mobile,Bank debit,25.0,1,,0,0,1024,0.48
pay_000127942,m_03716,c_0074020,2026-01-01 07:37:00,US,Mid-market,Desktop,Card,65.8,1,,0,0,713,1.25
pay_000328646,m_01628,c_0166173,2026-01-01 07:37:00,CA,SMB,Mobile,Bank debit,59.6,1,,0,0,1080,1.13
pay_000486085,m_00548,c_0116903,2026-01-01 07:37:00,GB,Mid-market,Desktop,Card,22.13,1,,0,0,1035,0.42
pay_000036247,m_04662,c_0083994,2026-01-01 07:37:00,US,Mid-market,Desktop,Card,78.29,0,suspected_fraud,0,0,617,0.0
pay_000503973,m_01652,c_0138431,2026-01-01 07:37:00,DE,Mid-market,Mobile,Card,61.92,1,,0,0,673,1.18
pay_000847595,m_04211,c_0167053,2026-01-01 07:38:00,DE,Enterprise,Desktop,Card,156.2,1,,0,0,559,2.97
pay_000421645,m_04338,c_0177985,2026-01-01 07:38:00,GB,Enterprise,Mobile,Card,94.49,1,,0,0,1114,1.8
pay_000728007,m_00453,c_0101986,2026-01-01 07:38:00,CA,SMB,Mobile,Card,111.42,1,,0,0,781,2.12
pay_000680030,m_01814,c_0160968,2026-01-01 07:38:00,GB,SMB,Mobile,Card,81.3,1,,0,0,1062,1.54
pay_000676282,m_01245,c_0135395,2026-01-01 07:38:00,AU,Mid-market,Mobile,Card,28.18,1,,0,0,911,0.54
pay_000968021,m_01511,c_0059152,2026-01-01 07:39:00,CA,Enterprise,Desktop,Wallet,132.35,1,,0,0,673,2.51
pay_000061493,m_03195,c_0114626,2026-01-01 07:39:00,US,SMB,Mobile,Card,77.12,1,,0,0,885,1.47
pay_000955508,m_00179,c_0110628,2026-01-01 07:39:00,CA,Mid-market,Mobile,Wallet,98.42,1,,0,0,1006,1.87
pay_000686662,m_02502,c_0031148,2026-01-01 07:40:00,CA,SMB,Mobile,Wallet,132.08,1,,0,0,634,2.51
pay_000028824,m_00919,c_0086240,2026-01-01 07:40:00,GB,Enterprise,Mobile,Wallet,24.08,1,,0,0,649,0.46
pay_000948175,m_00799,c_0090922,2026-01-01 07:40:00,US,SMB,Desktop,Bank debit,69.02,1,,0,0,998,1.31
pay_000582918,m_04843,c_0011102,2026-01-01 07:40:00,US,Enterprise,Desktop,Card,13.83,1,,0,0,634,0.26
pay_000028093,m_01128,c_0117260,2026-01-01 07:40:00,US,SMB,Mobile,Card,18.66,1,,0,0,403,0.35
pay_000701480,m_01242,c_0067407,2026-01-01 07:41:00,US,Mid-market,Mobile,Card,117.47,1,,0,0,935,2.23
pay_000034700,m_04181,c_0140996,2026-01-01 07:41:00,CA,SMB,Mobile,BNPL,307.06,1,,1,0,852,5.83
pay_000589889,m_02041,c_0019491,2026-01-01 07:41:00,DE,SMB,Mobile,Card,13.17,1,,0,0,647,0.25
pay_000373209,m_02965,c_0049106,2026-01-01 07:41:00,GB,Mid-market,Mobile,Card,19.48,1,,0,0,905,0.37
pay_000421501,m_01496,c_0098767,2026-01-01 07:41:00,AU,SMB,Mobile,Bank debit,107.78,1,,0,0,1267,2.05
pay_000217580,m_00018,c_0030171,2026-01-01 07:41:00,US,Enterprise,Desktop,Card,127.02,1,,0,0,736,2.41
pay_000121047,m_03529,c_0150403,2026-01-01 07:42:00,US,SMB,Mobile,Card,26.09,1,,0,0,656,0.5
pay_000294045,m_00618,c_0139761,2026-01-01 07:42:00,DE,Enterprise,Mobile,Wallet,833.12,1,,0,0,759,15.83
pay_000602336,m_02798,c_0020390,2026-01-01 07:43:00,US,Enterprise,Mobile,Card,238.38,1,,0,0,849,4.53
pay_000116388,m_01530,c_0033699,2026-01-01 07:43:00,US,Mid-market,Mobile,Wallet,77.15,1,,0,0,503,1.47
pay_000266348,m_03062,c_0058683,2026-01-01 07:43:00,US,Mid-market,Desktop,Card,71.6,1,,0,0,754,1.36
pay_000290446,m_03622,c_0174682,2026-01-01 07:44:00,CA,Enterprise,Mobile,Card,26.83,1,,0,0,1007,0.51
pay_000730153,m_04519,c_0088721,2026-01-01 07:44:00,US,SMB,Mobile,Card,43.69,0,expired_card,0,0,1008,0.0
pay_000962366,m_03344,c_0027709,2026-01-01 07:44:00,GB,SMB,Desktop,Wallet,53.02,1,,0,0,406,1.01
pay_000791802,m_00594,c_0157722,2026-01-01 07:45:00,US,Enterprise,Desktop,Card,30.61,1,,0,0,601,0.58
pay_000062481,m_02751,c_0084436,2026-01-01 07:45:00,DE,Mid-market,Mobile,Wallet,47.76,1,,0,0,682,0.91
pay_000862343,m_00148,c_0118467,2026-01-01 07:45:00,CA,SMB,Desktop,Card,34.45,1,,0,0,917,0.65
pay_000937143,m_02422,c_0161862,2026-01-01 07:45:00,GB,SMB,Desktop,BNPL,7.65,1,,0,0,618,0.15
pay_000565933,m_01156,c_0092415,2026-01-01 07:45:00,CA,SMB,Mobile,Card,9.88,1,,0,0,888,0.19
pay_000867563,m_00509,c_0020423,2026-01-01 07:46:00,US,Mid-market,Desktop,Card,21.43,1,,0,0,640,0.41
pay_000344200,m_02375,c_0021981,2026-01-01 07:46:00,GB,SMB,Desktop,Card,24.55,1,,0,0,264,0.47
pay_000453877,m_02474,c_0167765,2026-01-01 07:46:00,US,Mid-market,Mobile,Card,62.93,1,,0,0,449,1.2
pay_000635772,m_02186,c_0085292,2026-01-01 07:47:00,AU,SMB,Desktop,Wallet,74.58,1,,0,0,760,1.42
pay_000530171,m_04537,c_0166500,2026-01-01 07:47:00,US,SMB,Mobile,Card,138.0,1,,0,0,518,2.62
pay_000465507,m_03894,c_0083775,2026-01-01 07:47:00,US,Mid-market,Mobile,Wallet,122.48,1,,0,0,874,2.33
pay_000431687,m_02028,c_0113653,2026-01-01 07:47:00,AU,Enterprise,Desktop,Card,89.96,1,,0,0,621,1.71
pay_000123359,m_01033,c_0123348,2026-01-01 07:47:00,US,SMB,Desktop,Card,66.0,1,,0,0,721,1.25
pay_000088563,m_00337,c_0076439,2026-01-01 07:48:00,US,SMB,Mobile,Card,104.7,1,,0,0,584,1.99
pay_000944536,m_01714,c_0162057,2026-01-01 07:48:00,US,Enterprise,Desktop,BNPL,60.37,1,,0,0,1055,1.15
pay_000033713,m_03117,c_0113155,2026-01-01 07:48:00,US,SMB,Mobile,Wallet,75.05,1,,0,0,717,1.43
pay_000480382,m_00013,c_0073983,2026-01-01 07:49:00,US,Mid-market,Mobile,Wallet,8.08,1,,0,0,931,0.15
pay_000215163,m_00653,c_0108579,2026-01-01 07:49:00,US,SMB,Mobile,Bank debit,23.49,1,,0,0,852,0.45
pay_000169172,m_03429,c_0060602,2026-01-01 07:49:00,US,SMB,Mobile,Card,15.79,1,,0,0,762,0.3
pay_000669781,m_04417,c_0108721,2026-01-01 07:50:00,US,SMB,Mobile,Wallet,27.09,1,,0,0,536,0.51
pay_000673207,m_03625,c_0012170,2026-01-01 07:50:00,US,SMB,Desktop,Wallet,57.67,1,,0,0,553,1.1
pay_000928669,m_03104,c_0015027,2026-01-01 07:50:00,GB,Mid-market,Desktop,Card,519.13,1,,0,0,765,9.86
pay_000015475,m_01476,c_0178133,2026-01-01 07:51:00,CA,Mid-market,Desktop,Card,55.59,1,,0,0,483,1.06
pay_000949584,m_04201,c_0122003,2026-01-01 07:51:00,CA,Enterprise,Mobile,Card,79.72,0,suspected_fraud,0,0,1075,0.0
pay_000082801,m_01317,c_0063805,2026-01-01 07:51:00,CA,Mid-market,Mobile,Card,50.61,1,,0,0,460,0.96
pay_000018677,m_02382,c_0045606,2026-01-01 07:51:00,US,SMB,Desktop,Bank debit,48.3,1,,0,0,1136,0.92
pay_000149440,m_01284,c_0167389,2026-01-01 07:52:00,CA,Mid-market,Desktop,Card,19.54,1,,0,0,574,0.37
pay_000038001,m_03085,c_0023432,2026-01-01 07:52:00,US,Mid-market,Desktop,Card,24.74,1,,0,0,835,0.47
pay_000582311,m_03788,c_0058156,2026-01-01 07:52:00,DE,Mid-market,Mobile,BNPL,173.36,1,,0,0,714,3.29
pay_000007363,m_02920,c_0179617,2026-01-01 07:52:00,AU,SMB,Mobile,Wallet,55.16,1,,0,0,1323,1.05
pay_000492597,m_01885,c_0056824,2026-01-01 07:53:00,US,SMB,Mobile,BNPL,22.14,1,,0,0,870,0.42
pay_000159953,m_03044,c_0067602,2026-01-01 07:53:00,CA,SMB,Desktop,Card,58.18,1,,0,0,645,1.11
pay_000457262,m_03169,c_0140457,2026-01-01 07:53:00,US,Mid-market,Desktop,Wallet,106.94,1,,0,0,921,2.03
pay_000881246,m_00031,c_0129212,2026-01-01 07:54:00,US,Enterprise,Desktop,Card,57.38,1,,0,0,670,1.09
pay_000324118,m_03569,c_0171382,2026-01-01 07:54:00,US,SMB,Mobile,Card,175.46,1,,0,0,1035,3.33
pay_000026365,m_01159,c_0157692,2026-01-01 07:54:00,CA,Mid-market,Desktop,Card,41.23,1,,0,0,678,0.78
pay_000717565,m_02157,c_0169716,2026-01-01 07:55:00,US,SMB,Mobile,BNPL,144.03,1,,0,0,672,2.74
pay_000199065,m_01030,c_0003290,2026-01-01 07:56:00,DE,SMB,Mobile,Card,88.48,0,issuer_decline,0,0,859,0.0
pay_000305089,m_04007,c_0001106,2026-01-01 07:56:00,CA,Mid-market,Desktop,Bank debit,110.58,1,,0,0,665,2.1
pay_000352182,m_00492,c_0078063,2026-01-01 07:56:00,DE,SMB,Mobile,Card,24.56,1,,0,0,1017,0.47
pay_000343583,m_04170,c_0071214,2026-01-01 07:56:00,AU,SMB,Desktop,Wallet,156.9,1,,0,0,790,2.98
pay_000794964,m_03450,c_0127688,2026-01-01 07:57:00,US,SMB,Mobile,Card,8.69,1,,0,0,741,0.17
pay_000899946,m_02665,c_0000743,2026-01-01 07:57:00,AU,Mid-market,Mobile,Card,16.0,1,,0,0,591,0.3
pay_000909496,m_01785,c_0139306,2026-01-01 07:57:00,US,SMB,Desktop,Card,36.93,1,,0,0,897,0.7
pay_000052439,m_02099,c_0149939,2026-01-01 07:57:00,DE,Enterprise,Mobile,Card,36.43,1,,0,0,562,0.69
pay_000132377,m_01474,c_0138420,2026-01-01 07:58:00,AU,SMB,Desktop,Card,65.88,1,,0,0,333,1.25
pay_000645683,m_02852,c_0092804,2026-01-01 07:58:00,AU,SMB,Mobile,Bank debit,8.39,1,,0,0,1398,0.16
pay_000482425,m_04761,c_0135505,2026-01-01 07:58:00,AU,SMB,Mobile,Card,53.19,1,,0,0,830,1.01
pay_000484358,m_02711,c_0054780,2026-01-01 07:58:00,DE,SMB,Desktop,BNPL,29.53,1,,0,0,469,0.56
pay_000033838,m_03147,c_0132506,2026-01-01 07:59:00,DE,SMB,Mobile,Wallet,34.34,1,,0,0,484,0.65
pay_000627996,m_02755,c_0019914,2026-01-01 07:59:00,US,Mid-market,Mobile,Wallet,19.4,1,,0,0,680,0.37
pay_000468935,m_02260,c_0088803,2026-01-01 08:00:00,CA,SMB,Mobile,Card,175.85,1,,0,0,662,3.34
pay_000909608,m_02722,c_0105304,2026-01-01 08:00:00,US,SMB,Desktop,Card,135.34,1,,0,0,603,2.57
pay_000923572,m_01394,c_0122213,2026-01-01 08:00:00,DE,Mid-market,Mobile,Bank debit,20.01,1,,0,0,798,0.38
pay_000526145,m_01823,c_0019410,2026-01-01 08:00:00,US,Enterprise,Mobile,Wallet,142.45,0,suspected_fraud,0,0,653,0.0
pay_000969182,m_01177,c_0170165,2026-01-01 08:01:00,CA,Enterprise,Desktop,Card,47.05,1,,0,0,714,0.89
pay_000334939,m_00867,c_0116621,2026-01-01 08:01:00,US,SMB,Mobile,Card,25.18,1,,0,0,609,0.48
pay_000891208,m_00193,c_0115828,2026-01-01 08:01:00,GB,Mid-market,Desktop,Card,23.21,1,,0,0,736,0.44
pay_000112988,m_01433,c_0055533,2026-01-01 08:01:00,AU,SMB,Mobile,Card,13.06,1,,0,0,912,0.25
pay_000334923,m_04623,c_0116524,2026-01-01 08:02:00,US,SMB,Mobile,BNPL,58.7,1,,0,0,525,1.12
pay_000107425,m_01918,c_0012007,2026-01-01 08:02:00,US,Mid-market,Mobile,Wallet,122.79,1,,0,0,372,2.33
pay_000556104,m_00480,c_0022068,2026-01-01 08:02:00,US,SMB,Mobile,Card,96.4,1,,0,0,970,1.83
pay_000195685,m_04117,c_0114822,2026-01-01 08:02:00,US,SMB,Mobile,Card,43.67,0,issuer_decline,0,0,725,0.0
pay_000596037,m_04578,c_0125193,2026-01-01 08:02:00,AU,Mid-market,Mobile,BNPL,77.37,1,,0,0,315,1.47
pay_000438822,m_04188,c_0056418,2026-01-01 08:03:00,US,SMB,Mobile,BNPL,57.26,1,,0,0,524,1.09
pay_000292863,m_01440,c_0173843,2026-01-01 08:03:00,US,Mid-market,Mobile,Card,32.23,0,network_error,0,0,755,0.0
pay_000612842,m_03099,c_0129218,2026-01-01 08:05:00,AU,Enterprise,Desktop,Card,164.44,1,,0,0,706,3.12
pay_000266435,m_01189,c_0122361,2026-01-01 08:05:00,US,SMB,Mobile,Card,46.21,1,,0,0,297,0.88
pay_000554399,m_04686,c_0047059,2026-01-01 08:05:00,AU,Enterprise,Desktop,Card,26.46,1,,0,0,925,0.5
pay_000644967,m_04998,c_0117142,2026-01-01 08:06:00,US,Mid-market,Desktop,Card,48.55,1,,0,0,848,0.92
pay_000060865,m_02523,c_0096233,2026-01-01 08:07:00,CA,SMB,Mobile,Wallet,7.73,1,,0,0,488,0.15
pay_000458561,m_02482,c_0176868,2026-01-01 08:07:00,DE,SMB,Mobile,Wallet,28.5,1,,0,0,819,0.54
pay_000384608,m_01627,c_0099478,2026-01-01 08:07:00,CA,SMB,Mobile,Card,35.52,1,,0,0,951,0.67
pay_000557839,m_04941,c_0169582,2026-01-01 08:08:00,GB,SMB,Mobile,Wallet,100.38,1,,0,0,1095,1.91
pay_000254179,m_02613,c_0162645,2026-01-01 08:09:00,US,SMB,Mobile,Card,23.28,1,,0,0,757,0.44
pay_000272219,m_02749,c_0007616,2026-01-01 08:09:00,US,Mid-market,Mobile,Wallet,29.1,1,,0,0,1154,0.55
pay_000532705,m_03763,c_0140176,2026-01-01 08:09:00,US,Mid-market,Mobile,Card,38.45,1,,0,0,976,0.73
pay_000183892,m_01230,c_0168285,2026-01-01 08:09:00,US,SMB,Desktop,Card,4.73,1,,0,0,887,0.09
pay_000399116,m_03441,c_0111500,2026-01-01 08:10:00,CA,Mid-market,Mobile,Card,37.99,1,,0,0,706,0.72
pay_000619707,m_02099,c_0163244,2026-01-01 08:10:00,CA,Mid-market,Mobile,Card,198.05,1,,0,0,573,3.76
pay_000117940,m_00433,c_0020300,2026-01-01 08:10:00,US,SMB,Desktop,Card,59.49,1,,0,0,862,1.13
pay_000464032,m_01777,c_0058741,2026-01-01 08:11:00,US,SMB,Mobile,Card,8.9,1,,0,0,542,0.17
pay_000760590,m_02661,c_0136146,2026-01-01 08:11:00,US,SMB,Desktop,Bank debit,42.65,1,,0,0,617,0.81
pay_000642036,m_01177,c_0050435,2026-01-01 08:11:00,GB,SMB,Mobile,BNPL,9.56,1,,0,0,463,0.18
pay_000866009,m_03117,c_0125879,2026-01-01 08:12:00,US,SMB,Mobile,Bank debit,7.69,1,,0,0,864,0.15
pay_000982529,m_01879,c_0043501,2026-01-01 08:12:00,US,Mid-market,Mobile,BNPL,34.6,1,,0,0,732,0.66
pay_000047588,m_00624,c_0056275,2026-01-01 08:14:00,AU,SMB,Desktop,Wallet,9.8,1,,0,0,387,0.19
pay_000607840,m_04039,c_0010747,2026-01-01 08:14:00,US,Enterprise,Mobile,Wallet,11.78,1,,0,0,433,0.22
pay_000047680,m_01252,c_0044798,2026-01-01 08:15:00,US,SMB,Mobile,Wallet,34.43,1,,0,0,888,0.65
pay_000164510,m_01851,c_0170949,2026-01-01 08:16:00,AU,SMB,Mobile,Card,15.85,1,,0,0,488,0.3
pay_000045882,m_03326,c_0167229,2026-01-01 08:16:00,DE,Enterprise,Mobile,Card,9.97,0,insufficient_funds,0,0,827,0.0
pay_000448228,m_02520,c_0002184,2026-01-01 08:16:00,DE,Enterprise,Mobile,Bank debit,153.38,1,,0,0,1171,2.91
pay_000648419,m_01397,c_0054695,2026-01-01 08:17:00,US,SMB,Mobile,Card,5.53,1,,0,0,606,0.11
pay_000513638,m_03557,c_0034960,2026-01-01 08:17:00,US,Mid-market,Mobile,Card,32.72,1,,0,0,668,0.62
pay_000409893,m_01708,c_0032105,2026-01-01 08:18:00,US,SMB,Mobile,Card,15.39,1,,0,0,875,0.29
pay_000430713,m_01979,c_0007921,2026-01-01 08:18:00,US,Enterprise,Mobile,Card,60.86,1,,0,0,881,1.16
pay_000706687,m_03493,c_0057871,2026-01-01 08:18:00,US,Enterprise,Mobile,Bank debit,141.92,1,,0,0,705,2.7
pay_000657229,m_04765,c_0092429,2026-01-01 08:19:00,GB,SMB,Desktop,Bank debit,66.22,0,issuer_decline,0,0,895,0.0
pay_000444697,m_00028,c_0162545,2026-01-01 08:19:00,DE,Mid-market,Mobile,Card,81.27,1,,0,0,700,1.54
pay_000916060,m_04558,c_0165716,2026-01-01 08:19:00,GB,Enterprise,Desktop,Card,22.84,1,,0,0,849,0.43
pay_000538367,m_04295,c_0104833,2026-01-01 08:20:00,AU,SMB,Mobile,Card,11.31,1,,0,0,700,0.21
pay_000918104,m_00558,c_0162896,2026-01-01 08:20:00,US,SMB,Mobile,Wallet,8.54,1,,0,0,497,0.16
pay_000930862,m_01626,c_0167818,2026-01-01 08:21:00,US,SMB,Mobile,Wallet,21.32,1,,0,0,812,0.41
pay_000093661,m_02532,c_0136975,2026-01-01 08:21:00,AU,Mid-market,Mobile,Card,103.04,1,,0,0,453,1.96
pay_000901440,m_02071,c_0134339,2026-01-01 08:22:00,CA,SMB,Mobile,Card,21.74,1,,0,0,772,0.41
pay_000640339,m_04779,c_0132067,2026-01-01 08:22:00,DE,Mid-market,Mobile,Card,46.35,1,,0,0,361,0.88
pay_000545411,m_01326,c_0044489,2026-01-01 08:22:00,DE,SMB,Desktop,Card,222.67,0,suspected_fraud,0,0,667,0.0
pay_000158805,m_00960,c_0013017,2026-01-01 08:23:00,AU,Enterprise,Mobile,Card,48.44,1,,0,0,871,0.92
pay_000651373,m_01663,c_0014489,2026-01-01 08:23:00,US,SMB,Mobile,Card,51.59,1,,1,0,884,0.98
pay_000934944,m_02297,c_0162192,2026-01-01 08:23:00,CA,SMB,Mobile,Wallet,9.06,1,,0,0,342,0.17
pay_000870160,m_03766,c_0144708,2026-01-01 08:23:00,GB,Mid-market,Mobile,Card,139.84,1,,0,0,594,2.66
pay_000580560,m_00452,c_0014022,2026-01-01 08:24:00,DE,Enterprise,Mobile,Card,49.9,1,,0,0,796,0.95
pay_000140820,m_02344,c_0070948,2026-01-01 08:24:00,US,Mid-market,Mobile,Card,62.09,0,issuer_decline,0,0,961,0.0
pay_000349903,m_04323,c_0139518,2026-01-01 08:24:00,US,SMB,Desktop,Card,31.35,0,issuer_decline,0,0,710,0.0
pay_000087848,m_04384,c_0090139,2026-01-01 08:24:00,AU,Mid-market,Mobile,Card,27.35,0,issuer_decline,0,0,710,0.0
pay_000533110,m_00082,c_0036864,2026-01-01 08:24:00,AU,Mid-market,Mobile,Bank debit,22.34,1,,0,0,863,0.42
pay_000725242,m_00156,c_0151333,2026-01-01 08:25:00,GB,Enterprise,Mobile,Card,172.04,1,,0,0,564,3.27
pay_000463832,m_03409,c_0118798,2026-01-01 08:25:00,DE,Mid-market,Desktop,Card,249.99,1,,0,0,657,4.75
pay_000710857,m_02733,c_0060110,2026-01-01 08:26:00,US,SMB,Mobile,Wallet,43.75,1,,0,0,909,0.83
pay_000245694,m_04860,c_0098095,2026-01-01 08:27:00,US,SMB,Mobile,Wallet,63.67,1,,0,0,709,1.21
pay_000120000,m_01683,c_0146712,2026-01-01 08:27:00,US,SMB,Mobile,Wallet,63.33,1,,0,0,594,1.2
pay_000762984,m_02555,c_0057986,2026-01-01 08:27:00,CA,Mid-market,Desktop,Card,55.25,1,,0,0,863,1.05
pay_000294578,m_02171,c_0122121,2026-01-01 08:28:00,US,Mid-market,Desktop,Card,12.92,1,,0,0,868,0.25
pay_000456056,m_04067,c_0107031,2026-01-01 08:28:00,DE,Mid-market,Mobile,Card,18.89,1,,0,0,1109,0.36
pay_000871153,m_04104,c_0049114,2026-01-01 08:29:00,US,SMB,Desktop,Card,21.94,1,,0,0,576,0.42
pay_000042404,m_04542,c_0117408,2026-01-01 08:30:00,AU,SMB,Mobile,Wallet,9.05,1,,0,0,683,0.17
pay_000684052,m_01578,c_0114626,2026-01-01 08:30:00,DE,SMB,Mobile,Card,53.76,1,,0,0,651,1.02
pay_000093577,m_04251,c_0154275,2026-01-01 08:31:00,US,Mid-market,Mobile,Wallet,43.48,1,,0,0,726,0.83
pay_000532242,m_03388,c_0040572,2026-01-01 08:32:00,CA,SMB,Desktop,Bank debit,27.42,1,,0,0,1117,0.52
pay_000288971,m_02842,c_0019709,2026-01-01 08:32:00,US,SMB,Desktop,Card,9.19,1,,0,0,712,0.17
pay_000852739,m_03799,c_0036382,2026-01-01 08:32:00,US,SMB,Mobile,Card,16.1,1,,0,0,958,0.31
pay_000702291,m_02802,c_0075536,2026-01-01 08:33:00,CA,SMB,Desktop,Bank debit,15.62,1,,0,0,643,0.3
pay_000814323,m_02458,c_0043638,2026-01-01 08:33:00,GB,SMB,Mobile,Card,20.38,0,suspected_fraud,0,0,915,0.0
pay_000575872,m_00287,c_0069761,2026-01-01 08:34:00,US,Mid-market,Desktop,Card,65.07,1,,0,0,896,1.24
pay_000925576,m_04388,c_0171174,2026-01-01 08:35:00,US,SMB,Mobile,Card,50.61,1,,0,0,829,0.96
pay_000044314,m_03456,c_0099650,2026-01-01 08:35:00,GB,Enterprise,Mobile,Card,145.14,1,,0,0,746,2.76
pay_000096758,m_04810,c_0059199,2026-01-01 08:35:00,US,SMB,Mobile,Bank debit,18.83,1,,0,0,1143,0.36
pay_000241489,m_01151,c_0003092,2026-01-01 08:36:00,US,Enterprise,Mobile,Card,15.02,1,,0,0,791,0.29
pay_000924500,m_00744,c_0074687,2026-01-01 08:36:00,US,SMB,Mobile,Bank debit,71.13,1,,0,0,1161,1.35
pay_000478683,m_01101,c_0001225,2026-01-01 08:36:00,US,Enterprise,Mobile,Bank debit,30.41,1,,0,0,1220,0.58
pay_000946942,m_03319,c_0050868,2026-01-01 08:36:00,US,SMB,Mobile,Card,8.56,1,,0,0,776,0.16
pay_000248988,m_02632,c_0136207,2026-01-01 08:36:00,US,SMB,Desktop,BNPL,22.88,1,,0,0,944,0.43
pay_000831784,m_03570,c_0135957,2026-01-01 08:37:00,US,SMB,Mobile,Card,5.17,1,,0,0,408,0.1
pay_000218548,m_02357,c_0061542,2026-01-01 08:37:00,US,SMB,Mobile,Card,50.36,1,,0,0,897,0.96
pay_000671335,m_04724,c_0038217,2026-01-01 08:37:00,GB,SMB,Mobile,Bank debit,11.68,1,,0,0,1055,0.22
pay_000526891,m_03784,c_0025890,2026-01-01 08:37:00,GB,SMB,Mobile,Card,26.05,1,,0,0,403,0.49
pay_000830664,m_04800,c_0129102,2026-01-01 08:38:00,GB,SMB,Mobile,Card,8.01,1,,1,0,821,0.15
pay_000254344,m_00919,c_0063071,2026-01-01 08:39:00,US,Mid-market,Mobile,Card,83.5,1,,0,0,1005,1.59
pay_000178008,m_01951,c_0048137,2026-01-01 08:39:00,DE,SMB,Desktop,Bank debit,6.41,1,,0,0,1297,0.12
pay_000216589,m_01128,c_0068765,2026-01-01 08:39:00,US,Mid-market,Mobile,Card,16.4,1,,0,0,569,0.31
pay_000025833,m_04245,c_0163270,2026-01-01 08:39:00,CA,SMB,Mobile,Card,27.15,1,,0,0,406,0.52
pay_000748432,m_04984,c_0124016,2026-01-01 08:39:00,GB,SMB,Mobile,Card,64.96,1,,0,0,788,1.23
pay_000436348,m_01629,c_0011844,2026-01-01 08:40:00,AU,Mid-market,Mobile,Card,25.73,1,,0,0,583,0.49
pay_000974559,m_01201,c_0028476,2026-01-01 08:40:00,CA,Enterprise,Desktop,Bank debit,71.65,0,insufficient_funds,0,0,687,0.0
pay_000471226,m_01801,c_0147062,2026-01-01 08:40:00,US,Mid-market,Mobile,Card,9.42,1,,0,0,530,0.18
pay_000127778,m_03505,c_0009499,2026-01-01 08:42:00,GB,Mid-market,Desktop,Card,132.16,1,,0,0,454,2.51
pay_000047702,m_03314,c_0000492,2026-01-01 08:42:00,CA,Mid-market,Mobile,Card,42.73,1,,0,0,800,0.81
pay_000314343,m_04419,c_0040643,2026-01-01 08:42:00,DE,Mid-market,Mobile,Card,31.06,1,,0,0,751,0.59
pay_000546123,m_01623,c_0061898,2026-01-01 08:42:00,DE,SMB,Mobile,Wallet,169.02,1,,0,0,772,3.21
pay_000528516,m_03467,c_0142762,2026-01-01 08:43:00,US,SMB,Desktop,Card,8.35,1,,1,0,727,0.16
pay_000646687,m_03894,c_0147422,2026-01-01 08:43:00,US,SMB,Mobile,Card,42.78,1,,0,0,573,0.81
pay_000531513,m_00358,c_0077516,2026-01-01 08:43:00,US,SMB,Desktop,Card,18.98,1,,0,0,812,0.36
pay_000927746,m_02754,c_0062183,2026-01-01 08:43:00,AU,SMB,Mobile,Card,19.2,0,expired_card,0,0,1117,0.0
pay_000488040,m_00111,c_0053098,2026-01-01 08:43:00,US,Mid-market,Desktop,Wallet,74.4,1,,0,0,709,1.41
pay_000041239,m_00707,c_0137630,2026-01-01 08:44:00,GB,SMB,Desktop,Card,46.58,1,,1,0,1032,0.89
pay_000455535,m_02713,c_0115383,2026-01-01 08:44:00,US,Enterprise,Desktop,Wallet,8.46,1,,0,0,529,0.16
pay_000667319,m_03222,c_0119574,2026-01-01 08:45:00,AU,SMB,Desktop,Card,81.3,1,,0,0,895,1.54
pay_000164711,m_02498,c_0100904,2026-01-01 08:46:00,CA,Mid-market,Desktop,Card,48.13,1,,0,0,360,0.91
pay_000606669,m_01233,c_0103146,2026-01-01 08:46:00,GB,Mid-market,Mobile,Card,47.0,1,,0,0,667,0.89
pay_000544107,m_04098,c_0037387,2026-01-01 08:47:00,DE,Mid-market,Desktop,Card,64.41,1,,0,0,850,1.22
pay_000943309,m_02817,c_0171200,2026-01-01 08:47:00,US,SMB,Mobile,Wallet,53.8,1,,0,0,244,1.02
pay_000692567,m_00577,c_0151575,2026-01-01 08:47:00,DE,SMB,Mobile,Card,54.23,1,,0,0,638,1.03
pay_000684375,m_02303,c_0114968,2026-01-01 08:47:00,US,SMB,Mobile,Wallet,17.43,1,,0,0,1009,0.33
pay_000032428,m_00050,c_0047759,2026-01-01 08:48:00,US,Enterprise,Mobile,Card,289.93,1,,0,0,887,5.51
pay_000776516,m_01915,c_0025637,2026-01-01 08:48:00,GB,SMB,Mobile,Card,14.11,1,,0,0,670,0.27
pay_000135051,m_00832,c_0175252,2026-01-01 08:48:00,GB,SMB,Mobile,Card,44.77,1,,0,0,688,0.85
pay_000882977,m_04262,c_0013765,2026-01-01 08:49:00,AU,Mid-market,Mobile,Card,128.82,1,,0,0,545,2.45
pay_000180622,m_01282,c_0131219,2026-01-01 08:49:00,US,Mid-market,Mobile,Bank debit,17.19,1,,0,0,1270,0.33
pay_000780149,m_04418,c_0124524,2026-01-01 08:50:00,GB,Mid-market,Mobile,Card,95.45,1,,0,0,1032,1.81
pay_000284443,m_01348,c_0077618,2026-01-01 08:50:00,US,SMB,Mobile,Wallet,224.77,1,,0,0,472,4.27
pay_000569013,m_02248,c_0060172,2026-01-01 08:51:00,US,SMB,Mobile,BNPL,107.13,1,,0,0,799,2.04
pay_000049057,m_03175,c_0049613,2026-01-01 08:51:00,US,SMB,Desktop,Card,8.03,1,,0,0,1066,0.15
pay_000291603,m_03966,c_0131778,2026-01-01 08:51:00,DE,SMB,Mobile,Bank debit,56.96,1,,0,0,491,1.08
pay_000948778,m_03097,c_0150454,2026-01-01 08:51:00,CA,SMB,Mobile,Card,27.96,0,network_error,0,0,738,0.0
pay_000389651,m_03389,c_0165961,2026-01-01 08:51:00,DE,SMB,Mobile,Bank debit,39.45,1,,0,0,906,0.75
pay_000740973,m_01280,c_0091711,2026-01-01 08:51:00,AU,SMB,Mobile,Card,13.54,1,,0,0,868,0.26
pay_000757438,m_03368,c_0032371,2026-01-01 08:52:00,US,SMB,Mobile,Card,30.48,1,,0,0,535,0.58
pay_000453765,m_02881,c_0131299,2026-01-01 08:52:00,US,SMB,Mobile,Card,57.19,1,,0,0,761,1.09
pay_000818284,m_00141,c_0047424,2026-01-01 08:52:00,US,SMB,Desktop,Bank debit,14.25,0,insufficient_funds,0,0,1071,0.0
pay_000650489,m_00965,c_0149851,2026-01-01 08:53:00,US,Enterprise,Mobile,Bank debit,3.27,1,,0,0,704,0.06
pay_000575245,m_03177,c_0013439,2026-01-01 08:53:00,US,SMB,Desktop,Card,145.74,0,issuer_decline,0,0,957,0.0
pay_000276699,m_04322,c_0052575,2026-01-01 08:53:00,GB,SMB,Mobile,Card,180.42,1,,0,0,971,3.43
pay_000492944,m_03867,c_0112661,2026-01-01 08:54:00,DE,SMB,Mobile,BNPL,34.84,1,,0,0,396,0.66
pay_000147195,m_04922,c_0139012,2026-01-01 08:54:00,GB,SMB,Desktop,Card,65.55,1,,0,0,590,1.25
pay_000907315,m_04968,c_0106625,2026-01-01 08:56:00,US,SMB,Desktop,Card,30.07,1,,0,0,462,0.57
pay_000519675,m_02669,c_0071689,2026-01-01 08:56:00,US,Mid-market,Mobile,Card,58.11,1,,0,0,625,1.1
pay_000001409,m_04601,c_0045941,2026-01-01 08:57:00,US,Mid-market,Mobile,Card,32.84,1,,0,0,1036,0.62
pay_000973177,m_02091,c_0040397,2026-01-01 08:57:00,GB,SMB,Mobile,Card,30.69,1,,0,0,822,0.58
pay_000696697,m_04352,c_0018836,2026-01-01 08:57:00,US,SMB,Mobile,Card,20.11,1,,0,0,589,0.38
pay_000129126,m_02555,c_0132865,2026-01-01 08:58:00,AU,Mid-market,Mobile,Card,26.63,1,,0,0,774,0.51
pay_000212577,m_01773,c_0080415,2026-01-01 08:58:00,AU,SMB,Mobile,Card,32.31,1,,0,0,828,0.61
pay_000489602,m_04526,c_0063201,2026-01-01 08:58:00,US,SMB,Mobile,Bank debit,77.57,1,,0,0,759,1.47
pay_000256399,m_00839,c_0019808,2026-01-01 08:59:00,US,Mid-market,Mobile,Card,14.44,1,,0,0,1039,0.27
pay_000314096,m_04479,c_0042229,2026-01-01 09:00:00,US,SMB,Desktop,Wallet,115.4,1,,0,0,385,2.19
pay_000581204,m_00497,c_0033485,2026-01-01 09:00:00,US,SMB,Desktop,Card,45.36,1,,0,0,806,0.86
pay_000646984,m_04102,c_0099622,2026-01-01 09:00:00,US,SMB,Mobile,Card,21.44,1,,0,0,811,0.41
pay_000564435,m_00696,c_0119213,2026-01-01 09:01:00,US,Mid-market,Mobile,Card,143.75,1,,0,0,633,2.73
pay_000565715,m_02606,c_0021485,2026-01-01 09:01:00,US,SMB,Mobile,Wallet,15.11,1,,0,0,815,0.29
pay_000004691,m_00735,c_0099857,2026-01-01 09:01:00,US,SMB,Mobile,Card,42.54,1,,1,0,825,0.81
pay_000278097,m_01615,c_0077478,2026-01-01 09:02:00,GB,Mid-market,Mobile,Card,179.71,1,,0,0,977,3.41
pay_000949327,m_04982,c_0116552,2026-01-01 09:02:00,AU,Enterprise,Mobile,Card,27.32,1,,0,0,402,0.52
pay_000881453,m_02642,c_0175819,2026-01-01 09:02:00,DE,Mid-market,Desktop,Card,103.75,1,,0,0,777,1.97
pay_000306543,m_04571,c_0128995,2026-01-01 09:02:00,DE,Mid-market,Desktop,Wallet,84.13,1,,0,0,1131,1.6
pay_000164020,m_02206,c_0176508,2026-01-01 09:02:00,US,Enterprise,Mobile,Wallet,110.82,1,,0,0,856,2.11
pay_000101238,m_01895,c_0100729,2026-01-01 09:03:00,US,Enterprise,Mobile,Card,51.72,1,,0,0,924,0.98
pay_000685752,m_02453,c_0096425,2026-01-01 09:03:00,US,SMB,Mobile,Card,44.74,1,,0,0,917,0.85
pay_000706511,m_02160,c_0170668,2026-01-01 09:04:00,AU,SMB,Mobile,Card,29.66,1,,0,0,689,0.56
pay_000588210,m_02275,c_0123314,2026-01-01 09:05:00,US,Mid-market,Mobile,Card,42.59,1,,0,0,796,0.81
pay_000942046,m_01141,c_0032485,2026-01-01 09:05:00,US,Mid-market,Mobile,Bank debit,49.7,1,,0,0,1277,0.94
pay_000532507,m_02046,c_0088791,2026-01-01 09:06:00,US,Enterprise,Desktop,Card,127.28,1,,0,0,545,2.42
pay_000168907,m_00880,c_0003836,2026-01-01 09:06:00,US,Enterprise,Mobile,Card,71.88,1,,0,0,954,1.37
pay_000833168,m_02921,c_0065141,2026-01-01 09:07:00,US,SMB,Mobile,Wallet,15.13,1,,0,0,937,0.29
pay_000270963,m_02356,c_0146225,2026-01-01 09:08:00,DE,Mid-market,Mobile,BNPL,98.32,1,,0,0,481,1.87
pay_000023554,m_04308,c_0108436,2026-01-01 09:09:00,US,SMB,Desktop,Wallet,20.44,1,,0,0,375,0.39
pay_000190024,m_04557,c_0001870,2026-01-01 09:09:00,GB,SMB,Mobile,Card,5.72,1,,0,0,687,0.11
pay_000774712,m_04078,c_0106957,2026-01-01 09:09:00,DE,SMB,Mobile,Card,47.84,1,,0,0,863,0.91
pay_000280127,m_03462,c_0011998,2026-01-01 09:10:00,US,SMB,Desktop,Card,21.03,1,,0,0,628,0.4
pay_000208432,m_04450,c_0100114,2026-01-01 09:10:00,AU,SMB,Mobile,Card,22.19,1,,0,0,825,0.42
pay_000074114,m_03205,c_0139841,2026-01-01 09:11:00,DE,Mid-market,Desktop,Card,14.02,1,,0,0,334,0.27
pay_000832302,m_02810,c_0066940,2026-01-01 09:11:00,AU,SMB,Desktop,Card,18.49,1,,0,0,760,0.35
pay_000673367,m_00586,c_0095076,2026-01-01 09:11:00,US,Mid-market,Mobile,Card,13.26,0,issuer_decline,0,0,901,0.0
pay_000570437,m_02880,c_0134630,2026-01-01 09:12:00,US,SMB,Desktop,Bank debit,147.18,1,,0,0,930,2.8
pay_000883845,m_01193,c_0070278,2026-01-01 09:13:00,CA,SMB,Mobile,Wallet,64.02,1,,0,0,579,1.22
pay_000620803,m_00722,c_0007857,2026-01-01 09:13:00,US,SMB,Mobile,Bank debit,27.86,1,,0,0,779,0.53
pay_000667033,m_03309,c_0114744,2026-01-01 09:13:00,US,Mid-market,Mobile,Card,120.38,1,,0,0,810,2.29
pay_000950130,m_04191,c_0078104,2026-01-01 09:14:00,CA,Mid-market,Desktop,Card,33.04,1,,0,0,952,0.63
pay_000800437,m_03481,c_0158651,2026-01-01 09:14:00,CA,Mid-market,Mobile,Card,33.74,1,,0,0,928,0.64
pay_000351737,m_01383,c_0106298,2026-01-01 09:14:00,US,SMB,Mobile,Card,22.02,1,,0,0,1209,0.42
pay_000176568,m_03344,c_0103078,2026-01-01 09:15:00,US,SMB,Mobile,Card,35.71,1,,0,0,695,0.68
pay_000286417,m_01515,c_0159625,2026-01-01 09:15:00,AU,Enterprise,Mobile,Card,429.14,1,,0,0,729,8.15
pay_000294875,m_02063,c_0071073,2026-01-01 09:17:00,DE,SMB,Mobile,Bank debit,107.77,1,,0,0,1101,2.05
pay_000304289,m_01439,c_0079016,2026-01-01 09:17:00,US,SMB,Mobile,Wallet,10.57,1,,0,0,700,0.2
pay_000093642,m_01632,c_0015196,2026-01-01 09:17:00,AU,Mid-market,Mobile,Wallet,68.56,1,,0,0,809,1.3
pay_000505159,m_04802,c_0170588,2026-01-01 09:17:00,US,SMB,Desktop,Card,33.55,1,,0,0,517,0.64
pay_000447821,m_00641,c_0095231,2026-01-01 09:18:00,US,SMB,Mobile,Bank debit,16.56,1,,0,0,1072,0.31
pay_000933421,m_01301,c_0176581,2026-01-01 09:18:00,US,Mid-market,Mobile,Card,31.11,1,,0,0,612,0.59
pay_000723320,m_03636,c_0017037,2026-01-01 09:19:00,US,SMB,Mobile,Card,50.94,1,,0,0,897,0.97
pay_000545336,m_01880,c_0048042,2026-01-01 09:19:00,US,SMB,Mobile,Card,93.37,1,,0,0,392,1.77
pay_000811563,m_03504,c_0048149,2026-01-01 09:19:00,DE,Mid-market,Mobile,Card,99.65,1,,0,0,707,1.89
pay_000669003,m_01358,c_0019447,2026-01-01 09:19:00,US,SMB,Desktop,Card,41.91,0,issuer_decline,0,0,452,0.0
pay_000344102,m_03266,c_0030287,2026-01-01 09:19:00,DE,SMB,Desktop,Wallet,64.56,1,,0,0,810,1.23
pay_000358634,m_03100,c_0041440,2026-01-01 09:20:00,GB,SMB,Desktop,Card,79.66,1,,0,0,642,1.51
pay_000776685,m_00746,c_0009285,2026-01-01 09:20:00,GB,Enterprise,Mobile,Card,81.14,1,,0,0,950,1.54
pay_000590717,m_00923,c_0114873,2026-01-01 09:20:00,AU,SMB,Mobile,Bank debit,177.35,1,,0,0,1001,3.37
pay_000194357,m_00161,c_0111420,2026-01-01 09:21:00,CA,Mid-market,Desktop,Card,44.0,1,,0,0,1068,0.84
pay_000204279,m_03206,c_0144502,2026-01-01 09:21:00,US,SMB,Mobile,Wallet,42.43,1,,0,0,785,0.81
pay_000027839,m_02781,c_0027348,2026-01-01 09:21:00,US,Mid-market,Mobile,Wallet,178.26,1,,0,0,1075,3.39
pay_000581842,m_01965,c_0163509,2026-01-01 09:22:00,AU,SMB,Mobile,Card,97.69,1,,0,0,745,1.86
pay_000851058,m_01872,c_0073116,2026-01-01 09:22:00,CA,SMB,Mobile,Card,16.88,1,,0,0,473,0.32
pay_000156076,m_03899,c_0140003,2026-01-01 09:22:00,CA,Mid-market,Mobile,Bank debit,12.07,1,,0,0,1083,0.23
pay_000189520,m_02062,c_0175908,2026-01-01 09:22:00,US,SMB,Desktop,Card,16.94,1,,0,0,1026,0.32
pay_000998116,m_00606,c_0111814,2026-01-01 09:23:00,CA,SMB,Mobile,Wallet,37.41,1,,0,0,757,0.71
pay_000169500,m_00885,c_0022719,2026-01-01 09:23:00,US,SMB,Mobile,Card,47.57,1,,0,0,594,0.9
pay_000401167,m_04885,c_0144444,2026-01-01 09:23:00,AU,SMB,Desktop,Card,6.54,1,,0,0,718,0.12
pay_000341874,m_04986,c_0056225,2026-01-01 09:23:00,CA,Mid-market,Desktop,Bank debit,81.58,1,,0,0,1006,1.55
pay_000990915,m_03047,c_0069425,2026-01-01 09:23:00,CA,Enterprise,Mobile,Card,50.88,1,,0,0,580,0.97
pay_000376525,m_03086,c_0119384,2026-01-01 09:24:00,US,SMB,Mobile,Wallet,44.68,1,,0,0,380,0.85
pay_000630530,m_01925,c_0122949,2026-01-01 09:24:00,US,SMB,Desktop,Wallet,127.61,1,,0,0,377,2.42
pay_000175067,m_04275,c_0176853,2026-01-01 09:25:00,GB,SMB,Mobile,Bank debit,14.58,1,,0,0,1181,0.28
pay_000399747,m_01835,c_0128462,2026-01-01 09:25:00,US,Mid-market,Desktop,Card,118.43,1,,0,0,864,2.25
pay_000779666,m_03597,c_0048025,2026-01-01 09:25:00,US,SMB,Desktop,Bank debit,25.52,0,insufficient_funds,0,0,758,0.0
pay_000731618,m_04519,c_0165885,2026-01-01 09:25:00,US,SMB,Mobile,Card,30.72,1,,0,0,639,0.58
pay_000887346,m_01012,c_0006436,2026-01-01 09:27:00,GB,SMB,Mobile,Wallet,109.55,1,,0,0,708,2.08
pay_000294677,m_02169,c_0057723,2026-01-01 09:28:00,AU,SMB,Desktop,Wallet,29.68,1,,0,0,655,0.56
pay_000638809,m_03217,c_0179296,2026-01-01 09:28:00,CA,Enterprise,Desktop,Wallet,445.38,1,,0,0,731,8.46
pay_000186296,m_01433,c_0140591,2026-01-01 09:28:00,US,Mid-market,Mobile,Card,34.88,1,,0,0,770,0.66
pay_000899953,m_00971,c_0102086,2026-01-01 09:29:00,US,SMB,Mobile,Card,53.43,1,,0,0,1079,1.02
pay_000461114,m_01164,c_0042755,2026-01-01 09:29:00,GB,SMB,Mobile,Wallet,94.99,1,,0,0,685,1.8
pay_000416541,m_02317,c_0025004,2026-01-01 09:30:00,DE,SMB,Mobile,Card,15.25,1,,0,0,783,0.29
pay_000009106,m_02569,c_0179997,2026-01-01 09:30:00,AU,SMB,Desktop,Card,105.69,1,,0,0,315,2.01
pay_000446199,m_02755,c_0096763,2026-01-01 09:30:00,DE,SMB,Desktop,Wallet,38.15,1,,0,0,946,0.72
pay_000213199,m_01929,c_0020734,2026-01-01 09:30:00,CA,Mid-market,Desktop,Wallet,56.28,1,,0,0,1005,1.07
pay_000896693,m_03318,c_0155614,2026-01-01 09:31:00,CA,SMB,Desktop,Card,30.59,1,,0,0,778,0.58
pay_000315046,m_00668,c_0070725,2026-01-01 09:31:00,US,SMB,Mobile,Card,11.03,1,,0,0,733,0.21
pay_000354598,m_04748,c_0110670,2026-01-01 09:32:00,GB,SMB,Desktop,Card,7.54,1,,0,0,1034,0.14
pay_000633609,m_04785,c_0034270,2026-01-01 09:32:00,CA,SMB,Mobile,Card,18.05,1,,0,0,391,0.34
pay_000058477,m_01504,c_0021322,2026-01-01 09:33:00,AU,SMB,Mobile,Card,83.2,1,,0,0,779,1.58
pay_000745245,m_01051,c_0014333,2026-01-01 09:34:00,CA,SMB,Desktop,Card,47.6,1,,0,0,278,0.9
pay_000437841,m_03552,c_0073321,2026-01-01 09:35:00,US,SMB,Mobile,Card,24.31,1,,0,0,574,0.46
pay_000818614,m_01309,c_0051998,2026-01-01 09:35:00,US,Mid-market,Desktop,Card,510.54,1,,0,0,463,9.7
pay_000493254,m_00125,c_0055681,2026-01-01 09:35:00,US,SMB,Mobile,Card,103.18,1,,0,0,972,1.96
pay_000274962,m_01288,c_0033073,2026-01-01 09:36:00,GB,SMB,Desktop,Card,34.5,1,,0,0,652,0.66
pay_000421788,m_03951,c_0132900,2026-01-01 09:37:00,US,SMB,Mobile,Card,73.62,1,,0,0,585,1.4
pay_000490695,m_02658,c_0022330,2026-01-01 09:37:00,CA,Mid-market,Desktop,Card,139.95,1,,0,0,674,2.66
pay_000397602,m_01459,c_0022250,2026-01-01 09:38:00,DE,Mid-market,Desktop,Card,35.5,1,,0,0,1095,0.67
pay_000238979,m_04865,c_0071049,2026-01-01 09:38:00,US,SMB,Mobile,Card,8.87,1,,0,0,866,0.17
pay_000561231,m_00772,c_0049448,2026-01-01 09:38:00,US,SMB,Mobile,Card,38.94,1,,0,0,849,0.74
pay_000170049,m_01714,c_0104503,2026-01-01 09:38:00,CA,Mid-market,Desktop,Wallet,30.55,1,,0,0,714,0.58
pay_000380960,m_02332,c_0157528,2026-01-01 09:38:00,US,SMB,Mobile,Card,4.57,1,,0,0,733,0.09
pay_000060132,m_02386,c_0007700,2026-01-01 09:39:00,CA,SMB,Mobile,Card,29.82,1,,0,0,927,0.57
pay_000432550,m_03032,c_0169611,2026-01-01 09:39:00,CA,Enterprise,Mobile,Card,165.5,1,,0,0,661,3.14
pay_000879853,m_03332,c_0020333,2026-01-01 09:40:00,CA,SMB,Mobile,Card,26.39,0,suspected_fraud,0,0,1163,0.0
pay_000709331,m_03725,c_0054507,2026-01-01 09:41:00,AU,Mid-market,Desktop,Bank debit,168.99,1,,0,0,1109,3.21
pay_000001949,m_02215,c_0079472,2026-01-01 09:41:00,CA,SMB,Desktop,Bank debit,19.01,1,,0,0,1451,0.36
pay_000162825,m_01105,c_0043048,2026-01-01 09:41:00,US,Mid-market,Mobile,Card,32.58,0,network_error,0,0,502,0.0
pay_000001482,m_02747,c_0093913,2026-01-01 09:41:00,DE,Mid-market,Mobile,Card,121.71,1,,0,0,490,2.31
pay_000050065,m_04317,c_0142573,2026-01-01 09:42:00,US,Mid-market,Mobile,Card,75.46,1,,0,0,794,1.43
pay_000074284,m_03258,c_0092441,2026-01-01 09:42:00,DE,SMB,Desktop,Card,20.47,1,,0,0,632,0.39
pay_000225452,m_00487,c_0069200,2026-01-01 09:42:00,US,SMB,Desktop,Card,91.64,1,,0,0,737,1.74
pay_000530816,m_00258,c_0116569,2026-01-01 09:43:00,US,SMB,Desktop,Wallet,42.78,1,,0,0,933,0.81
pay_000520320,m_03751,c_0073630,2026-01-01 09:43:00,GB,Mid-market,Mobile,Card,51.57,1,,0,0,542,0.98
pay_000066118,m_03615,c_0077402,2026-01-01 09:45:00,DE,SMB,Desktop,Card,92.4,1,,0,0,650,1.76
pay_000210699,m_02620,c_0085136,2026-01-01 09:45:00,AU,Enterprise,Desktop,Card,22.92,1,,0,0,555,0.44
pay_000404124,m_01702,c_0081370,2026-01-01 09:45:00,DE,Mid-market,Mobile,Card,83.19,1,,0,0,611,1.58
pay_000816007,m_04826,c_0059468,2026-01-01 09:45:00,DE,Enterprise,Mobile,Card,36.67,1,,0,0,1012,0.7
pay_000539524,m_00901,c_0168743,2026-01-01 09:46:00,AU,SMB,Mobile,Card,26.45,1,,0,0,662,0.5
pay_000358196,m_04887,c_0037019,2026-01-01 09:46:00,DE,SMB,Mobile,Card,96.83,1,,0,0,1046,1.84
pay_000392585,m_00588,c_0162588,2026-01-01 09:46:00,DE,SMB,Mobile,Card,51.08,1,,0,0,578,0.97
pay_000098082,m_02945,c_0005570,2026-01-01 09:47:00,US,SMB,Desktop,Card,43.64,1,,0,0,936,0.83
pay_000737337,m_04563,c_0005612,2026-01-01 09:47:00,US,Mid-market,Mobile,Card,36.1,1,,0,0,562,0.69
pay_000623750,m_03708,c_0005682,2026-01-01 09:48:00,US,SMB,Desktop,Wallet,18.34,1,,0,0,458,0.35
pay_000308902,m_02831,c_0060890,2026-01-01 09:49:00,DE,SMB,Mobile,Card,25.57,1,,0,0,791,0.49
pay_000596671,m_03702,c_0051766,2026-01-01 09:49:00,US,SMB,Mobile,Card,43.14,1,,0,0,1035,0.82
pay_000984478,m_03647,c_0054732,2026-01-01 09:49:00,AU,Mid-market,Mobile,BNPL,136.17,1,,0,0,646,2.59
pay_000695153,m_03667,c_0162509,2026-01-01 09:49:00,US,SMB,Mobile,Card,112.36,1,,0,0,345,2.13
pay_000790806,m_03594,c_0058417,2026-01-01 09:49:00,US,Enterprise,Mobile,Card,67.03,1,,0,0,512,1.27
pay_000860791,m_04753,c_0084364,2026-01-01 09:49:00,CA,Mid-market,Desktop,Card,116.34,1,,0,0,889,2.21
pay_000172926,m_04209,c_0093080,2026-01-01 09:49:00,AU,SMB,Desktop,Wallet,22.77,1,,0,0,724,0.43
pay_000279467,m_04065,c_0141935,2026-01-01 09:50:00,US,Mid-market,Mobile,Wallet,238.37,1,,0,0,360,4.53
pay_000398776,m_03218,c_0133879,2026-01-01 09:52:00,US,SMB,Mobile,Card,17.38,1,,0,0,446,0.33
pay_000262147,m_00278,c_0052839,2026-01-01 09:52:00,US,Mid-market,Mobile,Bank debit,27.74,1,,0,0,818,0.53
pay_000811674,m_03158,c_0145027,2026-01-01 09:52:00,DE,SMB,Desktop,Card,29.63,1,,0,0,628,0.56
pay_000853973,m_03216,c_0021401,2026-01-01 09:53:00,AU,SMB,Mobile,Card,113.37,0,insufficient_funds,0,0,739,0.0
pay_000915339,m_00318,c_0165373,2026-01-01 09:53:00,CA,Mid-market,Desktop,Wallet,7.05,1,,0,0,1010,0.13
pay_000256605,m_01258,c_0111182,2026-01-01 09:54:00,AU,SMB,Mobile,Wallet,39.48,1,,0,0,898,0.75
pay_000450591,m_04665,c_0081350,2026-01-01 09:54:00,CA,Mid-market,Mobile,Bank debit,132.23,1,,0,0,1112,2.51
pay_000992259,m_04391,c_0056847,2026-01-01 09:54:00,AU,SMB,Mobile,Card,189.47,1,,0,0,824,3.6
pay_000407712,m_02635,c_0158557,2026-01-01 09:54:00,US,SMB,Mobile,Card,25.32,1,,0,0,721,0.48
pay_000523025,m_02650,c_0144972,2026-01-01 09:54:00,GB,SMB,Mobile,Card,221.19,1,,0,0,851,4.2
pay_000937718,m_03934,c_0084883,2026-01-01 09:56:00,CA,Mid-market,Desktop,Card,40.9,1,,0,0,655,0.78
pay_000490259,m_04716,c_0136847,2026-01-01 09:56:00,DE,SMB,Mobile,Bank debit,58.37,1,,0,0,945,1.11
pay_000376638,m_02375,c_0122829,2026-01-01 09:56:00,US,SMB,Desktop,Card,37.94,1,,0,0,661,0.72
pay_000564406,m_03952,c_0032002,2026-01-01 09:56:00,US,Mid-market,Mobile,Card,25.7,1,,0,0,299,0.49
pay_000417982,m_04951,c_0005696,2026-01-01 09:56:00,US,SMB,Desktop,Card,25.26,1,,0,0,604,0.48
pay_000154272,m_01397,c_0101077,2026-01-01 09:57:00,US,SMB,Mobile,Card,43.62,1,,0,0,651,0.83
pay_000596236,m_01962,c_0170412,2026-01-01 09:57:00,US,SMB,Mobile,Wallet,42.21,1,,0,0,636,0.8
pay_000933940,m_03085,c_0006581,2026-01-01 09:57:00,GB,Enterprise,Mobile,Wallet,15.47,1,,0,0,918,0.29
pay_000832933,m_02189,c_0134215,2026-01-01 09:57:00,DE,SMB,Desktop,Card,16.91,1,,0,0,732,0.32
pay_000043486,m_01931,c_0165338,2026-01-01 10:00:00,GB,SMB,Desktop,Card,13.87,1,,0,0,709,0.26
pay_000984145,m_04944,c_0171385,2026-01-01 10:00:00,DE,SMB,Mobile,Card,21.63,1,,0,0,664,0.41
pay_000393763,m_04924,c_0017904,2026-01-01 10:00:00,US,SMB,Desktop,Card,39.84,1,,0,0,657,0.76
pay_000292328,m_04756,c_0070507,2026-01-01 10:01:00,US,SMB,Desktop,Bank debit,13.62,1,,0,0,1308,0.26
pay_000951535,m_02552,c_0102567,2026-01-01 10:01:00,US,SMB,Desktop,Card,26.55,1,,0,0,598,0.5
pay_000774972,m_02208,c_0140573,2026-01-01 10:01:00,GB,Mid-market,Desktop,Card,34.44,1,,1,0,911,0.65
pay_000199722,m_01748,c_0109132,2026-01-01 10:01:00,CA,SMB,Desktop,Card,9.42,1,,0,0,667,0.18
pay_000299403,m_04263,c_0008136,2026-01-01 10:02:00,US,Enterprise,Mobile,Card,18.1,1,,0,0,1017,0.34
pay_000115467,m_03018,c_0048262,2026-01-01 10:02:00,US,Mid-market,Mobile,Card,14.49,1,,0,0,365,0.28
pay_000945598,m_03005,c_0082191,2026-01-01 10:02:00,US,Mid-market,Mobile,Card,272.72,1,,0,0,690,5.18
pay_000019430,m_03917,c_0166955,2026-01-01 10:03:00,US,SMB,Mobile,Wallet,36.03,1,,0,0,706,0.68
pay_000512391,m_02574,c_0008694,2026-01-01 10:04:00,US,SMB,Mobile,Bank debit,14.5,1,,0,0,1225,0.28
pay_000509880,m_00585,c_0079241,2026-01-01 10:04:00,CA,Mid-market,Mobile,Card,36.49,1,,0,0,717,0.69
pay_000577472,m_00781,c_0076279,2026-01-01 10:04:00,CA,SMB,Mobile,Card,46.28,1,,0,0,1002,0.88
pay_000967238,m_03956,c_0110828,2026-01-01 10:05:00,AU,Mid-market,Mobile,Wallet,13.75,1,,0,0,977,0.26
pay_000745589,m_02047,c_0120047,2026-01-01 10:05:00,US,SMB,Desktop,Card,43.02,0,network_error,0,0,736,0.0
pay_000351355,m_01135,c_0138321,2026-01-01 10:05:00,US,Mid-market,Desktop,Card,42.5,1,,0,0,935,0.81
pay_000201332,m_01900,c_0103095,2026-01-01 10:06:00,US,Mid-market,Mobile,Card,60.84,1,,0,0,702,1.16
pay_000221858,m_02032,c_0119065,2026-01-01 10:06:00,CA,SMB,Desktop,Card,45.55,1,,0,0,1103,0.87
pay_000744128,m_02035,c_0082088,2026-01-01 10:07:00,DE,Mid-market,Desktop,Wallet,79.3,1,,0,0,540,1.51
pay_000389592,m_02423,c_0053812,2026-01-01 10:07:00,US,SMB,Mobile,Card,108.36,1,,0,0,879,2.06
pay_000984720,m_04075,c_0166219,2026-01-01 10:07:00,US,Enterprise,Desktop,Card,17.15,0,expired_card,0,0,341,0.0
pay_000150187,m_00392,c_0161315,2026-01-01 10:08:00,US,Mid-market,Mobile,Wallet,50.14,1,,0,0,1147,0.95
pay_000922553,m_03888,c_0044392,2026-01-01 10:08:00,CA,Enterprise,Mobile,Card,32.14,1,,0,0,546,0.61
pay_000902583,m_04014,c_0176764,2026-01-01 10:09:00,AU,Mid-market,Mobile,Wallet,61.98,1,,0,0,373,1.18
pay_000593264,m_02362,c_0163815,2026-01-01 10:10:00,GB,SMB,Mobile,Card,48.47,1,,0,0,875,0.92
pay_000433525,m_04986,c_0134972,2026-01-01 10:10:00,US,Mid-market,Mobile,Wallet,28.57,1,,0,0,641,0.54
pay_000145064,m_02272,c_0096847,2026-01-01 10:10:00,US,SMB,Desktop,Wallet,61.54,1,,0,0,624,1.17
pay_000577990,m_01134,c_0122302,2026-01-01 10:11:00,US,Mid-market,Desktop,Card,230.3,1,,1,0,788,4.38
pay_000467460,m_00392,c_0095458,2026-01-01 10:11:00,US,SMB,Mobile,Card,57.8,1,,0,0,399,1.1
pay_000803997,m_01616,c_0155140,2026-01-01 10:11:00,DE,SMB,Mobile,Card,28.64,1,,0,0,983,0.54
pay_000845742,m_03212,c_0173799,2026-01-01 10:12:00,AU,Mid-market,Desktop,Wallet,78.31,1,,0,0,629,1.49
pay_000421208,m_03448,c_0103937,2026-01-01 10:12:00,GB,SMB,Mobile,Card,4.1,1,,0,0,632,0.08
pay_000453701,m_03967,c_0046383,2026-01-01 10:12:00,DE,Mid-market,Mobile,Wallet,38.88,1,,0,0,734,0.74
pay_000630393,m_01365,c_0139021,2026-01-01 10:13:00,DE,Mid-market,Mobile,Card,54.68,1,,0,0,714,1.04
pay_000991892,m_02896,c_0144505,2026-01-01 10:13:00,GB,SMB,Mobile,Wallet,21.74,1,,0,0,865,0.41
pay_000139506,m_03583,c_0177613,2026-01-01 10:13:00,US,SMB,Mobile,BNPL,13.29,1,,0,0,452,0.25
pay_000650037,m_02599,c_0109459,2026-01-01 10:14:00,US,SMB,Mobile,Wallet,83.26,1,,0,0,945,1.58
pay_000351890,m_01193,c_0147850,2026-01-01 10:15:00,AU,SMB,Mobile,Card,14.63,1,,0,0,569,0.28
pay_000495714,m_02179,c_0078383,2026-01-01 10:15:00,DE,SMB,Desktop,Card,10.2,1,,0,0,568,0.19
pay_000582354,m_02337,c_0125715,2026-01-01 10:16:00,US,SMB,Mobile,Card,41.79,1,,0,0,738,0.79
pay_000152218,m_04860,c_0095689,2026-01-01 10:16:00,US,SMB,Desktop,BNPL,34.11,1,,0,0,1008,0.65
pay_000624938,m_02534,c_0168904,2026-01-01 10:16:00,US,SMB,Desktop,Card,125.23,1,,0,0,593,2.38
pay_000418760,m_01079,c_0014784,2026-01-01 10:17:00,AU,Mid-market,Desktop,Card,42.91,1,,0,0,857,0.82
pay_000872131,m_02272,c_0106847,2026-01-01 10:17:00,GB,SMB,Desktop,Wallet,121.52,1,,0,0,538,2.31
pay_000971722,m_04366,c_0138106,2026-01-01 10:17:00,US,SMB,Desktop,Card,17.96,1,,0,0,865,0.34
pay_000784322,m_03192,c_0041260,2026-01-01 10:18:00,US,SMB,Mobile,Card,13.28,1,,0,0,543,0.25
pay_000699170,m_04767,c_0046301,2026-01-01 10:18:00,US,SMB,Desktop,Wallet,3.06,1,,0,0,572,0.06
pay_000410373,m_00562,c_0071648,2026-01-01 10:18:00,CA,Mid-market,Desktop,Card,126.77,1,,0,0,692,2.41
pay_000449376,m_02402,c_0081581,2026-01-01 10:18:00,DE,SMB,Mobile,Card,183.56,1,,0,0,468,3.49
pay_000580232,m_03627,c_0088271,2026-01-01 10:18:00,DE,SMB,Mobile,Card,32.25,1,,0,0,925,0.61
pay_000498247,m_02207,c_0156352,2026-01-01 10:19:00,GB,Enterprise,Mobile,Card,106.16,1,,0,0,914,2.02
pay_000991614,m_01924,c_0139812,2026-01-01 10:19:00,GB,Mid-market,Mobile,Card,34.52,1,,0,0,767,0.66
pay_000574585,m_03613,c_0086697,2026-01-01 10:19:00,GB,Mid-market,Mobile,Wallet,15.14,1,,0,0,307,0.29
pay_000329673,m_04417,c_0068276,2026-01-01 10:19:00,DE,SMB,Desktop,Bank debit,48.53,1,,0,0,841,0.92
pay_000930659,m_01630,c_0063501,2026-01-01 10:19:00,CA,Enterprise,Desktop,Card,54.5,1,,0,0,792,1.04
pay_000528948,m_03034,c_0135999,2026-01-01 10:19:00,GB,SMB,Desktop,Card,53.33,1,,0,0,760,1.01
pay_000244939,m_03855,c_0063453,2026-01-01 10:19:00,US,Enterprise,Desktop,Card,67.67,1,,0,0,618,1.29
pay_000804689,m_04057,c_0141255,2026-01-01 10:20:00,US,SMB,Mobile,Wallet,235.65,1,,0,0,1006,4.48
pay_000521021,m_03760,c_0114794,2026-01-01 10:20:00,US,SMB,Mobile,Card,48.54,1,,0,0,910,0.92
pay_000622940,m_01039,c_0102866,2026-01-01 10:20:00,DE,SMB,Mobile,Bank debit,46.48,1,,0,0,1097,0.88
pay_000086405,m_03802,c_0171870,2026-01-01 10:20:00,GB,SMB,Desktop,Card,20.25,1,,0,0,666,0.38
pay_000841665,m_02696,c_0080915,2026-01-01 10:20:00,US,SMB,Mobile,Bank debit,15.2,1,,0,0,953,0.29
pay_000563814,m_03236,c_0038612,2026-01-01 10:20:00,AU,SMB,Mobile,Card,44.16,1,,0,0,357,0.84
pay_000745423,m_01008,c_0015785,2026-01-01 10:21:00,US,SMB,Desktop,Wallet,48.67,1,,0,0,932,0.92
pay_000863527,m_03794,c_0090428,2026-01-01 10:21:00,US,SMB,Mobile,Card,18.45,1,,0,0,794,0.35
pay_000072812,m_00061,c_0053562,2026-01-01 10:21:00,US,SMB,Desktop,Card,36.9,1,,0,0,814,0.7
pay_000337373,m_00050,c_0040431,2026-01-01 10:21:00,CA,SMB,Mobile,Wallet,10.73,1,,0,0,1207,0.2
pay_000312024,m_02204,c_0069832,2026-01-01 10:21:00,US,SMB,Mobile,BNPL,23.74,1,,0,0,542,0.45
pay_000259921,m_03381,c_0051032,2026-01-01 10:22:00,GB,SMB,Mobile,Card,11.18,1,,0,0,499,0.21
pay_000776164,m_03872,c_0100098,2026-01-01 10:22:00,GB,Mid-market,Mobile,BNPL,69.28,1,,0,0,537,1.32
pay_000860276,m_00113,c_0074661,2026-01-01 10:23:00,GB,SMB,Mobile,Card,11.47,1,,0,0,807,0.22
pay_000990193,m_02194,c_0019947,2026-01-01 10:23:00,US,SMB,Mobile,Card,36.39,1,,0,0,453,0.69
pay_000876621,m_01721,c_0082993,2026-01-01 10:24:00,AU,Mid-market,Desktop,Wallet,50.19,1,,0,0,488,0.95
pay_000920833,m_00165,c_0050866,2026-01-01 10:24:00,US,SMB,Desktop,Card,11.49,1,,0,0,464,0.22
pay_000581820,m_00998,c_0094956,2026-01-01 10:25:00,US,Enterprise,Mobile,Card,76.63,0,issuer_decline,0,0,448,0.0
pay_000159031,m_01515,c_0017885,2026-01-01 10:26:00,US,Enterprise,Desktop,Card,41.72,1,,0,0,888,0.79
pay_000288755,m_02425,c_0132135,2026-01-01 10:27:00,US,SMB,Desktop,Card,25.75,1,,0,0,980,0.49
pay_000077095,m_00975,c_0107121,2026-01-01 10:27:00,GB,SMB,Desktop,Card,13.51,1,,0,0,482,0.26
pay_000783035,m_04800,c_0073853,2026-01-01 10:27:00,US,SMB,Desktop,Card,58.34,1,,1,0,667,1.11
pay_000835885,m_00872,c_0150575,2026-01-01 10:27:00,US,Mid-market,Mobile,Card,112.7,1,,0,0,970,2.14
pay_000771373,m_04398,c_0042568,2026-01-01 10:27:00,CA,SMB,Desktop,Card,55.29,1,,0,0,1013,1.05
pay_000880993,m_03072,c_0098336,2026-01-01 10:28:00,US,SMB,Mobile,Card,29.43,1,,0,0,858,0.56
pay_000952634,m_02599,c_0117322,2026-01-01 10:29:00,US,SMB,Mobile,Card,3.2,1,,0,0,697,0.06
pay_000845604,m_00458,c_0038229,2026-01-01 10:29:00,US,SMB,Mobile,BNPL,72.72,0,suspected_fraud,0,0,824,0.0
pay_000566170,m_04184,c_0149016,2026-01-01 10:29:00,US,SMB,Desktop,Card,13.71,1,,0,0,852,0.26
pay_000387225,m_00452,c_0128765,2026-01-01 10:30:00,AU,Mid-market,Mobile,Wallet,152.42,1,,0,0,268,2.9
pay_000832104,m_00180,c_0118690,2026-01-01 10:30:00,US,SMB,Desktop,Card,37.54,1,,0,0,948,0.71
pay_000294913,m_01432,c_0072099,2026-01-01 10:30:00,US,SMB,Mobile,Card,36.15,1,,0,0,860,0.69
pay_000314020,m_01756,c_0007184,2026-01-01 10:30:00,AU,SMB,Mobile,BNPL,80.77,1,,0,0,1169,1.53
pay_000528823,m_02245,c_0104812,2026-01-01 10:30:00,US,Mid-market,Desktop,Wallet,169.76,1,,0,0,685,3.23
pay_000352103,m_03473,c_0023976,2026-01-01 10:31:00,DE,Mid-market,Mobile,Card,30.11,1,,0,0,939,0.57
pay_000399180,m_02697,c_0107619,2026-01-01 10:31:00,US,SMB,Mobile,Card,45.31,1,,0,0,510,0.86
pay_000641274,m_01369,c_0172581,2026-01-01 10:31:00,GB,Mid-market,Desktop,Card,17.1,1,,0,0,670,0.32
pay_000531903,m_01494,c_0169986,2026-01-01 10:31:00,US,Mid-market,Desktop,Card,30.83,1,,0,0,639,0.59
pay_000485767,m_02904,c_0001174,2026-01-01 10:31:00,AU,SMB,Desktop,Card,42.77,1,,0,0,1055,0.81
pay_000185876,m_03807,c_0113530,2026-01-01 10:31:00,US,SMB,Mobile,Card,6.71,1,,0,0,374,0.13
pay_000872739,m_03673,c_0022755,2026-01-01 10:32:00,US,Enterprise,Desktop,Card,150.95,1,,0,0,488,2.87
pay_000815862,m_04844,c_0079710,2026-01-01 10:32:00,DE,Mid-market,Mobile,Card,74.75,1,,0,0,558,1.42
pay_000215292,m_04868,c_0113032,2026-01-01 10:32:00,US,Mid-market,Mobile,Wallet,45.99,1,,0,0,849,0.87
pay_000473146,m_04039,c_0075294,2026-01-01 10:32:00,US,SMB,Desktop,Card,14.33,1,,0,0,1228,0.27
pay_000507214,m_04373,c_0029871,2026-01-01 10:33:00,DE,Enterprise,Mobile,Card,129.55,1,,0,0,505,2.46
pay_000346572,m_04685,c_0158811,2026-01-01 10:33:00,GB,SMB,Mobile,Card,62.13,1,,0,0,572,1.18
pay_000861125,m_03972,c_0025572,2026-01-01 10:34:00,GB,Mid-market,Mobile,Card,148.32,1,,0,0,1168,2.82
pay_000152094,m_01588,c_0105237,2026-01-01 10:35:00,US,Enterprise,Mobile,Card,56.9,1,,0,0,639,1.08
pay_000854973,m_04165,c_0045208,2026-01-01 10:37:00,GB,Mid-market,Mobile,Card,69.09,1,,0,0,750,1.31
pay_000714402,m_01050,c_0106335,2026-01-01 10:37:00,CA,Enterprise,Mobile,Card,194.94,1,,0,0,723,3.7
pay_000515247,m_03476,c_0007219,2026-01-01 10:37:00,US,Mid-market,Mobile,Card,69.61,1,,0,0,587,1.32
pay_000565775,m_01060,c_0065715,2026-01-01 10:37:00,US,Mid-market,Desktop,Card,26.32,1,,0,0,454,0.5
pay_000896448,m_00328,c_0024003,2026-01-01 10:38:00,US,SMB,Desktop,Card,16.45,1,,0,0,787,0.31
pay_000994587,m_04823,c_0081933,2026-01-01 10:38:00,US,SMB,Mobile,Bank debit,89.84,0,expired_card,0,0,1003,0.0
pay_000759953,m_03422,c_0081072,2026-01-01 10:39:00,US,SMB,Desktop,Wallet,21.62,1,,0,0,590,0.41
pay_000499753,m_04599,c_0137331,2026-01-01 10:40:00,CA,Mid-market,Mobile,Wallet,45.55,1,,0,0,624,0.87
pay_000181395,m_04352,c_0124598,2026-01-01 10:40:00,US,Enterprise,Mobile,BNPL,50.9,1,,0,0,308,0.97
pay_000298023,m_04546,c_0097224,2026-01-01 10:40:00,US,SMB,Desktop,Card,13.15,0,expired_card,0,0,339,0.0
pay_000119822,m_00227,c_0121847,2026-01-01 10:41:00,AU,Mid-market,Mobile,Card,16.85,1,,0,0,438,0.32
pay_000538028,m_04234,c_0097465,2026-01-01 10:42:00,DE,Enterprise,Mobile,Card,40.65,1,,0,0,931,0.77
pay_000528266,m_01420,c_0068429,2026-01-01 10:43:00,AU,SMB,Mobile,Card,54.63,1,,0,0,501,1.04
pay_000811091,m_03770,c_0114162,2026-01-01 10:43:00,GB,SMB,Desktop,Bank debit,76.49,1,,0,0,993,1.45
pay_000768782,m_03015,c_0053311,2026-01-01 10:43:00,GB,SMB,Mobile,Card,87.47,1,,0,0,382,1.66
pay_000621576,m_00726,c_0037751,2026-01-01 10:43:00,US,Mid-market,Mobile,Bank debit,249.37,1,,0,0,1011,4.74
pay_000166671,m_03820,c_0133415,2026-01-01 10:43:00,US,SMB,Desktop,Wallet,26.12,1,,0,0,730,0.5
pay_000806152,m_04942,c_0061376,2026-01-01 10:44:00,US,SMB,Mobile,Card,48.63,1,,0,0,526,0.92
pay_000101291,m_04951,c_0033915,2026-01-01 10:44:00,US,SMB,Mobile,Card,19.85,1,,0,0,607,0.38
pay_000285645,m_02563,c_0087595,2026-01-01 10:44:00,CA,SMB,Desktop,BNPL,86.75,1,,0,0,852,1.65
pay_000915762,m_03217,c_0045132,2026-01-01 10:44:00,US,SMB,Desktop,BNPL,44.35,1,,0,0,659,0.84
pay_000160635,m_04196,c_0018301,2026-01-01 10:45:00,GB,SMB,Mobile,Wallet,34.11,1,,0,0,1139,0.65
pay_000641737,m_01984,c_0031478,2026-01-01 10:45:00,US,SMB,Mobile,Bank debit,4.62,1,,0,0,1120,0.09
pay_000094414,m_02961,c_0004297,2026-01-01 10:46:00,CA,Enterprise,Mobile,Wallet,35.97,1,,0,0,371,0.68
pay_000744848,m_02862,c_0016998,2026-01-01 10:46:00,US,Mid-market,Mobile,Wallet,297.47,1,,0,0,788,5.65
pay_000725730,m_00868,c_0020334,2026-01-01 10:47:00,US,Mid-market,Mobile,Card,67.88,1,,0,0,547,1.29
pay_000031842,m_03738,c_0145345,2026-01-01 10:47:00,AU,SMB,Mobile,Card,19.19,1,,0,0,986,0.36
pay_000376208,m_01988,c_0126674,2026-01-01 10:48:00,CA,Mid-market,Mobile,Bank debit,96.76,1,,0,0,1181,1.84
pay_000298067,m_01991,c_0056962,2026-01-01 10:48:00,US,SMB,Mobile,Card,17.96,1,,0,0,786,0.34
pay_000251600,m_01290,c_0114247,2026-01-01 10:49:00,CA,SMB,Desktop,Wallet,35.91,1,,0,0,623,0.68
pay_000117345,m_03279,c_0085004,2026-01-01 10:50:00,DE,SMB,Mobile,Card,176.32,1,,0,0,1010,3.35
pay_000422723,m_02595,c_0144717,2026-01-01 10:50:00,CA,SMB,Mobile,Card,55.49,1,,0,0,543,1.05
pay_000986040,m_04733,c_0174609,2026-01-01 10:50:00,GB,SMB,Mobile,Card,89.33,1,,0,0,927,1.7
pay_000172947,m_01342,c_0067084,2026-01-01 10:50:00,GB,SMB,Mobile,Wallet,39.44,1,,0,0,626,0.75
pay_000451739,m_04203,c_0114062,2026-01-01 10:51:00,AU,SMB,Mobile,Card,90.43,1,,0,0,664,1.72
pay_000896843,m_00638,c_0076942,2026-01-01 10:51:00,US,Enterprise,Mobile,Card,97.25,1,,0,0,1136,1.85
pay_000486527,m_01407,c_0010759,2026-01-01 10:52:00,US,SMB,Desktop,Bank debit,39.32,1,,0,0,976,0.75
pay_000511839,m_02961,c_0017986,2026-01-01 10:52:00,AU,Enterprise,Desktop,Card,30.02,1,,0,0,543,0.57
pay_000780163,m_01081,c_0097164,2026-01-01 10:52:00,GB,Enterprise,Desktop,Card,185.99,1,,0,0,776,3.53
pay_000461312,m_00913,c_0061219,2026-01-01 10:53:00,US,SMB,Desktop,Wallet,28.33,1,,0,0,875,0.54
pay_000385042,m_00831,c_0072109,2026-01-01 10:53:00,DE,SMB,Desktop,Card,69.67,1,,0,0,740,1.32
pay_000956203,m_02567,c_0086136,2026-01-01 10:53:00,US,Mid-market,Mobile,Card,99.87,1,,0,0,780,1.9
pay_000189255,m_04442,c_0148771,2026-01-01 10:54:00,GB,SMB,Mobile,Card,33.19,1,,0,0,714,0.63
pay_000857964,m_02801,c_0080513,2026-01-01 10:54:00,DE,Mid-market,Desktop,BNPL,83.45,1,,0,0,834,1.59
pay_000696374,m_01273,c_0104510,2026-01-01 10:54:00,US,SMB,Desktop,Wallet,14.03,1,,0,0,608,0.27
pay_000746447,m_00813,c_0108104,2026-01-01 10:55:00,US,Mid-market,Mobile,Card,33.07,1,,0,0,732,0.63
pay_000672982,m_03129,c_0089975,2026-01-01 10:56:00,US,SMB,Mobile,Wallet,105.51,1,,0,0,470,2.0
pay_000017168,m_03838,c_0124956,2026-01-01 10:56:00,CA,Mid-market,Desktop,Card,14.88,1,,0,0,375,0.28
pay_000098340,m_00729,c_0012950,2026-01-01 10:57:00,GB,SMB,Desktop,Card,15.07,1,,0,0,855,0.29
pay_000274192,m_04474,c_0090302,2026-01-01 10:57:00,GB,Mid-market,Mobile,BNPL,7.18,1,,0,0,477,0.14
pay_000291348,m_04821,c_0144795,2026-01-01 10:58:00,GB,Mid-market,Desktop,Bank debit,25.3,0,issuer_decline,0,0,727,0.0
pay_000830801,m_00836,c_0118910,2026-01-01 10:58:00,US,SMB,Mobile,Card,54.88,1,,0,0,659,1.04
pay_000909491,m_00168,c_0107215,2026-01-01 10:58:00,US,SMB,Mobile,Card,32.02,1,,0,0,871,0.61
pay_000075322,m_00636,c_0000771,2026-01-01 10:58:00,US,SMB,Mobile,Card,162.11,1,,0,0,552,3.08
pay_000510310,m_01425,c_0005341,2026-01-01 10:59:00,US,SMB,Mobile,Wallet,14.63,0,expired_card,0,0,708,0.0
pay_000799397,m_02602,c_0112294,2026-01-01 10:59:00,AU,SMB,Desktop,Wallet,33.83,1,,0,0,943,0.64
pay_000273915,m_02076,c_0058771,2026-01-01 10:59:00,US,Mid-market,Mobile,Wallet,224.25,1,,0,0,765,4.26
pay_000503180,m_01134,c_0162445,2026-01-01 10:59:00,AU,SMB,Desktop,Bank debit,39.01,1,,0,0,1154,0.74
pay_000217618,m_00415,c_0021548,2026-01-01 10:59:00,CA,Enterprise,Desktop,Card,352.38,1,,0,0,620,6.7
pay_000551951,m_03039,c_0033047,2026-01-01 10:59:00,GB,SMB,Mobile,Card,17.78,1,,0,0,867,0.34
pay_000707103,m_04995,c_0121493,2026-01-01 11:00:00,AU,SMB,Desktop,Card,83.04,0,issuer_decline,0,0,951,0.0
pay_000086023,m_02025,c_0042377,2026-01-01 11:00:00,US,Mid-market,Mobile,Card,25.06,1,,0,0,870,0.48
pay_000126351,m_03150,c_0019971,2026-01-01 11:00:00,GB,SMB,Desktop,Card,21.6,1,,0,0,835,0.41
pay_000656631,m_02383,c_0123699,2026-01-01 11:01:00,GB,SMB,Desktop,BNPL,12.05,1,,0,0,946,0.23
pay_000010887,m_02360,c_0095354,2026-01-01 11:01:00,AU,Mid-market,Mobile,Bank debit,25.02,1,,0,0,990,0.48
pay_000783012,m_02135,c_0179182,2026-01-01 11:01:00,GB,Mid-market,Mobile,Card,23.92,1,,0,0,742,0.45
pay_000250615,m_01213,c_0065557,2026-01-01 11:01:00,US,Mid-market,Desktop,Card,70.7,1,,0,0,628,1.34
pay_000328285,m_00412,c_0139221,2026-01-01 11:02:00,AU,Enterprise,Mobile,Card,209.52,1,,0,0,654,3.98
pay_000412547,m_00035,c_0095351,2026-01-01 11:03:00,CA,SMB,Desktop,BNPL,21.21,1,,0,0,937,0.4
pay_000390850,m_04534,c_0089630,2026-01-01 11:03:00,US,Mid-market,Mobile,Wallet,35.03,1,,0,0,696,0.67
pay_000703940,m_02121,c_0016572,2026-01-01 11:04:00,GB,Enterprise,Mobile,Wallet,61.41,1,,0,0,458,1.17
pay_000991780,m_02942,c_0008771,2026-01-01 11:05:00,US,SMB,Mobile,Card,44.99,1,,0,0,365,0.85
pay_000263230,m_04435,c_0119781,2026-01-01 11:05:00,GB,SMB,Desktop,Card,19.23,1,,0,0,730,0.37
pay_000780207,m_00452,c_0056332,2026-01-01 11:05:00,US,Mid-market,Desktop,Card,25.94,1,,0,0,676,0.49
pay_000720202,m_00436,c_0131163,2026-01-01 11:05:00,DE,Mid-market,Desktop,Card,43.01,1,,0,0,530,0.82
pay_000203462,m_04703,c_0068199,2026-01-01 11:05:00,US,SMB,Mobile,Bank debit,45.34,1,,0,0,736,0.86
pay_000909433,m_01775,c_0027693,2026-01-01 11:06:00,US,Mid-market,Mobile,Card,36.42,1,,0,0,881,0.69
pay_000715321,m_00581,c_0037270,2026-01-01 11:06:00,US,SMB,Mobile,Wallet,22.81,1,,0,0,860,0.43
pay_000821765,m_02916,c_0050716,2026-01-01 11:06:00,US,Mid-market,Mobile,Card,48.59,1,,0,0,925,0.92
pay_000467295,m_04880,c_0136168,2026-01-01 11:07:00,CA,SMB,Mobile,Card,12.92,1,,0,0,790,0.25
pay_000544131,m_00963,c_0167239,2026-01-01 11:07:00,US,Enterprise,Desktop,Card,300.48,0,expired_card,0,0,875,0.0
pay_000788542,m_04509,c_0073484,2026-01-01 11:07:00,US,SMB,Mobile,Wallet,36.24,1,,0,0,845,0.69
pay_000702849,m_04202,c_0057389,2026-01-01 11:08:00,US,Mid-market,Desktop,Card,6.54,0,expired_card,0,0,998,0.0
pay_000956937,m_00490,c_0106058,2026-01-01 11:09:00,US,SMB,Mobile,Card,37.66,1,,0,0,523,0.72
pay_000231282,m_04219,c_0073089,2026-01-01 11:09:00,GB,Mid-market,Desktop,BNPL,71.94,1,,0,0,1013,1.37
pay_000426159,m_04435,c_0000196,2026-01-01 11:10:00,DE,Mid-market,Mobile,Card,228.0,1,,0,0,967,4.33
pay_000341185,m_04350,c_0079865,2026-01-01 11:10:00,US,Mid-market,Mobile,BNPL,46.82,1,,0,0,792,0.89
pay_000532183,m_02098,c_0096978,2026-01-01 11:10:00,CA,SMB,Mobile,Bank debit,97.76,1,,0,0,802,1.86
pay_000322596,m_00626,c_0095369,2026-01-01 11:10:00,US,Mid-market,Desktop,Card,10.26,1,,0,0,799,0.19
pay_000193892,m_02123,c_0071233,2026-01-01 11:11:00,DE,SMB,Mobile,Card,44.66,1,,0,0,600,0.85
pay_000603020,m_04001,c_0162518,2026-01-01 11:11:00,US,SMB,Mobile,Card,46.24,1,,0,0,790,0.88
pay_000241650,m_04636,c_0040612,2026-01-01 11:11:00,DE,SMB,Mobile,Wallet,62.86,1,,0,0,1056,1.19
pay_000447426,m_02391,c_0099464,2026-01-01 11:11:00,CA,Enterprise,Mobile,Card,95.5,1,,0,0,1037,1.81
pay_000811796,m_04183,c_0118109,2026-01-01 11:11:00,AU,Mid-market,Mobile,Card,9.79,1,,0,0,580,0.19
pay_000476443,m_03741,c_0139619,2026-01-01 11:11:00,GB,Mid-market,Desktop,Card,58.11,1,,0,0,934,1.1
pay_000767422,m_04494,c_0088676,2026-01-01 11:11:00,GB,Mid-market,Mobile,Bank debit,77.53,0,network_error,0,0,1311,0.0
pay_000745472,m_04520,c_0061914,2026-01-01 11:12:00,US,Mid-market,Mobile,BNPL,10.88,1,,0,0,579,0.21
pay_000669574,m_04008,c_0049800,2026-01-01 11:12:00,US,SMB,Desktop,Wallet,55.29,1,,0,0,985,1.05
pay_000767698,m_02224,c_0163219,2026-01-01 11:12:00,CA,SMB,Desktop,Card,146.19,1,,0,0,646,2.78
pay_000564845,m_01173,c_0133604,2026-01-01 11:12:00,DE,SMB,Mobile,Card,42.81,1,,0,0,753,0.81
pay_000203914,m_00497,c_0097675,2026-01-01 11:12:00,US,SMB,Mobile,Wallet,65.45,1,,0,0,465,1.24
pay_000673481,m_03876,c_0058882,2026-01-01 11:13:00,AU,SMB,Mobile,Bank debit,70.69,1,,0,0,1079,1.34
pay_000522909,m_02820,c_0174286,2026-01-01 11:14:00,DE,SMB,Desktop,Bank debit,16.27,1,,0,0,366,0.31
pay_000124201,m_00443,c_0092746,2026-01-01 11:14:00,US,SMB,Mobile,Bank debit,84.79,1,,0,0,1046,1.61
pay_000543754,m_03010,c_0084590,2026-01-01 11:14:00,US,Enterprise,Desktop,Wallet,38.81,1,,0,0,1211,0.74
pay_000178613,m_04759,c_0178348,2026-01-01 11:14:00,CA,Mid-market,Mobile,Card,210.41,1,,0,0,806,4.0
pay_000383918,m_00722,c_0082990,2026-01-01 11:14:00,AU,SMB,Mobile,Card,21.44,0,issuer_decline,0,0,1104,0.0
pay_000248244,m_04133,c_0136598,2026-01-01 11:14:00,US,Mid-market,Mobile,Card,108.28,0,issuer_decline,0,0,812,0.0
pay_000038827,m_04042,c_0165294,2026-01-01 11:15:00,US,SMB,Mobile,Wallet,39.83,1,,0,0,778,0.76
pay_000262806,m_02360,c_0054785,2026-01-01 11:15:00,US,SMB,Mobile,Card,131.49,1,,0,0,789,2.5
pay_000007754,m_01117,c_0128576,2026-01-01 11:15:00,CA,SMB,Desktop,Card,4.82,1,,0,0,575,0.09
pay_000406664,m_01332,c_0112376,2026-01-01 11:15:00,DE,SMB,Mobile,Card,45.11,1,,0,0,983,0.86
pay_000276429,m_01110,c_0013755,2026-01-01 11:16:00,GB,SMB,Mobile,Card,24.59,1,,0,0,222,0.47
pay_000253176,m_01767,c_0028906,2026-01-01 11:16:00,DE,Mid-market,Desktop,BNPL,32.29,1,,0,0,582,0.61
pay_000314527,m_02703,c_0176753,2026-01-01 11:16:00,CA,Mid-market,Mobile,Card,143.33,1,,0,0,617,2.72
pay_000913785,m_04208,c_0170602,2026-01-01 11:17:00,DE,SMB,Mobile,BNPL,32.92,1,,0,0,908,0.63
pay_000138181,m_02368,c_0129226,2026-01-01 11:17:00,GB,Mid-market,Desktop,Card,57.03,1,,0,0,909,1.08
pay_000741114,m_02269,c_0022714,2026-01-01 11:17:00,US,Mid-market,Desktop,Bank debit,27.21,1,,0,0,1289,0.52
pay_000110743,m_03319,c_0173119,2026-01-01 11:17:00,DE,SMB,Mobile,Card,7.9,1,,0,0,751,0.15
pay_000851027,m_00732,c_0097564,2026-01-01 11:17:00,US,SMB,Desktop,Card,48.08,0,issuer_decline,0,0,800,0.0
pay_000969143,m_03885,c_0177198,2026-01-01 11:19:00,DE,Enterprise,Mobile,Card,178.77,1,,0,0,494,3.4
pay_000169062,m_02501,c_0008011,2026-01-01 11:19:00,US,SMB,Desktop,Card,113.97,1,,0,0,732,2.17
pay_000468872,m_00524,c_0074600,2026-01-01 11:19:00,US,Enterprise,Desktop,Wallet,43.07,1,,0,0,963,0.82
pay_000349843,m_04491,c_0055233,2026-01-01 11:19:00,GB,Mid-market,Desktop,Bank debit,13.76,1,,0,0,1183,0.26
pay_000837493,m_02057,c_0171381,2026-01-01 11:21:00,US,Mid-market,Mobile,Card,101.33,0,issuer_decline,0,0,640,0.0
pay_000748680,m_00334,c_0113179,2026-01-01 11:21:00,US,Mid-market,Mobile,Card,10.56,1,,0,0,912,0.2
pay_000688203,m_04522,c_0170486,2026-01-01 11:21:00,AU,SMB,Mobile,Wallet,35.96,1,,0,0,867,0.68
pay_000506113,m_03095,c_0150515,2026-01-01 11:22:00,GB,SMB,Mobile,Card,77.21,1,,0,0,730,1.47
pay_000932981,m_00440,c_0062731,2026-01-01 11:22:00,GB,SMB,Mobile,Card,138.9,1,,0,0,478,2.64
pay_000475188,m_03117,c_0003064,2026-01-01 11:22:00,CA,SMB,Desktop,Bank debit,14.43,1,,0,0,979,0.27
pay_000131334,m_01893,c_0135981,2026-01-01 11:22:00,US,Mid-market,Mobile,Card,16.6,1,,0,0,712,0.32
pay_000147957,m_00493,c_0015385,2026-01-01 11:23:00,US,SMB,Mobile,Bank debit,14.71,0,insufficient_funds,0,0,1422,0.0
pay_000332095,m_02910,c_0081120,2026-01-01 11:23:00,US,Mid-market,Mobile,Wallet,228.3,1,,0,0,681,4.34
pay_000815974,m_04984,c_0027481,2026-01-01 11:24:00,US,SMB,Mobile,Card,13.55,1,,0,0,426,0.26
pay_000379836,m_00957,c_0034781,2026-01-01 11:24:00,US,Mid-market,Mobile,Card,115.01,1,,0,0,556,2.19
pay_000661616,m_02713,c_0075987,2026-01-01 11:25:00,CA,SMB,Mobile,Wallet,22.38,1,,0,0,886,0.43
pay_000363543,m_01205,c_0097321,2026-01-01 11:25:00,US,Mid-market,Mobile,Wallet,74.33,1,,0,0,892,1.41
pay_000987550,m_02753,c_0030721,2026-01-01 11:25:00,US,SMB,Mobile,Card,23.03,1,,0,0,699,0.44
pay_000081648,m_03434,c_0114830,2026-01-01 11:25:00,CA,Mid-market,Mobile,Card,232.16,1,,0,0,905,4.41
pay_000914638,m_03025,c_0125952,2026-01-01 11:25:00,DE,SMB,Mobile,Card,50.26,1,,0,0,991,0.95
pay_000246691,m_04417,c_0059768,2026-01-01 11:25:00,US,Mid-market,Mobile,Card,71.82,1,,0,0,531,1.36
pay_000311582,m_03409,c_0044531,2026-01-01 11:25:00,US,SMB,Mobile,Card,40.09,1,,0,0,395,0.76
pay_000671178,m_04186,c_0053130,2026-01-01 11:26:00,US,SMB,Desktop,Wallet,5.16,1,,0,0,453,0.1
pay_000423099,m_02393,c_0132905,2026-01-01 11:27:00,CA,SMB,Mobile,Card,146.68,1,,0,0,677,2.79
pay_000337427,m_02018,c_0050993,2026-01-01 11:27:00,CA,Mid-market,Mobile,Wallet,29.44,1,,0,0,537,0.56
pay_000446022,m_00206,c_0081248,2026-01-01 11:27:00,US,SMB,Mobile,Card,17.81,1,,0,0,1244,0.34
pay_000183525,m_03454,c_0086947,2026-01-01 11:28:00,US,Enterprise,Mobile,Wallet,56.99,1,,0,0,951,1.08
pay_000755976,m_01020,c_0075204,2026-01-01 11:28:00,CA,Mid-market,Desktop,Card,55.11,1,,0,0,901,1.05
pay_000093459,m_01151,c_0107372,2026-01-01 11:28:00,DE,SMB,Desktop,Card,103.83,1,,0,0,632,1.97
pay_000741158,m_00615,c_0140320,2026-01-01 11:29:00,US,SMB,Mobile,Card,22.99,1,,0,0,568,0.44
pay_000381308,m_00126,c_0122578,2026-01-01 11:30:00,AU,Mid-market,Mobile,Card,68.63,1,,0,0,897,1.3
pay_000245286,m_01026,c_0051167,2026-01-01 11:30:00,AU,Enterprise,Mobile,Bank debit,70.54,1,,0,0,1146,1.34
pay_000942302,m_01068,c_0179241,2026-01-01 11:30:00,US,Enterprise,Mobile,Card,239.87,1,,0,0,699,4.56
pay_000529668,m_03446,c_0082949,2026-01-01 11:31:00,US,SMB,Desktop,Bank debit,117.74,1,,0,0,1083,2.24
pay_000969929,m_04367,c_0021710,2026-01-01 11:31:00,CA,SMB,Mobile,Bank debit,4.83,1,,0,0,1050,0.09
pay_000055544,m_01062,c_0006089,2026-01-01 11:31:00,CA,Enterprise,Mobile,Card,25.37,1,,0,0,100,0.48
pay_000369351,m_00801,c_0041349,2026-01-01 11:31:00,US,SMB,Desktop,Card,10.7,1,,0,0,920,0.2
pay_000802959,m_01723,c_0169560,2026-01-01 11:31:00,US,SMB,Mobile,Bank debit,147.77,1,,0,0,1251,2.81
pay_000658958,m_02672,c_0151971,2026-01-01 11:32:00,US,SMB,Mobile,BNPL,62.06,1,,0,0,905,1.18
pay_000535366,m_00496,c_0093979,2026-01-01 11:33:00,AU,SMB,Mobile,BNPL,43.79,1,,0,0,971,0.83
pay_000808264,m_02871,c_0110781,2026-01-01 11:33:00,DE,Enterprise,Mobile,Card,56.41,1,,0,0,440,1.07
pay_000348531,m_00747,c_0042801,2026-01-01 11:33:00,CA,Mid-market,Mobile,Wallet,68.82,1,,0,0,690,1.31
pay_000047170,m_02224,c_0020670,2026-01-01 11:33:00,GB,SMB,Desktop,Wallet,56.73,1,,0,0,359,1.08
pay_000245384,m_01139,c_0027740,2026-01-01 11:34:00,US,SMB,Desktop,Card,82.53,1,,0,0,797,1.57
pay_000976686,m_04988,c_0039110,2026-01-01 11:34:00,US,SMB,Mobile,BNPL,59.74,1,,0,0,915,1.14
pay_000054861,m_03971,c_0160840,2026-01-01 11:35:00,US,Mid-market,Desktop,Card,75.77,1,,0,0,398,1.44
pay_000039250,m_02692,c_0048023,2026-01-01 11:35:00,US,Mid-market,Mobile,BNPL,41.97,1,,0,0,1059,0.8
pay_000469054,m_02458,c_0118545,2026-01-01 11:36:00,GB,SMB,Mobile,Bank debit,12.4,1,,0,0,1146,0.24
pay_000123868,m_02269,c_0110209,2026-01-01 11:36:00,US,Mid-market,Mobile,Card,145.15,1,,0,0,696,2.76
pay_000286168,m_04415,c_0087440,2026-01-01 11:36:00,GB,SMB,Desktop,Card,8.39,1,,0,0,1083,0.16
pay_000124511,m_04139,c_0165198,2026-01-01 11:37:00,US,Enterprise,Mobile,Card,157.44,1,,0,0,457,2.99
pay_000963675,m_02022,c_0174139,2026-01-01 11:37:00,GB,SMB,Desktop,Card,28.48,1,,0,0,926,0.54
pay_000835716,m_01862,c_0090319,2026-01-01 11:37:00,US,SMB,Mobile,Wallet,10.95,1,,0,0,525,0.21
pay_000853386,m_04453,c_0140676,2026-01-01 11:37:00,US,SMB,Desktop,Card,11.34,1,,0,0,698,0.22
pay_000434764,m_04132,c_0056524,2026-01-01 11:38:00,US,Enterprise,Desktop,Card,109.17,1,,0,0,744,2.07
pay_000469036,m_03978,c_0165840,2026-01-01 11:39:00,US,SMB,Desktop,Wallet,100.32,1,,0,0,345,1.91
pay_000922088,m_01107,c_0161681,2026-01-01 11:39:00,US,Enterprise,Mobile,Wallet,33.61,1,,0,0,962,0.64
pay_000997333,m_01421,c_0014445,2026-01-01 11:39:00,US,Enterprise,Mobile,Card,141.12,1,,0,0,990,2.68
pay_000802184,m_00344,c_0076776,2026-01-01 11:40:00,US,Mid-market,Desktop,Card,30.14,1,,0,0,785,0.57
pay_000243661,m_03919,c_0003700,2026-01-01 11:41:00,US,Mid-market,Mobile,Wallet,71.71,1,,0,0,767,1.36
pay_000982615,m_01115,c_0002741,2026-01-01 11:41:00,US,Enterprise,Mobile,Card,137.35,1,,0,0,762,2.61
pay_000025311,m_00506,c_0014419,2026-01-01 11:41:00,GB,Mid-market,Desktop,Card,226.77,1,,0,0,844,4.31
pay_000725211,m_04974,c_0069682,2026-01-01 11:42:00,GB,SMB,Desktop,Wallet,32.87,1,,0,0,644,0.62
pay_000130882,m_04152,c_0135949,2026-01-01 11:42:00,GB,SMB,Desktop,Card,161.37,1,,0,0,975,3.07
pay_000253342,m_01608,c_0133581,2026-01-01 11:42:00,AU,SMB,Desktop,Card,52.15,1,,0,0,853,0.99
pay_000210238,m_00845,c_0104919,2026-01-01 11:42:00,AU,SMB,Mobile,Wallet,54.92,1,,0,0,845,1.04
pay_000272499,m_02200,c_0158475,2026-01-01 11:43:00,CA,SMB,Mobile,Card,41.05,1,,0,0,413,0.78
pay_000086505,m_00909,c_0176184,2026-01-01 11:43:00,US,Mid-market,Mobile,BNPL,106.58,1,,0,0,526,2.03
pay_000815388,m_04631,c_0138852,2026-01-01 11:43:00,DE,SMB,Desktop,Card,18.93,1,,0,0,573,0.36
pay_000021909,m_00918,c_0010917,2026-01-01 11:43:00,US,SMB,Desktop,Card,19.64,1,,0,0,971,0.37
pay_000467921,m_02881,c_0050998,2026-01-01 11:44:00,US,Mid-market,Desktop,Wallet,56.83,1,,0,0,557,1.08
pay_000345712,m_04767,c_0167411,2026-01-01 11:44:00,AU,SMB,Mobile,Card,90.95,1,,1,0,922,1.73
pay_000259443,m_00924,c_0034295,2026-01-01 11:45:00,US,SMB,Mobile,Card,158.72,1,,0,0,553,3.02
pay_000540919,m_00163,c_0049363,2026-01-01 11:46:00,GB,SMB,Mobile,Wallet,40.97,1,,0,0,434,0.78
pay_000342414,m_03744,c_0109768,2026-01-01 11:46:00,US,SMB,Desktop,Wallet,22.69,1,,0,0,1039,0.43
pay_000097312,m_03944,c_0086196,2026-01-01 11:47:00,AU,Mid-market,Mobile,Card,227.76,1,,0,0,712,4.33
pay_000330770,m_03365,c_0145174,2026-01-01 11:47:00,US,SMB,Desktop,Card,6.68,1,,0,0,682,0.13
pay_000836870,m_01964,c_0139723,2026-01-01 11:47:00,US,Mid-market,Mobile,Card,32.3,1,,0,0,504,0.61
pay_000284806,m_04436,c_0019619,2026-01-01 11:48:00,AU,SMB,Mobile,Card,11.84,1,,0,0,673,0.22
pay_000175497,m_03633,c_0067819,2026-01-01 11:49:00,CA,Mid-market,Desktop,BNPL,24.51,1,,0,0,847,0.47
pay_000994669,m_00173,c_0121114,2026-01-01 11:49:00,GB,Mid-market,Mobile,Card,28.18,1,,0,0,769,0.54
pay_000059864,m_03087,c_0137045,2026-01-01 11:49:00,GB,Mid-market,Mobile,Card,57.08,1,,0,0,796,1.08
pay_000854560,m_01546,c_0024721,2026-01-01 11:49:00,AU,Mid-market,Desktop,BNPL,41.02,1,,0,0,1069,0.78
pay_000053436,m_03914,c_0152039,2026-01-01 11:49:00,US,Mid-market,Mobile,Card,29.29,1,,0,0,723,0.56
pay_000385323,m_03270,c_0115724,2026-01-01 11:50:00,US,Mid-market,Desktop,Card,31.28,1,,0,0,903,0.59
pay_000612277,m_04898,c_0097650,2026-01-01 11:50:00,US,SMB,Mobile,Card,13.81,1,,0,0,581,0.26
pay_000939153,m_04394,c_0035010,2026-01-01 11:52:00,AU,Enterprise,Mobile,Card,21.86,1,,0,0,697,0.42
pay_000400823,m_00669,c_0129265,2026-01-01 11:52:00,GB,Mid-market,Desktop,Bank debit,437.27,1,,0,0,1232,8.31
pay_000606797,m_02533,c_0156599,2026-01-01 11:53:00,AU,SMB,Mobile,Wallet,58.05,1,,0,0,1017,1.1
pay_000145735,m_03765,c_0091922,2026-01-01 11:53:00,AU,Enterprise,Mobile,Wallet,304.7,1,,0,0,410,5.79
pay_000339653,m_03437,c_0107821,2026-01-01 11:53:00,DE,SMB,Mobile,Wallet,19.22,1,,0,0,878,0.37
pay_000596211,m_02159,c_0043065,2026-01-01 11:54:00,GB,SMB,Desktop,Card,38.29,1,,0,0,765,0.73
pay_000901002,m_03413,c_0025363,2026-01-01 11:54:00,CA,SMB,Mobile,Card,27.07,1,,0,0,798,0.51
pay_000301754,m_03353,c_0103395,2026-01-01 11:55:00,US,SMB,Mobile,Card,31.67,1,,0,0,721,0.6
pay_000269791,m_00693,c_0126774,2026-01-01 11:55:00,US,SMB,Desktop,Card,33.78,1,,0,0,769,0.64
pay_000735440,m_04992,c_0081600,2026-01-01 11:55:00,GB,SMB,Mobile,Card,80.79,1,,0,0,473,1.54
pay_000081537,m_01478,c_0082186,2026-01-01 11:55:00,US,SMB,Mobile,Card,36.97,1,,0,0,603,0.7
pay_000497683,m_01448,c_0077284,2026-01-01 11:56:00,DE,SMB,Desktop,Card,5.01,0,issuer_decline,0,0,957,0.0
pay_000905146,m_02743,c_0062376,2026-01-01 11:57:00,DE,SMB,Mobile,Bank debit,74.7,1,,0,0,992,1.42
pay_000102384,m_04725,c_0171149,2026-01-01 11:57:00,DE,SMB,Desktop,Card,12.03,1,,0,0,818,0.23
pay_000260421,m_03459,c_0055246,2026-01-01 11:57:00,US,Enterprise,Mobile,Wallet,23.97,0,suspected_fraud,0,0,948,0.0
pay_000377434,m_00167,c_0106972,2026-01-01 11:58:00,AU,Enterprise,Desktop,Card,96.92,1,,0,0,1078,1.84
pay_000669778,m_01509,c_0127882,2026-01-01 11:58:00,CA,SMB,Mobile,Bank debit,7.65,1,,0,0,1226,0.15
pay_000614137,m_00868,c_0154610,2026-01-01 11:59:00,GB,Mid-market,Mobile,Card,51.14,1,,0,0,623,0.97
pay_000106627,m_00598,c_0005156,2026-01-01 11:59:00,CA,SMB,Desktop,Card,47.7,1,,0,0,756,0.91
pay_000855106,m_00091,c_0032042,2026-01-01 11:59:00,CA,SMB,Mobile,Card,14.69,1,,0,0,836,0.28
pay_000826414,m_00495,c_0174839,2026-01-01 12:00:00,US,Mid-market,Mobile,Wallet,15.3,1,,0,0,599,0.29
pay_000756728,m_01068,c_0019436,2026-01-01 12:00:00,US,Enterprise,Mobile,Card,72.18,1,,0,0,796,1.37
pay_000774599,m_01635,c_0163260,2026-01-01 12:00:00,AU,SMB,Desktop,Card,19.22,0,issuer_decline,0,0,732,0.0
pay_000262841,m_02228,c_0076051,2026-01-01 12:00:00,US,Mid-market,Desktop,Card,42.61,1,,0,0,984,0.81
pay_000673671,m_01097,c_0122099,2026-01-01 12:00:00,AU,SMB,Mobile,Card,42.28,1,,0,0,608,0.8
pay_000622459,m_02938,c_0056738,2026-01-01 12:01:00,DE,SMB,Mobile,Card,80.02,1,,0,0,781,1.52
pay_000071408,m_01443,c_0170464,2026-01-01 12:02:00,US,Mid-market,Desktop,BNPL,166.89,1,,0,0,842,3.17
pay_000634478,m_04058,c_0006563,2026-01-01 12:03:00,US,SMB,Mobile,Card,16.32,1,,0,0,746,0.31
pay_000867237,m_03073,c_0029786,2026-01-01 12:03:00,CA,SMB,Desktop,Card,32.85,0,insufficient_funds,0,0,639,0.0
pay_000411400,m_04175,c_0113397,2026-01-01 12:03:00,DE,SMB,Mobile,Wallet,40.95,1,,0,0,855,0.78
pay_000426666,m_03974,c_0085209,2026-01-01 12:04:00,GB,Mid-market,Mobile,Card,361.52,1,,0,0,873,6.87
pay_000339318,m_04558,c_0091542,2026-01-01 12:04:00,DE,SMB,Mobile,Card,27.1,1,,0,0,1012,0.51
pay_000224752,m_02938,c_0036555,2026-01-01 12:04:00,US,SMB,Mobile,Wallet,21.92,1,,0,0,680,0.42
pay_000110324,m_04985,c_0060570,2026-01-01 12:05:00,US,SMB,Mobile,Bank debit,35.93,0,insufficient_funds,0,0,947,0.0
pay_000384475,m_04682,c_0162890,2026-01-01 12:05:00,AU,SMB,Desktop,Card,5.94,1,,0,0,514,0.11
pay_000480729,m_01258,c_0138181,2026-01-01 12:05:00,AU,SMB,Desktop,Card,78.28,1,,0,0,674,1.49
pay_000657050,m_03695,c_0103662,2026-01-01 12:05:00,AU,Mid-market,Desktop,Card,69.81,1,,0,0,817,1.33
pay_000168429,m_04262,c_0145937,2026-01-01 12:06:00,DE,SMB,Mobile,Card,14.58,1,,0,0,694,0.28
pay_000877122,m_01703,c_0142716,2026-01-01 12:07:00,CA,SMB,Mobile,Wallet,39.79,1,,0,0,651,0.76
pay_000313861,m_03231,c_0174853,2026-01-01 12:08:00,CA,Mid-market,Mobile,Card,179.04,1,,0,0,721,3.4
pay_000173621,m_01099,c_0145788,2026-01-01 12:08:00,DE,SMB,Desktop,Card,10.25,1,,0,0,480,0.19
pay_000479175,m_03192,c_0042076,2026-01-01 12:08:00,US,SMB,Mobile,Card,14.58,1,,0,0,581,0.28
pay_000855925,m_02325,c_0125852,2026-01-01 12:08:00,DE,SMB,Mobile,Card,67.2,1,,1,0,630,1.28
pay_000204036,m_04653,c_0037863,2026-01-01 12:08:00,US,SMB,Desktop,Wallet,31.95,1,,1,0,899,0.61
pay_000705416,m_01240,c_0008765,2026-01-01 12:09:00,CA,Mid-market,Mobile,Wallet,60.59,1,,0,0,802,1.15
pay_000585429,m_01386,c_0003178,2026-01-01 12:10:00,GB,Mid-market,Mobile,Card,83.45,1,,0,0,932,1.59
pay_000675332,m_00792,c_0000316,2026-01-01 12:10:00,US,Mid-market,Mobile,Card,87.63,1,,0,0,1039,1.66
pay_000910222,m_04305,c_0149014,2026-01-01 12:10:00,GB,SMB,Desktop,Card,297.08,1,,0,0,954,5.64
pay_000947863,m_03355,c_0086105,2026-01-01 12:10:00,CA,SMB,Mobile,Card,51.83,1,,0,0,731,0.98
pay_000416982,m_03714,c_0141148,2026-01-01 12:11:00,GB,SMB,Mobile,Card,26.07,1,,0,0,841,0.5
pay_000153850,m_01291,c_0097678,2026-01-01 12:11:00,US,Mid-market,Desktop,Wallet,24.21,1,,0,0,606,0.46
pay_000450060,m_03819,c_0061129,2026-01-01 12:11:00,US,Mid-market,Mobile,Wallet,20.66,1,,0,0,127,0.39
pay_000607683,m_03330,c_0020966,2026-01-01 12:12:00,CA,SMB,Mobile,Wallet,49.9,1,,0,0,600,0.95
pay_000636584,m_03590,c_0131566,2026-01-01 12:12:00,CA,Mid-market,Mobile,Card,90.29,1,,0,0,690,1.72
pay_000777895,m_03484,c_0023813,2026-01-01 12:12:00,DE,SMB,Mobile,BNPL,10.69,1,,0,0,763,0.2
pay_000347788,m_00749,c_0062245,2026-01-01 12:13:00,US,SMB,Desktop,Card,46.77,1,,0,0,1018,0.89
pay_000377649,m_02879,c_0155787,2026-01-01 12:13:00,AU,SMB,Mobile,BNPL,9.03,1,,0,0,489,0.17
pay_000252297,m_03688,c_0126649,2026-01-01 12:13:00,US,SMB,Mobile,Card,134.45,1,,0,0,705,2.55
pay_000178292,m_04725,c_0132416,2026-01-01 12:13:00,CA,SMB,Mobile,Card,28.35,1,,0,0,903,0.54
pay_000726477,m_04863,c_0019908,2026-01-01 12:14:00,CA,Enterprise,Desktop,Card,48.7,1,,0,0,852,0.93
pay_000489354,m_02316,c_0077834,2026-01-01 12:14:00,US,Mid-market,Desktop,Card,36.01,1,,0,1,813,0.68
pay_000487372,m_03068,c_0009424,2026-01-01 12:14:00,CA,SMB,Mobile,Card,44.08,1,,0,0,683,0.84
pay_000389286,m_01887,c_0097079,2026-01-01 12:15:00,AU,Mid-market,Desktop,Bank debit,94.65,1,,0,0,1106,1.8
pay_000991351,m_01712,c_0075388,2026-01-01 12:15:00,CA,Mid-market,Desktop,Card,98.61,1,,0,0,942,1.87
pay_000050993,m_02344,c_0087247,2026-01-01 12:15:00,DE,Mid-market,Mobile,Card,12.23,1,,0,0,772,0.23
pay_000500273,m_01592,c_0082378,2026-01-01 12:16:00,CA,SMB,Mobile,Wallet,19.38,1,,0,0,359,0.37
pay_000305376,m_01643,c_0110383,2026-01-01 12:16:00,US,SMB,Desktop,Card,38.66,1,,0,0,811,0.73
pay_000529167,m_00900,c_0025692,2026-01-01 12:17:00,US,SMB,Desktop,Card,129.05,1,,0,0,828,2.45
pay_000632865,m_02678,c_0015023,2026-01-01 12:17:00,CA,Mid-market,Mobile,Card,31.01,1,,0,0,644,0.59
pay_000616051,m_04603,c_0049080,2026-01-01 12:18:00,US,SMB,Mobile,Card,15.29,1,,0,0,734,0.29
pay_000351948,m_00150,c_0170263,2026-01-01 12:18:00,US,SMB,Desktop,Card,37.0,0,expired_card,0,0,276,0.0
pay_000976955,m_03861,c_0164318,2026-01-01 12:19:00,CA,Mid-market,Mobile,Wallet,60.76,0,issuer_decline,0,0,736,0.0
pay_000370048,m_00229,c_0049297,2026-01-01 12:19:00,US,Mid-market,Mobile,Card,58.36,1,,0,0,703,1.11
pay_000894556,m_03796,c_0089104,2026-01-01 12:20:00,US,Mid-market,Desktop,Card,61.8,1,,0,0,605,1.17
pay_000040546,m_00496,c_0174511,2026-01-01 12:21:00,US,SMB,Mobile,Card,14.45,1,,0,0,745,0.27
pay_000232176,m_03549,c_0053957,2026-01-01 12:21:00,US,SMB,Mobile,Card,6.79,1,,0,0,591,0.13
pay_000706711,m_01780,c_0162228,2026-01-01 12:22:00,AU,SMB,Mobile,Card,36.99,1,,0,0,709,0.7
pay_000362211,m_01462,c_0164423,2026-01-01 12:22:00,US,Mid-market,Mobile,Card,58.75,1,,0,0,483,1.12
pay_000173274,m_04254,c_0077165,2026-01-01 12:22:00,CA,Enterprise,Mobile,Bank debit,81.21,1,,0,0,1136,1.54
pay_000176852,m_04312,c_0050672,2026-01-01 12:22:00,US,SMB,Mobile,Card,54.49,1,,0,0,568,1.04
pay_000793958,m_03908,c_0052857,2026-01-01 12:22:00,AU,SMB,Desktop,Card,27.89,1,,0,0,796,0.53
pay_000609611,m_03036,c_0033268,2026-01-01 12:23:00,US,SMB,Mobile,BNPL,27.58,1,,0,0,679,0.52
pay_000374238,m_00067,c_0058776,2026-01-01 12:24:00,AU,Enterprise,Mobile,Wallet,21.05,1,,0,0,944,0.4
pay_000859051,m_01014,c_0172238,2026-01-01 12:24:00,CA,Mid-market,Desktop,Card,45.38,1,,0,0,332,0.86
pay_000545714,m_00974,c_0104349,2026-01-01 12:25:00,DE,Enterprise,Desktop,Wallet,64.13,1,,0,0,631,1.22
pay_000670049,m_01111,c_0119723,2026-01-01 12:26:00,US,SMB,Mobile,Card,39.49,1,,0,0,569,0.75
pay_000804574,m_01931,c_0177211,2026-01-01 12:27:00,CA,Enterprise,Desktop,Card,102.75,1,,0,0,759,1.95
pay_000097604,m_03277,c_0115123,2026-01-01 12:27:00,US,SMB,Mobile,Wallet,13.21,1,,0,0,487,0.25
pay_000020323,m_01098,c_0130042,2026-01-01 12:28:00,US,SMB,Mobile,Card,33.72,1,,0,0,770,0.64
pay_000951516,m_02752,c_0110446,2026-01-01 12:28:00,AU,Mid-market,Mobile,Card,20.45,1,,0,0,1008,0.39
pay_000216508,m_02414,c_0167232,2026-01-01 12:28:00,US,Mid-market,Mobile,Card,106.01,1,,0,0,690,2.01
pay_000362648,m_00403,c_0039756,2026-01-01 12:28:00,US,SMB,Mobile,Card,27.07,1,,0,0,491,0.51
pay_000965654,m_00875,c_0148799,2026-01-01 12:29:00,GB,Mid-market,Mobile,Card,50.75,1,,0,0,918,0.96
pay_000648889,m_04247,c_0121718,2026-01-01 12:29:00,US,SMB,Mobile,Card,38.68,1,,0,0,537,0.73
pay_000797859,m_01641,c_0054334,2026-01-01 12:29:00,DE,SMB,Mobile,Card,8.02,1,,0,0,557,0.15
pay_000919487,m_04032,c_0071493,2026-01-01 12:29:00,US,Enterprise,Desktop,Card,141.77,1,,0,0,862,2.69
pay_000325932,m_04587,c_0024948,2026-01-01 12:29:00,US,Mid-market,Desktop,Card,46.56,1,,0,0,549,0.88
pay_000031872,m_04268,c_0005002,2026-01-01 12:29:00,US,SMB,Mobile,Card,11.41,1,,0,0,511,0.22
pay_000933646,m_00131,c_0067257,2026-01-01 12:30:00,US,Mid-market,Desktop,Wallet,57.66,1,,0,0,612,1.1
pay_000312621,m_00033,c_0106406,2026-01-01 12:30:00,US,SMB,Desktop,Card,12.37,1,,0,0,631,0.24
pay_000650425,m_01059,c_0011602,2026-01-01 12:30:00,US,Enterprise,Desktop,Bank debit,33.14,1,,0,0,902,0.63
pay_000550868,m_02925,c_0179585,2026-01-01 12:30:00,GB,Mid-market,Mobile,Card,50.23,1,,0,0,439,0.95
pay_000636532,m_04480,c_0019712,2026-01-01 12:30:00,CA,SMB,Mobile,Bank debit,106.43,1,,0,0,966,2.02
pay_000206252,m_04537,c_0054907,2026-01-01 12:30:00,GB,Mid-market,Desktop,Card,10.1,1,,0,0,374,0.19
pay_000552273,m_04616,c_0158505,2026-01-01 12:31:00,CA,SMB,Desktop,Card,12.48,1,,0,0,890,0.24
pay_000217945,m_03139,c_0014283,2026-01-01 12:31:00,CA,SMB,Desktop,Card,23.98,1,,0,0,349,0.46
pay_000516860,m_03997,c_0012385,2026-01-01 12:31:00,AU,Mid-market,Mobile,Card,133.87,1,,0,0,643,2.54
pay_000695221,m_01028,c_0000349,2026-01-01 12:32:00,GB,Mid-market,Mobile,Card,49.66,1,,0,0,731,0.94
pay_000879865,m_02656,c_0078990,2026-01-01 12:33:00,US,Mid-market,Desktop,Bank debit,32.69,1,,0,0,1279,0.62
pay_000471442,m_03409,c_0085089,2026-01-01 12:33:00,CA,SMB,Desktop,Wallet,84.75,1,,0,0,540,1.61
pay_000482159,m_04735,c_0068098,2026-01-01 12:34:00,GB,SMB,Desktop,Card,20.93,1,,0,0,760,0.4
pay_000676673,m_03216,c_0160585,2026-01-01 12:34:00,US,Mid-market,Mobile,Wallet,21.4,1,,0,0,422,0.41
pay_000307333,m_02029,c_0036811,2026-01-01 12:34:00,US,SMB,Mobile,Card,15.62,1,,0,0,945,0.3
pay_000414200,m_01325,c_0062097,2026-01-01 12:35:00,US,Enterprise,Mobile,Wallet,55.52,1,,0,0,1129,1.05
pay_000952145,m_04522,c_0051363,2026-01-01 12:35:00,GB,SMB,Mobile,Wallet,397.74,1,,0,0,1167,7.56
pay_000090181,m_04764,c_0092043,2026-01-01 12:35:00,US,Enterprise,Mobile,Card,62.61,1,,0,0,517,1.19
pay_000822304,m_01607,c_0100804,2026-01-01 12:35:00,US,Mid-market,Mobile,Card,35.88,1,,0,0,696,0.68
pay_000492710,m_04174,c_0156171,2026-01-01 12:36:00,US,SMB,Desktop,Bank debit,8.41,1,,0,0,1023,0.16
pay_000961226,m_02915,c_0108140,2026-01-01 12:36:00,CA,Mid-market,Desktop,Card,20.07,1,,0,0,542,0.38
pay_000239683,m_03248,c_0139641,2026-01-01 12:37:00,DE,SMB,Mobile,Card,37.75,1,,0,0,282,0.72
pay_000453435,m_00616,c_0063203,2026-01-01 12:37:00,US,Mid-market,Mobile,Card,99.4,1,,0,0,786,1.89
pay_000440752,m_04774,c_0001602,2026-01-01 12:38:00,AU,SMB,Desktop,Wallet,22.44,1,,0,0,668,0.43
pay_000219225,m_02548,c_0087370,2026-01-01 12:39:00,CA,Mid-market,Mobile,Card,164.48,1,,0,0,325,3.13
pay_000892700,m_02429,c_0156815,2026-01-01 12:39:00,AU,SMB,Desktop,Wallet,5.27,0,insufficient_funds,0,0,930,0.0
pay_000497477,m_00401,c_0026943,2026-01-01 12:40:00,AU,SMB,Mobile,Card,12.19,1,,0,0,821,0.23
pay_000088262,m_03140,c_0025625,2026-01-01 12:40:00,GB,Mid-market,Mobile,Wallet,14.8,1,,0,0,639,0.28
pay_000696780,m_04049,c_0011568,2026-01-01 12:40:00,AU,SMB,Mobile,Card,28.91,0,issuer_decline,0,0,978,0.0
pay_000330175,m_00375,c_0093457,2026-01-01 12:40:00,DE,Mid-market,Mobile,Bank debit,40.01,1,,0,0,863,0.76
pay_000950709,m_03945,c_0035676,2026-01-01 12:41:00,AU,SMB,Desktop,Card,13.22,1,,0,0,693,0.25
pay_000554004,m_01784,c_0083083,2026-01-01 12:41:00,DE,SMB,Mobile,Card,63.34,1,,0,0,736,1.2
pay_000061812,m_02768,c_0007828,2026-01-01 12:42:00,US,Mid-market,Desktop,Card,45.1,1,,0,0,566,0.86
pay_000879683,m_03947,c_0052850,2026-01-01 12:42:00,US,SMB,Desktop,Wallet,15.28,1,,0,0,425,0.29
pay_000307459,m_02992,c_0144987,2026-01-01 12:42:00,DE,SMB,Desktop,Wallet,20.93,1,,0,0,1011,0.4
pay_000132002,m_04672,c_0001431,2026-01-01 12:42:00,GB,Mid-market,Desktop,Wallet,26.19,1,,0,0,817,0.5
pay_000288076,m_03111,c_0118503,2026-01-01 12:42:00,US,SMB,Desktop,Wallet,45.95,1,,0,0,208,0.87
pay_000463568,m_01043,c_0164908,2026-01-01 12:42:00,US,Mid-market,Desktop,Wallet,62.42,1,,0,0,803,1.19
pay_000753426,m_01181,c_0016206,2026-01-01 12:42:00,GB,Mid-market,Mobile,Card,17.6,1,,0,0,1153,0.33
pay_000209646,m_03002,c_0138469,2026-01-01 12:43:00,DE,Mid-market,Mobile,Card,20.07,1,,0,0,733,0.38
pay_000939562,m_01126,c_0032004,2026-01-01 12:44:00,AU,SMB,Mobile,Wallet,68.99,1,,0,0,873,1.31
pay_000686111,m_04343,c_0000812,2026-01-01 12:45:00,AU,SMB,Desktop,Card,42.97,1,,0,0,616,0.82
pay_000238874,m_01042,c_0141165,2026-01-01 12:45:00,GB,SMB,Mobile,Wallet,34.64,1,,0,0,563,0.66
pay_000194068,m_03505,c_0041782,2026-01-01 12:46:00,US,Mid-market,Desktop,Card,50.69,1,,0,0,849,0.96
pay_000406608,m_01995,c_0035565,2026-01-01 12:46:00,GB,SMB,Mobile,Wallet,4.73,1,,0,0,663,0.09
pay_000696031,m_02137,c_0155268,2026-01-01 12:46:00,US,SMB,Mobile,Card,27.11,1,,0,0,741,0.52
pay_000402505,m_01334,c_0055441,2026-01-01 12:47:00,GB,Mid-market,Desktop,Card,27.29,1,,0,0,489,0.52
pay_000226855,m_03152,c_0021197,2026-01-01 12:47:00,US,SMB,Mobile,Bank debit,112.14,1,,0,0,1135,2.13
pay_000191375,m_00074,c_0071401,2026-01-01 12:47:00,US,Mid-market,Mobile,Card,36.57,1,,0,0,434,0.69
pay_000818582,m_04426,c_0086807,2026-01-01 12:47:00,DE,SMB,Desktop,Card,28.22,1,,0,0,535,0.54
pay_000375721,m_01431,c_0023353,2026-01-01 12:47:00,AU,SMB,Mobile,Card,24.84,1,,0,0,566,0.47
pay_000792032,m_00308,c_0159675,2026-01-01 12:47:00,DE,SMB,Mobile,Bank debit,40.55,1,,0,0,1234,0.77
pay_000700996,m_00495,c_0135395,2026-01-01 12:48:00,GB,SMB,Desktop,Card,76.0,1,,0,0,720,1.44
pay_000177753,m_01856,c_0099991,2026-01-01 12:48:00,CA,Enterprise,Desktop,Card,122.3,1,,0,0,1220,2.32
pay_000543117,m_00814,c_0100997,2026-01-01 12:48:00,DE,SMB,Mobile,Card,61.0,1,,0,0,1004,1.16
pay_000225584,m_00123,c_0073226,2026-01-01 12:48:00,US,SMB,Mobile,Bank debit,117.41,1,,0,0,868,2.23
pay_000968090,m_03021,c_0112780,2026-01-01 12:48:00,US,Mid-market,Mobile,Wallet,64.76,1,,1,0,604,1.23
pay_000223577,m_03393,c_0121078,2026-01-01 12:48:00,US,Mid-market,Desktop,Wallet,23.93,1,,0,0,250,0.45
pay_000420945,m_02101,c_0079719,2026-01-01 12:49:00,AU,Mid-market,Desktop,Wallet,15.72,1,,0,0,806,0.3
pay_000609011,m_03991,c_0000316,2026-01-01 12:49:00,US,SMB,Mobile,Card,34.03,1,,0,0,727,0.65
pay_000462229,m_02625,c_0024523,2026-01-01 12:50:00,US,Mid-market,Desktop,Card,29.1,1,,0,0,767,0.55
pay_000853513,m_00203,c_0173753,2026-01-01 12:51:00,US,Mid-market,Mobile,Wallet,20.23,1,,0,0,774,0.38
pay_000983558,m_02572,c_0162524,2026-01-01 12:51:00,DE,SMB,Desktop,Card,60.43,1,,0,0,570,1.15
pay_000596782,m_04641,c_0077772,2026-01-01 12:51:00,CA,Enterprise,Desktop,Card,63.24,1,,0,0,800,1.2
pay_000447238,m_03393,c_0093420,2026-01-01 12:52:00,AU,SMB,Mobile,Card,59.17,1,,0,1,943,1.12
pay_000235024,m_01427,c_0066852,2026-01-01 12:52:00,US,Mid-market,Mobile,Card,14.51,1,,0,0,1040,0.28
pay_000736738,m_02584,c_0076144,2026-01-01 12:53:00,US,Mid-market,Mobile,Card,25.52,1,,0,0,680,0.48
pay_000245777,m_04787,c_0109263,2026-01-01 12:53:00,CA,Mid-market,Mobile,Wallet,55.5,1,,0,0,594,1.05
pay_000711736,m_01457,c_0151165,2026-01-01 12:53:00,US,SMB,Desktop,Card,27.23,1,,0,0,632,0.52
pay_000319678,m_00235,c_0097053,2026-01-01 12:54:00,US,SMB,Desktop,Wallet,3.71,1,,0,0,818,0.07
pay_000259015,m_03035,c_0004062,2026-01-01 12:54:00,US,Mid-market,Desktop,Card,28.98,1,,0,0,265,0.55
pay_000609766,m_01998,c_0000343,2026-01-01 12:54:00,US,Mid-market,Desktop,BNPL,11.21,1,,0,0,276,0.21
pay_000115969,m_02672,c_0029461,2026-01-01 12:54:00,GB,Enterprise,Mobile,Card,29.94,1,,0,0,435,0.57
pay_000821002,m_01565,c_0009807,2026-01-01 12:55:00,DE,Mid-market,Mobile,Card,81.33,1,,0,0,335,1.55
pay_000456790,m_03759,c_0009112,2026-01-01 12:55:00,AU,SMB,Desktop,Card,61.36,1,,0,0,917,1.17
pay_000221101,m_02351,c_0025471,2026-01-01 12:55:00,CA,SMB,Mobile,Wallet,34.94,1,,1,0,621,0.66
pay_000988907,m_04200,c_0154729,2026-01-01 12:56:00,CA,Mid-market,Desktop,Bank debit,22.69,1,,0,0,812,0.43
pay_000841976,m_00062,c_0002963,2026-01-01 12:56:00,GB,SMB,Desktop,Card,20.06,1,,0,0,610,0.38
pay_000797474,m_04947,c_0059222,2026-01-01 12:57:00,CA,SMB,Mobile,Bank debit,13.66,1,,0,0,558,0.26
pay_000728553,m_02172,c_0127210,2026-01-01 12:57:00,US,SMB,Mobile,Wallet,7.13,1,,0,0,1416,0.14
pay_000446266,m_02154,c_0065848,2026-01-01 12:58:00,US,SMB,Mobile,Card,69.34,1,,0,0,655,1.32
pay_000541835,m_03242,c_0165072,2026-01-01 12:58:00,US,Enterprise,Mobile,Card,137.36,1,,0,0,469,2.61
pay_000714325,m_04008,c_0004409,2026-01-01 12:58:00,US,SMB,Mobile,Card,22.15,1,,0,0,654,0.42
pay_000174442,m_00153,c_0086606,2026-01-01 12:58:00,DE,Mid-market,Mobile,Card,137.71,1,,0,0,1037,2.62
pay_000459411,m_01589,c_0133817,2026-01-01 12:58:00,DE,Mid-market,Mobile,Card,28.33,1,,0,0,765,0.54
pay_000329574,m_00686,c_0144072,2026-01-01 12:58:00,GB,Enterprise,Mobile,Wallet,56.77,1,,0,0,627,1.08
pay_000277379,m_00257,c_0054717,2026-01-01 12:59:00,US,Enterprise,Mobile,Card,80.74,1,,0,0,525,1.53
pay_000904493,m_02573,c_0048532,2026-01-01 12:59:00,GB,SMB,Mobile,Card,13.79,1,,0,0,930,0.26
pay_000491555,m_02352,c_0111612,2026-01-01 12:59:00,DE,Mid-market,Mobile,Card,49.92,1,,0,0,342,0.95
pay_000944809,m_02044,c_0073550,2026-01-01 12:59:00,US,Mid-market,Mobile,Card,95.47,1,,1,0,359,1.81
pay_000821901,m_03971,c_0112860,2026-01-01 13:00:00,US,Enterprise,Mobile,Bank debit,25.96,1,,0,0,871,0.49
pay_000722125,m_02691,c_0060442,2026-01-01 13:00:00,US,SMB,Mobile,Card,88.5,1,,0,0,482,1.68
pay_000757805,m_02901,c_0052105,2026-01-01 13:00:00,AU,SMB,Mobile,Bank debit,32.04,1,,0,0,1137,0.61
pay_000451620,m_00347,c_0176503,2026-01-01 13:02:00,CA,SMB,Desktop,Wallet,103.97,1,,0,0,558,1.98
pay_000008838,m_00653,c_0124137,2026-01-01 13:02:00,US,Enterprise,Mobile,Card,21.06,1,,0,0,971,0.4
pay_000518231,m_03082,c_0106388,2026-01-01 13:04:00,US,SMB,Mobile,Card,15.09,1,,0,0,1037,0.29
pay_000025051,m_02698,c_0098070,2026-01-01 13:04:00,AU,SMB,Mobile,Card,22.97,1,,0,0,319,0.44
pay_000660941,m_03910,c_0052119,2026-01-01 13:06:00,GB,SMB,Desktop,Card,9.83,1,,0,0,906,0.19
pay_000074932,m_02180,c_0038026,2026-01-01 13:07:00,US,SMB,Mobile,Card,6.92,1,,0,0,1088,0.13
pay_000924800,m_01828,c_0086318,2026-01-01 13:07:00,US,SMB,Mobile,Wallet,111.4,1,,0,0,371,2.12
pay_000093964,m_01456,c_0107839,2026-01-01 13:07:00,GB,SMB,Desktop,Card,53.0,1,,0,0,615,1.01
pay_000782108,m_01437,c_0003086,2026-01-01 13:07:00,DE,Mid-market,Mobile,Card,54.92,1,,0,0,862,1.04
pay_000311444,m_04609,c_0112644,2026-01-01 13:07:00,CA,SMB,Mobile,Card,12.09,1,,0,0,1089,0.23
pay_000292460,m_00395,c_0037726,2026-01-01 13:07:00,US,Enterprise,Mobile,BNPL,36.28,1,,0,0,968,0.69
pay_000867683,m_00180,c_0118317,2026-01-01 13:08:00,US,SMB,Mobile,Card,79.21,1,,0,0,943,1.5
pay_000480818,m_00841,c_0053993,2026-01-01 13:08:00,US,SMB,Desktop,Card,45.74,1,,0,0,789,0.87
pay_000426298,m_00760,c_0117314,2026-01-01 13:09:00,GB,Mid-market,Desktop,Card,64.87,1,,0,0,878,1.23
pay_000725715,m_04741,c_0141957,2026-01-01 13:09:00,US,Enterprise,Mobile,Card,25.68,1,,0,0,627,0.49
pay_000582919,m_02415,c_0064210,2026-01-01 13:09:00,GB,SMB,Mobile,Card,35.81,1,,0,0,587,0.68
pay_000873857,m_03153,c_0049880,2026-01-01 13:10:00,US,Mid-market,Mobile,Card,47.24,1,,0,0,699,0.9
pay_000325304,m_04303,c_0122147,2026-01-01 13:10:00,US,SMB,Mobile,Card,21.88,1,,0,0,783,0.42
pay_000016030,m_00421,c_0122795,2026-01-01 13:10:00,AU,SMB,Mobile,Card,65.15,1,,0,0,971,1.24
pay_000020885,m_03264,c_0080295,2026-01-01 13:10:00,US,SMB,Mobile,Wallet,32.26,1,,0,0,788,0.61
pay_000374076,m_00509,c_0138116,2026-01-01 13:10:00,DE,SMB,Mobile,Card,15.82,1,,0,0,302,0.3
pay_000321365,m_03035,c_0114681,2026-01-01 13:11:00,US,SMB,Mobile,Card,47.63,0,suspected_fraud,0,0,852,0.0
pay_000431428,m_00005,c_0086840,2026-01-01 13:11:00,GB,Enterprise,Mobile,Card,63.42,1,,0,0,702,1.2
pay_000029005,m_00363,c_0031811,2026-01-01 13:12:00,US,Mid-market,Mobile,Card,147.54,1,,0,0,818,2.8
pay_000650840,m_01359,c_0150257,2026-01-01 13:12:00,US,SMB,Mobile,Bank debit,19.01,1,,0,0,1303,0.36
pay_000648799,m_03277,c_0020810,2026-01-01 13:12:00,GB,SMB,Mobile,Wallet,45.75,1,,0,0,929,0.87
pay_000513506,m_03191,c_0026637,2026-01-01 13:12:00,CA,SMB,Mobile,Card,26.66,1,,0,0,849,0.51
pay_000854239,m_04990,c_0100514,2026-01-01 13:12:00,DE,SMB,Mobile,Card,14.41,1,,0,0,984,0.27
pay_000325497,m_00537,c_0103847,2026-01-01 13:13:00,AU,Mid-market,Desktop,Card,115.31,1,,0,0,518,2.19
pay_000843070,m_02061,c_0000793,2026-01-01 13:13:00,DE,Mid-market,Desktop,Card,30.91,1,,0,0,875,0.59
pay_000991778,m_00139,c_0118099,2026-01-01 13:13:00,AU,SMB,Mobile,Bank debit,19.13,1,,0,0,921,0.36
pay_000062069,m_02033,c_0146304,2026-01-01 13:13:00,DE,Mid-market,Mobile,Wallet,60.86,1,,0,0,774,1.16
pay_000683804,m_01444,c_0163503,2026-01-01 13:13:00,GB,SMB,Desktop,Card,38.07,1,,0,0,417,0.72
pay_000573821,m_00351,c_0115345,2026-01-01 13:13:00,DE,SMB,Mobile,Wallet,32.52,1,,0,0,554,0.62
pay_000126542,m_02247,c_0086070,2026-01-01 13:14:00,US,Enterprise,Mobile,Card,44.86,1,,0,0,793,0.85
pay_000355125,m_03346,c_0146219,2026-01-01 13:15:00,DE,SMB,Mobile,BNPL,54.5,1,,0,0,580,1.04
pay_000881558,m_02483,c_0041550,2026-01-01 13:16:00,GB,SMB,Mobile,Card,33.18,1,,0,0,706,0.63
pay_000244453,m_02598,c_0014139,2026-01-01 13:16:00,US,SMB,Desktop,Card,64.98,1,,0,0,743,1.23
pay_000803119,m_02945,c_0069601,2026-01-01 13:16:00,GB,SMB,Desktop,Wallet,103.43,1,,0,0,324,1.97
pay_000428510,m_03700,c_0077617,2026-01-01 13:16:00,CA,Mid-market,Mobile,Wallet,43.61,1,,0,0,728,0.83
pay_000821916,m_03037,c_0016135,2026-01-01 13:16:00,AU,SMB,Desktop,Wallet,39.63,1,,0,0,571,0.75
pay_000712696,m_00553,c_0136464,2026-01-01 13:16:00,GB,Enterprise,Mobile,Card,47.22,1,,0,0,585,0.9
pay_000931096,m_00349,c_0027477,2026-01-01 13:17:00,GB,SMB,Desktop,Card,10.68,1,,0,0,892,0.2
pay_000080575,m_03578,c_0008268,2026-01-01 13:17:00,GB,Mid-market,Desktop,Card,423.05,1,,0,0,963,8.04
pay_000689816,m_01156,c_0105581,2026-01-01 13:18:00,CA,SMB,Desktop,Card,17.32,1,,0,0,803,0.33
pay_000758137,m_01776,c_0024849,2026-01-01 13:18:00,CA,SMB,Mobile,BNPL,17.42,0,insufficient_funds,0,0,816,0.0
pay_000651253,m_01184,c_0134486,2026-01-01 13:18:00,US,Enterprise,Desktop,Wallet,118.79,1,,0,0,1018,2.26
pay_000082010,m_04561,c_0063317,2026-01-01 13:19:00,GB,SMB,Mobile,Card,8.02,1,,0,0,574,0.15
pay_000365388,m_04999,c_0170227,2026-01-01 13:19:00,US,Enterprise,Desktop,Card,41.15,1,,0,0,731,0.78
pay_000061679,m_04317,c_0168184,2026-01-01 13:19:00,US,SMB,Mobile,Card,30.32,1,,0,0,709,0.58
pay_000597800,m_01228,c_0043473,2026-01-01 13:19:00,CA,SMB,Desktop,Card,51.32,1,,0,0,458,0.98
pay_000416283,m_04764,c_0005620,2026-01-01 13:20:00,US,SMB,Mobile,Card,839.89,1,,1,0,503,15.96
pay_000026132,m_02119,c_0178235,2026-01-01 13:21:00,AU,Mid-market,Mobile,Wallet,148.79,1,,0,0,577,2.83
pay_000563977,m_00972,c_0156198,2026-01-01 13:21:00,CA,Enterprise,Mobile,Card,209.69,1,,0,0,771,3.98
pay_000143177,m_03213,c_0140175,2026-01-01 13:22:00,US,SMB,Mobile,Card,64.38,0,issuer_decline,0,0,910,0.0
pay_000654573,m_04008,c_0131811,2026-01-01 13:23:00,CA,Mid-market,Desktop,Wallet,34.17,1,,0,0,696,0.65
pay_000050080,m_03930,c_0126689,2026-01-01 13:24:00,US,SMB,Desktop,Card,26.56,1,,0,0,855,0.5
pay_000686678,m_00307,c_0079053,2026-01-01 13:24:00,AU,SMB,Desktop,Card,27.16,1,,0,0,885,0.52
pay_000485359,m_04513,c_0098665,2026-01-01 13:24:00,AU,Enterprise,Desktop,Wallet,84.76,1,,0,0,770,1.61
pay_000949915,m_00523,c_0010668,2026-01-01 13:25:00,US,Mid-market,Mobile,Wallet,83.24,1,,0,0,894,1.58
pay_000914573,m_04776,c_0076559,2026-01-01 13:25:00,DE,SMB,Mobile,Wallet,158.3,1,,0,0,827,3.01
pay_000605066,m_01977,c_0004784,2026-01-01 13:26:00,US,Mid-market,Mobile,Wallet,67.22,1,,0,0,804,1.28
pay_000358724,m_02614,c_0146030,2026-01-01 13:26:00,DE,SMB,Mobile,Card,9.74,1,,0,0,809,0.19
pay_000707011,m_03037,c_0151703,2026-01-01 13:26:00,DE,SMB,Desktop,Card,29.21,1,,0,0,474,0.55
pay_000764894,m_02015,c_0163446,2026-01-01 13:26:00,AU,SMB,Mobile,Wallet,14.88,1,,0,0,663,0.28
pay_000677669,m_01353,c_0085263,2026-01-01 13:27:00,US,Enterprise,Mobile,Card,574.63,1,,0,0,827,10.92
pay_000001996,m_04390,c_0179012,2026-01-01 13:27:00,US,SMB,Mobile,Wallet,70.95,1,,0,0,436,1.35
pay_000588621,m_02764,c_0121964,2026-01-01 13:27:00,US,SMB,Mobile,Card,9.08,1,,0,0,675,0.17
pay_000221703,m_02672,c_0108765,2026-01-01 13:28:00,AU,Enterprise,Mobile,Card,43.22,1,,0,0,371,0.82
pay_000223433,m_03334,c_0054056,2026-01-01 13:28:00,DE,Mid-market,Mobile,Card,30.57,1,,0,0,876,0.58
pay_000251799,m_00839,c_0128734,2026-01-01 13:28:00,US,Mid-market,Desktop,Card,7.74,1,,0,0,665,0.15
pay_000230066,m_04135,c_0097253,2026-01-01 13:28:00,DE,SMB,Desktop,Card,36.62,1,,0,0,689,0.7
pay_000271400,m_00238,c_0089287,2026-01-01 13:28:00,US,Enterprise,Desktop,Card,36.96,1,,0,0,728,0.7
pay_000992699,m_03402,c_0061846,2026-01-01 13:28:00,AU,Mid-market,Mobile,Wallet,62.17,1,,0,0,670,1.18
pay_000708560,m_02460,c_0098995,2026-01-01 13:29:00,AU,Mid-market,Mobile,Card,124.22,1,,0,0,818,2.36
pay_000136270,m_02898,c_0069566,2026-01-01 13:29:00,GB,SMB,Mobile,Wallet,13.45,1,,0,0,905,0.26
pay_000333152,m_03651,c_0143148,2026-01-01 13:29:00,AU,Mid-market,Mobile,Bank debit,29.35,1,,0,0,1086,0.56
pay_000712683,m_03123,c_0126035,2026-01-01 13:30:00,US,Mid-market,Mobile,Bank debit,47.3,1,,0,0,883,0.9
pay_000258763,m_01164,c_0138857,2026-01-01 13:30:00,AU,Enterprise,Desktop,Card,116.85,1,,0,0,811,2.22
pay_000982322,m_02939,c_0164987,2026-01-01 13:30:00,US,SMB,Mobile,BNPL,21.94,1,,0,0,639,0.42
pay_000751482,m_00609,c_0157520,2026-01-01 13:31:00,DE,SMB,Desktop,Card,138.63,1,,0,0,812,2.63
pay_000148349,m_02072,c_0043988,2026-01-01 13:31:00,CA,Mid-market,Mobile,Card,51.35,1,,0,0,740,0.98
pay_000479541,m_00849,c_0102204,2026-01-01 13:31:00,US,SMB,Desktop,Card,22.6,1,,0,0,764,0.43
pay_000164068,m_04710,c_0092215,2026-01-01 13:33:00,US,SMB,Mobile,Card,32.97,1,,0,0,351,0.63
pay_000424644,m_00973,c_0094325,2026-01-01 13:33:00,US,Mid-market,Desktop,Card,17.66,1,,0,0,284,0.34
pay_000501521,m_02874,c_0014423,2026-01-01 13:33:00,CA,SMB,Mobile,Card,39.18,1,,0,0,948,0.74
pay_000492330,m_01477,c_0150156,2026-01-01 13:34:00,US,Enterprise,Mobile,Wallet,79.51,1,,0,0,708,1.51
pay_000307979,m_04092,c_0063545,2026-01-01 13:34:00,GB,SMB,Desktop,Card,46.11,1,,0,0,1182,0.88
pay_000454290,m_04380,c_0099239,2026-01-01 13:34:00,AU,SMB,Desktop,Card,40.4,1,,0,0,671,0.77
pay_000793756,m_02499,c_0073180,2026-01-01 13:35:00,US,Mid-market,Desktop,Card,27.82,1,,0,0,423,0.53
pay_000364733,m_02983,c_0106262,2026-01-01 13:35:00,US,Mid-market,Mobile,Card,24.93,1,,0,0,796,0.47
pay_000289978,m_03850,c_0056990,2026-01-01 13:35:00,US,SMB,Mobile,Card,18.28,1,,0,0,697,0.35
pay_000076704,m_04117,c_0145717,2026-01-01 13:35:00,CA,SMB,Desktop,Card,3.8,1,,0,0,452,0.07
pay_000180606,m_02218,c_0069660,2026-01-01 13:36:00,CA,SMB,Mobile,Bank debit,11.55,1,,0,0,1232,0.22
pay_000183277,m_03862,c_0171656,2026-01-01 13:36:00,GB,Enterprise,Mobile,Bank debit,174.1,1,,0,0,1002,3.31
pay_000047335,m_00522,c_0132091,2026-01-01 13:36:00,US,SMB,Mobile,Bank debit,48.53,1,,0,0,1097,0.92
pay_000201756,m_01980,c_0020011,2026-01-01 13:36:00,CA,SMB,Mobile,Bank debit,82.4,1,,0,0,1278,1.57
pay_000809821,m_04420,c_0009996,2026-01-01 13:37:00,DE,Enterprise,Mobile,Card,72.44,0,insufficient_funds,0,0,460,0.0
pay_000982354,m_02961,c_0088791,2026-01-01 13:37:00,GB,SMB,Desktop,Card,23.32,1,,0,0,739,0.44
pay_000502881,m_00398,c_0131443,2026-01-01 13:37:00,GB,SMB,Mobile,Card,58.11,1,,0,0,536,1.1
pay_000517140,m_03668,c_0019864,2026-01-01 13:38:00,AU,Enterprise,Mobile,Bank debit,136.67,1,,0,0,1274,2.6
pay_000574201,m_03978,c_0067437,2026-01-01 13:38:00,US,Mid-market,Desktop,Card,115.2,1,,0,0,1168,2.19
pay_000241108,m_02018,c_0129434,2026-01-01 13:39:00,US,Mid-market,Desktop,Bank debit,17.68,1,,0,0,773,0.34
pay_000926119,m_01305,c_0101362,2026-01-01 13:39:00,US,SMB,Mobile,Card,28.57,1,,0,0,883,0.54
pay_000271205,m_02758,c_0170125,2026-01-01 13:39:00,CA,SMB,Mobile,Wallet,16.97,1,,0,0,511,0.32
pay_000281751,m_02371,c_0085130,2026-01-01 13:39:00,US,Enterprise,Mobile,Wallet,147.98,1,,0,0,790,2.81
pay_000498765,m_04556,c_0179870,2026-01-01 13:39:00,DE,Mid-market,Desktop,Wallet,106.41,1,,0,0,672,2.02
pay_000874196,m_02569,c_0071239,2026-01-01 13:40:00,US,Mid-market,Desktop,Card,393.34,1,,0,0,799,7.47
pay_000221611,m_00624,c_0006663,2026-01-01 13:40:00,US,Enterprise,Mobile,Bank debit,166.01,1,,0,0,986,3.15
pay_000630617,m_03867,c_0114502,2026-01-01 13:40:00,DE,SMB,Mobile,Bank debit,52.85,1,,0,0,1265,1.0
pay_000464198,m_01328,c_0173699,2026-01-01 13:40:00,US,SMB,Mobile,Card,140.53,1,,0,0,568,2.67
pay_000198672,m_04892,c_0116746,2026-01-01 13:40:00,US,Enterprise,Mobile,Wallet,27.14,1,,0,0,691,0.52
pay_000931419,m_04908,c_0022829,2026-01-01 13:40:00,GB,SMB,Desktop,Card,6.97,1,,0,0,946,0.13
pay_000035982,m_02033,c_0098523,2026-01-01 13:41:00,US,SMB,Mobile,Card,31.98,1,,0,0,845,0.61
pay_000195679,m_03135,c_0069919,2026-01-01 13:41:00,GB,SMB,Mobile,BNPL,36.75,1,,0,0,1010,0.7
pay_000084855,m_02010,c_0175416,2026-01-01 13:41:00,US,Mid-market,Desktop,Wallet,4.23,1,,0,0,652,0.08
pay_000111571,m_02039,c_0139659,2026-01-01 13:42:00,AU,SMB,Mobile,Card,16.36,1,,0,0,305,0.31
pay_000969493,m_04581,c_0058955,2026-01-01 13:42:00,US,SMB,Desktop,Card,26.22,1,,1,0,535,0.5
pay_000294599,m_01696,c_0036948,2026-01-01 13:42:00,US,SMB,Mobile,Card,122.18,1,,0,0,710,2.32
pay_000645155,m_00837,c_0006508,2026-01-01 13:42:00,AU,SMB,Mobile,Card,21.13,1,,0,0,664,0.4
pay_000069063,m_02706,c_0098782,2026-01-01 13:42:00,US,Mid-market,Desktop,Card,38.07,1,,0,0,637,0.72
pay_000106939,m_03999,c_0016088,2026-01-01 13:43:00,US,Mid-market,Desktop,Card,32.88,1,,0,0,470,0.62
pay_000911155,m_04665,c_0095807,2026-01-01 13:44:00,GB,Enterprise,Mobile,Card,106.15,1,,0,0,1051,2.02
pay_000322165,m_00946,c_0102096,2026-01-01 13:44:00,US,Mid-market,Mobile,Wallet,134.56,0,issuer_decline,0,0,432,0.0
pay_000872462,m_01755,c_0057926,2026-01-01 13:44:00,GB,SMB,Mobile,Card,54.91,1,,0,0,562,1.04
pay_000288427,m_00433,c_0176422,2026-01-01 13:44:00,AU,Mid-market,Mobile,Card,16.84,1,,0,0,684,0.32
pay_000485936,m_00545,c_0137069,2026-01-01 13:45:00,US,SMB,Mobile,Card,40.62,1,,0,0,646,0.77
pay_000234734,m_00103,c_0170457,2026-01-01 13:45:00,US,Enterprise,Mobile,Card,31.2,1,,0,0,695,0.59
pay_000181691,m_01665,c_0022749,2026-01-01 13:46:00,GB,SMB,Mobile,Card,16.26,1,,0,0,655,0.31
pay_000045025,m_02637,c_0161553,2026-01-01 13:47:00,CA,Mid-market,Desktop,Card,65.1,1,,0,0,745,1.24
pay_000366589,m_02574,c_0006811,2026-01-01 13:47:00,US,Mid-market,Desktop,Card,36.48,1,,0,0,1051,0.69
pay_000512985,m_01429,c_0005187,2026-01-01 13:47:00,AU,SMB,Mobile,Card,17.73,1,,0,0,747,0.34
pay_000471764,m_02921,c_0124065,2026-01-01 13:48:00,US,Mid-market,Mobile,Card,34.05,1,,0,1,949,0.65
pay_000160139,m_03001,c_0105521,2026-01-01 13:48:00,US,SMB,Mobile,Wallet,38.82,1,,0,0,800,0.74
pay_000972736,m_02308,c_0130093,2026-01-01 13:48:00,US,SMB,Mobile,Card,45.87,1,,0,0,100,0.87
pay_000087344,m_03839,c_0072549,2026-01-01 13:48:00,DE,SMB,Mobile,Card,118.27,1,,0,0,649,2.25
pay_000762311,m_03958,c_0068689,2026-01-01 13:49:00,US,SMB,Desktop,Bank debit,20.43,1,,0,0,742,0.39
pay_000491001,m_04769,c_0051721,2026-01-01 13:49:00,DE,Mid-market,Desktop,Wallet,10.44,1,,0,0,1008,0.2
pay_000988218,m_01142,c_0102624,2026-01-01 13:49:00,GB,SMB,Desktop,Card,150.7,1,,1,0,957,2.86
pay_000623362,m_04467,c_0164368,2026-01-01 13:49:00,DE,SMB,Mobile,Card,22.49,1,,0,0,752,0.43
pay_000192167,m_03237,c_0179731,2026-01-01 13:49:00,AU,Mid-market,Mobile,Card,40.89,1,,0,0,921,0.78
pay_000844693,m_01557,c_0111163,2026-01-01 13:50:00,CA,SMB,Mobile,Wallet,56.02,0,suspected_fraud,0,0,612,0.0
pay_000078866,m_04079,c_0129746,2026-01-01 13:50:00,GB,SMB,Desktop,Card,19.44,1,,0,0,951,0.37
pay_000995799,m_01961,c_0076542,2026-01-01 13:51:00,US,SMB,Mobile,Card,102.87,1,,0,0,601,1.95
pay_000716894,m_03990,c_0162835,2026-01-01 13:51:00,US,Mid-market,Mobile,Card,13.5,1,,0,0,851,0.26
pay_000651551,m_02282,c_0004283,2026-01-01 13:51:00,US,SMB,Desktop,Wallet,134.32,1,,0,0,486,2.55
pay_000304225,m_04035,c_0038608,2026-01-01 13:51:00,CA,Mid-market,Mobile,Bank debit,29.06,1,,0,0,1121,0.55
pay_000816977,m_03933,c_0048332,2026-01-01 13:52:00,CA,Enterprise,Mobile,Card,415.98,1,,0,0,790,7.9
pay_000686115,m_00526,c_0138711,2026-01-01 13:52:00,CA,SMB,Mobile,Card,67.1,0,issuer_decline,0,0,1013,0.0
pay_000643200,m_04371,c_0015143,2026-01-01 13:53:00,US,SMB,Mobile,Card,7.86,1,,0,0,770,0.15
pay_000333090,m_04472,c_0025301,2026-01-01 13:53:00,DE,SMB,Desktop,Wallet,72.5,1,,0,0,1166,1.38
pay_000712838,m_03578,c_0083762,2026-01-01 13:54:00,US,Mid-market,Mobile,Card,12.3,1,,0,0,512,0.23
pay_000811766,m_04193,c_0037680,2026-01-01 13:54:00,AU,SMB,Mobile,Card,59.45,1,,0,0,911,1.13
pay_000006741,m_00536,c_0105050,2026-01-01 13:55:00,US,Enterprise,Mobile,Card,137.68,1,,1,0,794,2.62
pay_000797814,m_03103,c_0043227,2026-01-01 13:55:00,GB,SMB,Mobile,Card,39.86,1,,0,0,906,0.76
pay_000476124,m_02472,c_0005428,2026-01-01 13:56:00,US,SMB,Mobile,Bank debit,6.59,1,,0,0,392,0.13
pay_000955636,m_04073,c_0154549,2026-01-01 13:56:00,US,SMB,Desktop,Card,57.6,1,,0,0,516,1.09
pay_000213090,m_04131,c_0167120,2026-01-01 13:57:00,US,SMB,Mobile,BNPL,59.69,1,,0,0,895,1.13
pay_000095661,m_00517,c_0096729,2026-01-01 13:57:00,US,SMB,Mobile,Card,39.22,1,,0,0,1014,0.75
pay_000208215,m_01772,c_0082186,2026-01-01 13:57:00,US,SMB,Desktop,Card,18.05,1,,0,0,748,0.34
pay_000092639,m_04583,c_0031211,2026-01-01 13:58:00,US,SMB,Desktop,Bank debit,21.66,0,insufficient_funds,0,0,801,0.0
pay_000399035,m_01603,c_0057064,2026-01-01 13:58:00,US,SMB,Mobile,Bank debit,89.08,1,,0,0,806,1.69
pay_000422103,m_01721,c_0179164,2026-01-01 13:58:00,US,Mid-market,Mobile,Card,45.74,1,,0,0,601,0.87
pay_000997680,m_04073,c_0117839,2026-01-01 13:58:00,US,SMB,Mobile,Card,3.85,1,,0,0,1066,0.07
pay_000831396,m_02910,c_0008177,2026-01-01 13:59:00,US,SMB,Desktop,Card,3.0,1,,0,0,932,0.06
pay_000447517,m_02675,c_0042393,2026-01-01 13:59:00,GB,SMB,Mobile,Card,100.17,1,,0,0,321,1.9
pay_000057796,m_04990,c_0153403,2026-01-01 13:59:00,CA,Mid-market,Desktop,Wallet,162.4,1,,0,0,969,3.09
pay_000277214,m_03019,c_0084090,2026-01-01 14:00:00,GB,SMB,Mobile,Card,21.0,1,,0,0,932,0.4
pay_000483699,m_03657,c_0007588,2026-01-01 14:00:00,CA,SMB,Desktop,Wallet,52.49,1,,0,0,601,1.0
pay_000389199,m_02945,c_0002121,2026-01-01 14:00:00,US,SMB,Mobile,Card,7.35,1,,0,0,749,0.14
pay_000249372,m_03326,c_0157719,2026-01-01 14:01:00,CA,SMB,Desktop,Card,29.21,1,,0,0,892,0.55
pay_000016598,m_03983,c_0089094,2026-01-01 14:02:00,GB,Mid-market,Desktop,Card,54.05,1,,0,0,634,1.03
pay_000674492,m_01976,c_0064601,2026-01-01 14:02:00,CA,Mid-market,Desktop,Card,73.99,1,,0,0,765,1.41
pay_000408067,m_03172,c_0144230,2026-01-01 14:02:00,GB,Enterprise,Mobile,Bank debit,28.03,1,,0,0,1053,0.53
pay_000251880,m_00587,c_0113127,2026-01-01 14:03:00,AU,SMB,Desktop,Card,24.14,1,,0,0,442,0.46
pay_000917278,m_01959,c_0032285,2026-01-01 14:03:00,US,Mid-market,Desktop,Card,85.25,1,,0,0,591,1.62
pay_000012806,m_00497,c_0089654,2026-01-01 14:03:00,CA,SMB,Desktop,Wallet,18.88,1,,0,0,359,0.36
pay_000269179,m_04363,c_0163809,2026-01-01 14:04:00,US,Enterprise,Desktop,Bank debit,40.61,1,,0,0,931,0.77
pay_000144679,m_01330,c_0019423,2026-01-01 14:04:00,GB,Mid-market,Desktop,Card,44.95,1,,0,0,696,0.85
pay_000012215,m_04977,c_0105521,2026-01-01 14:04:00,CA,SMB,Desktop,Wallet,23.85,1,,0,0,724,0.45
pay_000847310,m_00999,c_0064569,2026-01-01 14:04:00,US,Mid-market,Mobile,Card,14.92,1,,0,0,1224,0.28
pay_000586314,m_03122,c_0013604,2026-01-01 14:05:00,CA,Enterprise,Mobile,Card,9.78,1,,0,0,677,0.19
pay_000405333,m_02054,c_0036255,2026-01-01 14:05:00,US,SMB,Mobile,Card,7.89,1,,0,0,956,0.15
pay_000586879,m_02118,c_0065732,2026-01-01 14:05:00,US,SMB,Desktop,Card,64.8,1,,0,0,835,1.23
pay_000603226,m_04226,c_0043160,2026-01-01 14:06:00,GB,SMB,Mobile,Card,38.29,1,,0,0,738,0.73
pay_000888825,m_03001,c_0138775,2026-01-01 14:06:00,AU,Enterprise,Mobile,Card,3.52,1,,0,0,453,0.07
pay_000913996,m_04708,c_0057246,2026-01-01 14:06:00,US,Mid-market,Desktop,Card,104.39,1,,0,0,420,1.98
pay_000397728,m_04245,c_0045497,2026-01-01 14:07:00,AU,SMB,Mobile,Card,233.73,1,,0,0,355,4.44
pay_000513340,m_04487,c_0135619,2026-01-01 14:07:00,CA,Mid-market,Mobile,Card,40.65,1,,0,0,896,0.77
pay_000780539,m_01540,c_0087829,2026-01-01 14:07:00,GB,SMB,Mobile,Wallet,34.58,0,expired_card,0,0,524,0.0
pay_000344263,m_04333,c_0122200,2026-01-01 14:08:00,CA,SMB,Mobile,Card,20.44,1,,0,0,709,0.39
pay_000190698,m_04406,c_0153822,2026-01-01 14:08:00,CA,Mid-market,Mobile,Bank debit,7.24,1,,0,0,881,0.14
pay_000310039,m_01882,c_0054585,2026-01-01 14:08:00,CA,SMB,Desktop,Card,148.12,1,,0,0,778,2.81
pay_000179611,m_03324,c_0165258,2026-01-01 14:08:00,US,SMB,Desktop,Card,47.5,1,,0,0,931,0.9
pay_000257185,m_02063,c_0069927,2026-01-01 14:09:00,US,SMB,Mobile,Wallet,85.22,0,expired_card,0,0,805,0.0
pay_000235822,m_02775,c_0116370,2026-01-01 14:09:00,CA,SMB,Mobile,Wallet,16.18,1,,0,0,634,0.31
pay_000123399,m_01530,c_0042264,2026-01-01 14:09:00,AU,SMB,Mobile,Card,22.86,1,,0,0,836,0.43
pay_000582117,m_04979,c_0170930,2026-01-01 14:10:00,DE,Mid-market,Desktop,Card,257.81,1,,0,0,457,4.9
pay_000075936,m_03042,c_0166124,2026-01-01 14:10:00,US,SMB,Desktop,Wallet,58.37,1,,0,0,692,1.11
pay_000876678,m_01171,c_0007470,2026-01-01 14:10:00,US,Mid-market,Mobile,Card,118.26,1,,0,0,291,2.25
pay_000210405,m_00232,c_0032245,2026-01-01 14:10:00,AU,Enterprise,Desktop,Card,90.88,1,,0,0,781,1.73
pay_000805539,m_00996,c_0161944,2026-01-01 14:11:00,US,SMB,Mobile,Card,93.33,1,,0,0,1017,1.77
pay_000826723,m_01286,c_0044653,2026-01-01 14:12:00,CA,Enterprise,Desktop,Card,28.62,0,insufficient_funds,0,0,884,0.0
pay_000750109,m_01350,c_0116037,2026-01-01 14:12:00,US,Mid-market,Mobile,Card,9.49,1,,0,0,824,0.18
pay_000706763,m_02132,c_0095149,2026-01-01 14:12:00,CA,SMB,Mobile,Card,35.37,1,,0,0,916,0.67
pay_000552435,m_04080,c_0053399,2026-01-01 14:12:00,CA,Mid-market,Mobile,Bank debit,32.93,1,,0,0,857,0.63
pay_000017918,m_04506,c_0153330,2026-01-01 14:13:00,US,SMB,Desktop,Card,4.12,1,,0,0,632,0.08
pay_000190434,m_03265,c_0065636,2026-01-01 14:13:00,US,Mid-market,Desktop,Card,18.57,1,,0,0,1006,0.35
pay_000231018,m_03635,c_0093053,2026-01-01 14:13:00,DE,Mid-market,Mobile,Card,74.21,1,,0,0,478,1.41
pay_000315313,m_01878,c_0054679,2026-01-01 14:15:00,CA,SMB,Mobile,Card,20.22,1,,0,0,662,0.38
pay_000094912,m_01578,c_0040933,2026-01-01 14:15:00,AU,Mid-market,Mobile,Card,132.54,1,,0,0,958,2.52
pay_000306029,m_02368,c_0178357,2026-01-01 14:15:00,AU,SMB,Mobile,Card,16.22,1,,0,0,322,0.31
pay_000147537,m_00620,c_0079729,2026-01-01 14:16:00,DE,SMB,Desktop,Card,20.52,1,,0,0,1040,0.39
pay_000742740,m_02830,c_0146771,2026-01-01 14:16:00,CA,SMB,Mobile,Card,8.54,1,,0,0,723,0.16
pay_000300515,m_01807,c_0072196,2026-01-01 14:16:00,AU,SMB,Desktop,Card,48.79,1,,0,0,565,0.93
pay_000584668,m_04177,c_0179760,2026-01-01 14:16:00,US,SMB,Desktop,Wallet,32.19,1,,0,0,851,0.61
pay_000409790,m_03007,c_0101183,2026-01-01 14:16:00,GB,Mid-market,Mobile,Card,85.37,0,expired_card,0,0,1028,0.0
pay_000797039,m_03851,c_0030797,2026-01-01 14:17:00,CA,SMB,Mobile,Card,66.28,1,,0,0,695,1.26
pay_000680583,m_01783,c_0105703,2026-01-01 14:17:00,US,SMB,Mobile,Card,63.2,1,,0,0,587,1.2
pay_000906647,m_02301,c_0074830,2026-01-01 14:17:00,CA,Mid-market,Mobile,Card,76.22,1,,0,0,1238,1.45
pay_000159206,m_04028,c_0111763,2026-01-01 14:18:00,US,SMB,Desktop,Wallet,44.9,1,,0,0,790,0.85
pay_000545775,m_04857,c_0126568,2026-01-01 14:18:00,AU,Enterprise,Mobile,Card,97.87,1,,0,0,369,1.86
pay_000762868,m_02071,c_0039021,2026-01-01 14:19:00,CA,SMB,Mobile,Bank debit,54.02,1,,0,0,925,1.03
pay_000263701,m_00388,c_0091830,2026-01-01 14:19:00,US,Mid-market,Mobile,Card,20.24,1,,0,0,974,0.38
pay_000495141,m_00228,c_0162174,2026-01-01 14:19:00,US,SMB,Desktop,Card,22.02,1,,0,0,1002,0.42
pay_000764119,m_01685,c_0029523,2026-01-01 14:19:00,US,SMB,Mobile,Card,53.3,1,,0,0,816,1.01
pay_000269399,m_04583,c_0019074,2026-01-01 14:19:00,DE,SMB,Mobile,Card,26.33,1,,0,0,827,0.5
pay_000350899,m_04672,c_0126593,2026-01-01 14:20:00,CA,Mid-market,Desktop,Card,168.07,1,,0,0,981,3.19
pay_000756321,m_03493,c_0170747,2026-01-01 14:20:00,CA,Mid-market,Mobile,Bank debit,76.25,1,,0,0,1260,1.45
pay_000028514,m_03461,c_0046044,2026-01-01 14:21:00,US,Enterprise,Desktop,Card,55.1,1,,0,0,692,1.05
pay_000428163,m_01766,c_0119949,2026-01-01 14:21:00,AU,SMB,Mobile,Card,161.16,1,,0,0,748,3.06
pay_000733335,m_02545,c_0112931,2026-01-01 14:21:00,US,SMB,Mobile,Card,29.86,1,,0,0,620,0.57
pay_000198527,m_02618,c_0076925,2026-01-01 14:21:00,US,Mid-market,Mobile,Card,84.6,1,,0,0,921,1.61
pay_000326303,m_03062,c_0101327,2026-01-01 14:22:00,DE,Mid-market,Mobile,Bank debit,43.35,1,,0,0,1007,0.82
pay_000506248,m_00513,c_0110766,2026-01-01 14:23:00,GB,SMB,Mobile,Wallet,66.91,1,,0,0,501,1.27
pay_000622390,m_04529,c_0126573,2026-01-01 14:23:00,GB,SMB,Mobile,Card,39.52,1,,0,0,816,0.75
pay_000839647,m_01932,c_0166839,2026-01-01 14:24:00,US,Mid-market,Mobile,Card,65.72,1,,0,0,640,1.25
pay_000683053,m_01949,c_0169211,2026-01-01 14:24:00,AU,Mid-market,Mobile,Wallet,32.27,1,,0,0,562,0.61
pay_000229747,m_03250,c_0077475,2026-01-01 14:24:00,DE,Mid-market,Desktop,Card,164.01,1,,0,0,622,3.12
pay_000964145,m_03677,c_0047741,2026-01-01 14:24:00,US,SMB,Desktop,BNPL,45.48,1,,0,0,678,0.86
pay_000840338,m_00074,c_0015618,2026-01-01 14:24:00,CA,SMB,Desktop,Wallet,97.17,1,,0,0,630,1.85
pay_000834031,m_04871,c_0140815,2026-01-01 14:24:00,CA,Enterprise,Mobile,Card,26.6,1,,0,0,568,0.51
pay_000264607,m_04187,c_0048361,2026-01-01 14:25:00,CA,SMB,Mobile,Card,49.66,1,,0,0,932,0.94
pay_000956247,m_03024,c_0072916,2026-01-01 14:26:00,US,Mid-market,Desktop,Card,86.71,1,,0,0,892,1.65
pay_000636764,m_02750,c_0101175,2026-01-01 14:26:00,AU,SMB,Desktop,Wallet,7.84,1,,0,0,865,0.15
pay_000033949,m_01367,c_0041121,2026-01-01 14:26:00,CA,SMB,Mobile,Card,180.71,1,,0,0,235,3.43
pay_000101626,m_04701,c_0021754,2026-01-01 14:26:00,US,Mid-market,Desktop,Bank debit,17.28,1,,0,0,984,0.33
pay_000082682,m_01827,c_0012112,2026-01-01 14:26:00,GB,SMB,Desktop,Wallet,58.17,1,,0,0,678,1.11
pay_000795493,m_00690,c_0015499,2026-01-01 14:27:00,US,SMB,Mobile,Card,29.35,1,,0,0,625,0.56
pay_000491874,m_00224,c_0151501,2026-01-01 14:27:00,US,SMB,Desktop,Card,67.43,1,,0,0,909,1.28
pay_000006984,m_00283,c_0094430,2026-01-01 14:27:00,US,Mid-market,Mobile,Card,14.2,1,,0,0,828,0.27
pay_000559844,m_02577,c_0062432,2026-01-01 14:28:00,US,SMB,Mobile,Card,3.92,1,,0,0,816,0.07
pay_000069059,m_04799,c_0074055,2026-01-01 14:28:00,AU,Mid-market,Mobile,Card,300.06,1,,0,0,572,5.7
pay_000573360,m_00712,c_0048581,2026-01-01 14:28:00,US,Mid-market,Desktop,BNPL,62.46,1,,0,0,756,1.19
pay_000136248,m_02366,c_0032752,2026-01-01 14:28:00,US,Mid-market,Mobile,Wallet,53.54,1,,0,0,427,1.02
pay_000659452,m_03934,c_0056716,2026-01-01 14:29:00,DE,Mid-market,Desktop,Card,26.03,1,,0,0,873,0.49
pay_000271927,m_03020,c_0142236,2026-01-01 14:29:00,CA,Mid-market,Desktop,Card,69.37,1,,0,0,930,1.32
pay_000905646,m_03183,c_0090925,2026-01-01 14:29:00,DE,SMB,Mobile,Card,73.3,1,,0,0,346,1.39
pay_000041245,m_01918,c_0081173,2026-01-01 14:30:00,DE,SMB,Mobile,Wallet,37.69,0,insufficient_funds,0,0,450,0.0
pay_000196875,m_03747,c_0165217,2026-01-01 14:30:00,DE,SMB,Mobile,Card,70.99,1,,0,0,529,1.35
pay_000687059,m_01601,c_0080813,2026-01-01 14:30:00,US,Mid-market,Mobile,Card,42.84,1,,0,0,662,0.81
pay_000371958,m_02855,c_0068749,2026-01-01 14:30:00,US,Mid-market,Mobile,Wallet,21.2,1,,0,0,719,0.4
pay_000909942,m_02912,c_0159083,2026-01-01 14:30:00,US,SMB,Mobile,Wallet,28.74,1,,0,0,786,0.55
pay_000212849,m_02798,c_0165390,2026-01-01 14:30:00,DE,SMB,Mobile,Card,36.37,1,,0,0,825,0.69
pay_000832653,m_03177,c_0100215,2026-01-01 14:31:00,GB,Mid-market,Mobile,Bank debit,90.52,0,insufficient_funds,0,0,1189,0.0
pay_000707583,m_04534,c_0140885,2026-01-01 14:31:00,US,SMB,Desktop,Card,47.22,1,,0,0,746,0.9
pay_000686646,m_03000,c_0088529,2026-01-01 14:31:00,AU,SMB,Mobile,Card,52.67,1,,0,0,376,1.0
pay_000222917,m_02268,c_0045980,2026-01-01 14:31:00,US,Enterprise,Mobile,Bank debit,239.18,1,,0,0,1325,4.54
pay_000898989,m_02148,c_0125131,2026-01-01 14:32:00,GB,Mid-market,Mobile,Card,29.12,1,,0,0,1068,0.55
pay_000123630,m_00487,c_0061359,2026-01-01 14:32:00,US,Enterprise,Mobile,Card,564.62,1,,0,0,605,10.73
pay_000815701,m_01025,c_0111940,2026-01-01 14:32:00,DE,SMB,Mobile,Bank debit,10.77,1,,0,0,1241,0.2
pay_000038791,m_02554,c_0071994,2026-01-01 14:32:00,GB,SMB,Desktop,Card,32.42,1,,0,0,1037,0.62
pay_000395330,m_02007,c_0091929,2026-01-01 14:33:00,DE,Mid-market,Mobile,Card,168.56,1,,0,0,536,3.2
pay_000512889,m_03295,c_0177283,2026-01-01 14:33:00,US,SMB,Mobile,Wallet,21.07,1,,0,0,657,0.4
pay_000827436,m_03985,c_0156436,2026-01-01 14:34:00,US,SMB,Mobile,BNPL,64.3,0,network_error,0,0,536,0.0
pay_000496833,m_01281,c_0128873,2026-01-01 14:34:00,CA,SMB,Mobile,Card,14.89,1,,0,0,1045,0.28
pay_000315466,m_00075,c_0179205,2026-01-01 14:35:00,US,SMB,Desktop,Card,15.07,1,,0,0,399,0.29
pay_000778445,m_03208,c_0129261,2026-01-01 14:35:00,US,Mid-market,Mobile,Card,68.0,1,,0,0,1020,1.29
pay_000247112,m_03434,c_0041725,2026-01-01 14:36:00,US,Mid-market,Desktop,Card,17.39,1,,0,0,450,0.33
pay_000162807,m_04162,c_0054607,2026-01-01 14:37:00,AU,SMB,Mobile,Bank debit,60.39,1,,0,0,943,1.15
pay_000863308,m_00871,c_0151653,2026-01-01 14:37:00,CA,SMB,Mobile,Card,37.75,1,,0,0,608,0.72
pay_000397106,m_04166,c_0078750,2026-01-01 14:37:00,US,SMB,Mobile,Card,81.27,1,,0,0,622,1.54
pay_000801677,m_01897,c_0124889,2026-01-01 14:37:00,US,SMB,Mobile,Card,19.76,1,,0,0,911,0.38
pay_000653828,m_03691,c_0102371,2026-01-01 14:37:00,US,SMB,Mobile,Card,77.53,1,,0,0,694,1.47
pay_000793332,m_03024,c_0007948,2026-01-01 14:37:00,US,SMB,Mobile,Card,27.23,1,,0,0,884,0.52
pay_000316690,m_04971,c_0080428,2026-01-01 14:37:00,AU,SMB,Mobile,Card,17.16,1,,0,0,580,0.33
pay_000644916,m_00584,c_0044705,2026-01-01 14:38:00,CA,SMB,Mobile,Card,15.13,1,,0,0,400,0.29
pay_000899757,m_01179,c_0172298,2026-01-01 14:38:00,CA,Enterprise,Mobile,Wallet,39.24,1,,0,0,1016,0.75
pay_000319105,m_03957,c_0152413,2026-01-01 14:38:00,US,Mid-market,Mobile,Card,83.66,1,,0,0,448,1.59
pay_000236004,m_00706,c_0096979,2026-01-01 14:38:00,CA,Enterprise,Desktop,Card,96.29,1,,0,0,267,1.83
pay_000208241,m_03701,c_0009929,2026-01-01 14:39:00,GB,Mid-market,Mobile,Bank debit,58.09,1,,0,0,883,1.1
pay_000990184,m_00296,c_0122921,2026-01-01 14:39:00,US,SMB,Desktop,Bank debit,154.73,1,,0,0,897,2.94
pay_000195549,m_03276,c_0140971,2026-01-01 14:39:00,DE,Enterprise,Desktop,Wallet,118.63,1,,0,0,814,2.25
pay_000950520,m_02359,c_0167182,2026-01-01 14:40:00,CA,SMB,Mobile,Wallet,109.76,1,,1,0,781,2.09
pay_000445609,m_04003,c_0177831,2026-01-01 14:40:00,US,SMB,Mobile,Card,38.76,1,,0,0,954,0.74
pay_000515435,m_04707,c_0050377,2026-01-01 14:41:00,US,SMB,Mobile,Card,214.37,1,,0,0,853,4.07
pay_000329115,m_03224,c_0055480,2026-01-01 14:41:00,AU,SMB,Mobile,Card,28.26,1,,0,0,812,0.54
pay_000070440,m_03559,c_0002812,2026-01-01 14:41:00,US,Mid-market,Mobile,Card,68.79,1,,0,0,682,1.31
pay_000289092,m_03548,c_0010638,2026-01-01 14:41:00,GB,SMB,Desktop,BNPL,25.99,1,,0,0,199,0.49
pay_000373016,m_03670,c_0015410,2026-01-01 14:41:00,CA,SMB,Mobile,Wallet,45.51,1,,0,0,682,0.86
pay_000697359,m_00977,c_0067519,2026-01-01 14:42:00,US,Mid-market,Mobile,Wallet,60.8,1,,0,0,751,1.16
pay_000887310,m_00824,c_0034169,2026-01-01 14:42:00,US,SMB,Desktop,Card,35.09,1,,0,0,752,0.67
pay_000707240,m_04278,c_0110806,2026-01-01 14:42:00,US,Mid-market,Desktop,Bank debit,17.25,1,,0,0,1202,0.33
pay_000272871,m_03869,c_0090377,2026-01-01 14:43:00,US,Mid-market,Mobile,Wallet,12.17,1,,1,0,683,0.23
pay_000422787,m_03589,c_0152526,2026-01-01 14:44:00,US,SMB,Mobile,Card,56.64,1,,0,0,375,1.08
pay_000277695,m_01461,c_0153579,2026-01-01 14:45:00,DE,SMB,Mobile,Card,15.54,1,,0,0,288,0.3
pay_000761077,m_01176,c_0093663,2026-01-01 14:45:00,US,Mid-market,Mobile,Wallet,16.28,1,,0,0,591,0.31
pay_000470314,m_04887,c_0066521,2026-01-01 14:45:00,GB,SMB,Mobile,Wallet,134.34,1,,0,0,745,2.55
pay_000847311,m_02567,c_0073260,2026-01-01 14:45:00,US,SMB,Mobile,Card,11.08,1,,0,0,744,0.21
pay_000260979,m_04824,c_0153387,2026-01-01 14:45:00,DE,SMB,Mobile,Card,144.42,1,,0,0,775,2.74
pay_000621250,m_00707,c_0123066,2026-01-01 14:46:00,AU,Mid-market,Mobile,Card,31.88,1,,0,0,1015,0.61
pay_000987141,m_04969,c_0136158,2026-01-01 14:46:00,CA,SMB,Mobile,Card,157.71,1,,0,0,685,3.0
pay_000900874,m_00163,c_0169214,2026-01-01 14:46:00,US,SMB,Mobile,Card,17.75,1,,0,0,612,0.34
pay_000535068,m_01378,c_0056798,2026-01-01 14:46:00,US,SMB,Desktop,Card,28.86,1,,0,0,843,0.55
pay_000087761,m_03794,c_0039654,2026-01-01 14:47:00,US,Mid-market,Mobile,Card,51.79,1,,0,0,536,0.98
pay_000082474,m_02036,c_0053286,2026-01-01 14:48:00,US,SMB,Mobile,Card,27.17,1,,0,0,918,0.52
pay_000148443,m_01550,c_0148977,2026-01-01 14:48:00,US,SMB,Desktop,BNPL,40.38,1,,0,0,833,0.77
pay_000917712,m_03109,c_0044624,2026-01-01 14:49:00,DE,Mid-market,Mobile,Card,76.63,1,,0,0,587,1.46
pay_000161005,m_02066,c_0068018,2026-01-01 14:49:00,GB,Mid-market,Mobile,Card,27.28,1,,0,0,557,0.52
pay_000791885,m_03858,c_0150581,2026-01-01 14:49:00,US,Enterprise,Mobile,Wallet,148.83,1,,0,0,619,2.83
pay_000363645,m_04574,c_0018810,2026-01-01 14:49:00,GB,SMB,Mobile,Wallet,8.34,1,,0,0,873,0.16
pay_000244616,m_01971,c_0159497,2026-01-01 14:50:00,GB,SMB,Mobile,Card,6.38,1,,0,0,564,0.12
pay_000394023,m_03582,c_0061782,2026-01-01 14:50:00,US,Mid-market,Mobile,Card,60.85,1,,0,0,662,1.16
pay_000940096,m_03724,c_0010632,2026-01-01 14:50:00,CA,Enterprise,Desktop,Card,50.15,1,,0,0,542,0.95
pay_000046173,m_03847,c_0132371,2026-01-01 14:50:00,US,SMB,Mobile,Card,36.36,1,,0,0,634,0.69
pay_000609248,m_04749,c_0155415,2026-01-01 14:50:00,AU,SMB,Mobile,Bank debit,34.27,0,insufficient_funds,0,0,1242,0.0
pay_000962931,m_00293,c_0059734,2026-01-01 14:51:00,GB,Mid-market,Mobile,Card,25.19,1,,0,0,738,0.48
pay_000807478,m_03557,c_0000006,2026-01-01 14:52:00,US,SMB,Mobile,Card,37.69,1,,0,0,862,0.72
pay_000534943,m_01772,c_0051194,2026-01-01 14:52:00,DE,SMB,Mobile,Card,35.98,0,insufficient_funds,0,0,1011,0.0
pay_000582322,m_03219,c_0167421,2026-01-01 14:53:00,US,SMB,Desktop,Wallet,32.78,1,,0,0,656,0.62
pay_000874961,m_00517,c_0045056,2026-01-01 14:53:00,US,SMB,Mobile,Bank debit,171.98,1,,0,0,1085,3.27
pay_000494017,m_03239,c_0015506,2026-01-01 14:53:00,US,Mid-market,Mobile,Card,25.55,1,,0,0,680,0.49
pay_000998275,m_04526,c_0126040,2026-01-01 14:54:00,DE,Mid-market,Mobile,Card,71.96,1,,0,0,812,1.37
pay_000891336,m_02647,c_0062489,2026-01-01 14:56:00,US,SMB,Mobile,BNPL,40.35,1,,0,0,758,0.77
pay_000059401,m_02324,c_0148868,2026-01-01 14:56:00,DE,SMB,Mobile,Card,99.61,1,,0,0,546,1.89
pay_000807143,m_01540,c_0016538,2026-01-01 14:57:00,CA,SMB,Mobile,Card,23.05,1,,0,0,614,0.44
pay_000221212,m_03519,c_0071906,2026-01-01 14:57:00,GB,SMB,Desktop,Wallet,19.86,1,,0,0,425,0.38
pay_000403529,m_02826,c_0010850,2026-01-01 14:57:00,AU,Mid-market,Mobile,Card,15.89,1,,0,0,480,0.3
pay_000442699,m_02673,c_0020914,2026-01-01 14:57:00,DE,SMB,Desktop,Card,29.8,1,,0,0,782,0.57
pay_000857078,m_00068,c_0049144,2026-01-01 14:57:00,US,Mid-market,Mobile,Bank debit,28.46,1,,1,0,800,0.54
pay_000544176,m_04676,c_0161969,2026-01-01 14:57:00,US,Mid-market,Desktop,Card,59.27,1,,0,0,614,1.13
pay_000874451,m_02935,c_0005804,2026-01-01 14:58:00,CA,Enterprise,Mobile,Card,1803.74,1,,0,0,699,34.27
pay_000753110,m_03510,c_0102642,2026-01-01 14:58:00,AU,Enterprise,Mobile,Bank debit,34.46,1,,0,0,1205,0.65
pay_000915482,m_03607,c_0163653,2026-01-01 14:58:00,US,Mid-market,Desktop,Card,154.33,1,,0,0,858,2.93
pay_000722581,m_03097,c_0134836,2026-01-01 14:59:00,AU,SMB,Mobile,Card,37.83,1,,0,0,441,0.72
pay_000841475,m_01285,c_0171788,2026-01-01 14:59:00,DE,Mid-market,Mobile,Wallet,7.88,1,,0,0,1138,0.15
pay_000754943,m_04944,c_0034173,2026-01-01 15:00:00,CA,Mid-market,Mobile,Bank debit,198.33,1,,0,0,1048,3.77
pay_000399566,m_00728,c_0122965,2026-01-01 15:00:00,US,Mid-market,Mobile,BNPL,36.26,1,,0,0,1180,0.69
pay_000508031,m_01602,c_0069532,2026-01-01 15:00:00,CA,Mid-market,Desktop,Wallet,34.21,1,,0,0,753,0.65
pay_000599258,m_01139,c_0174758,2026-01-01 15:01:00,GB,Enterprise,Desktop,Card,349.25,1,,0,0,570,6.64
pay_000325934,m_01556,c_0147733,2026-01-01 15:01:00,CA,SMB,Mobile,Card,108.81,1,,0,0,639,2.07
pay_000586891,m_01012,c_0101445,2026-01-01 15:01:00,AU,SMB,Desktop,Wallet,36.92,1,,0,0,1076,0.7
pay_000035118,m_04624,c_0092709,2026-01-01 15:02:00,US,SMB,Mobile,Card,9.65,1,,0,0,927,0.18
pay_000500496,m_00659,c_0143467,2026-01-01 15:02:00,CA,SMB,Mobile,Card,48.08,1,,0,0,814,0.91
pay_000313561,m_04648,c_0156409,2026-01-01 15:02:00,AU,SMB,Desktop,Card,84.42,1,,0,0,632,1.6
pay_000764594,m_02686,c_0108417,2026-01-01 15:02:00,GB,Enterprise,Mobile,BNPL,65.04,1,,0,0,561,1.24
pay_000222602,m_00548,c_0118805,2026-01-01 15:02:00,GB,SMB,Mobile,Wallet,37.13,1,,0,0,1067,0.71
pay_000353693,m_02171,c_0114509,2026-01-01 15:02:00,CA,Mid-market,Mobile,Card,83.79,1,,0,0,839,1.59
pay_000015272,m_03221,c_0082404,2026-01-01 15:02:00,US,SMB,Mobile,BNPL,131.43,1,,0,0,698,2.5
pay_000279473,m_04591,c_0176343,2026-01-01 15:03:00,DE,SMB,Mobile,BNPL,102.9,1,,0,0,633,1.96
pay_000784329,m_01830,c_0032498,2026-01-01 15:05:00,US,SMB,Mobile,BNPL,7.57,1,,0,0,727,0.14
pay_000295031,m_00203,c_0161327,2026-01-01 15:05:00,AU,SMB,Desktop,Card,46.09,1,,0,0,416,0.88
pay_000771078,m_00174,c_0171308,2026-01-01 15:05:00,US,Mid-market,Desktop,Card,38.57,1,,0,0,1168,0.73
pay_000556304,m_03036,c_0143263,2026-01-01 15:05:00,US,SMB,Mobile,Card,23.91,1,,0,0,737,0.45
pay_000704423,m_02222,c_0079844,2026-01-01 15:05:00,US,Mid-market,Desktop,Wallet,37.7,1,,0,0,742,0.72
pay_000262245,m_00239,c_0166742,2026-01-01 15:06:00,US,SMB,Desktop,Card,34.79,1,,0,0,910,0.66
pay_000887427,m_00083,c_0062862,2026-01-01 15:06:00,US,Mid-market,Mobile,Card,12.63,1,,0,0,340,0.24
pay_000570051,m_01641,c_0094779,2026-01-01 15:07:00,US,SMB,Desktop,BNPL,49.27,1,,0,0,689,0.94
pay_000686628,m_01414,c_0165527,2026-01-01 15:07:00,US,SMB,Desktop,Card,18.75,1,,0,0,780,0.36
pay_000248390,m_01279,c_0095379,2026-01-01 15:08:00,US,SMB,Desktop,Card,25.89,1,,0,0,835,0.49
pay_000521813,m_03759,c_0162919,2026-01-01 15:09:00,AU,SMB,Mobile,Card,4.85,1,,0,0,786,0.09
pay_000110401,m_04031,c_0096629,2026-01-01 15:09:00,DE,Enterprise,Mobile,Card,125.43,1,,0,0,1014,2.38
pay_000363675,m_04042,c_0019214,2026-01-01 15:10:00,AU,SMB,Mobile,Card,43.29,1,,0,0,1144,0.82
pay_000063795,m_00419,c_0053723,2026-01-01 15:10:00,GB,Mid-market,Mobile,Card,72.87,1,,0,0,859,1.38
pay_000485207,m_03457,c_0007861,2026-01-01 15:11:00,US,SMB,Desktop,Card,39.18,1,,1,0,699,0.74
pay_000097982,m_04287,c_0054160,2026-01-01 15:11:00,US,SMB,Mobile,Card,107.42,1,,0,0,820,2.04
pay_000885433,m_00535,c_0045557,2026-01-01 15:11:00,US,Enterprise,Mobile,Wallet,27.08,1,,0,0,658,0.51
pay_000312312,m_02305,c_0075369,2026-01-01 15:12:00,DE,Mid-market,Mobile,Card,64.55,1,,0,0,1230,1.23
pay_000830879,m_04321,c_0175888,2026-01-01 15:12:00,US,Enterprise,Mobile,Wallet,34.15,1,,0,0,500,0.65
pay_000832332,m_00304,c_0040427,2026-01-01 15:12:00,CA,SMB,Desktop,Bank debit,79.1,1,,0,0,1249,1.5
pay_000285717,m_01673,c_0006081,2026-01-01 15:12:00,AU,SMB,Mobile,Bank debit,308.57,1,,0,0,1254,5.86
pay_000656518,m_00491,c_0078595,2026-01-01 15:12:00,US,SMB,Mobile,Wallet,109.85,1,,0,0,929,2.09
pay_000936178,m_01206,c_0104490,2026-01-01 15:13:00,GB,SMB,Desktop,Card,19.71,0,insufficient_funds,0,0,674,0.0
pay_000281801,m_04829,c_0042748,2026-01-01 15:13:00,DE,SMB,Desktop,Card,14.02,1,,0,0,573,0.27
pay_000830995,m_02293,c_0038540,2026-01-01 15:13:00,GB,SMB,Mobile,Card,33.83,1,,1,0,606,0.64
pay_000264001,m_03687,c_0061741,2026-01-01 15:13:00,US,SMB,Mobile,Card,6.03,1,,0,0,973,0.11
pay_000444476,m_02574,c_0110194,2026-01-01 15:13:00,US,Mid-market,Mobile,Card,78.83,1,,0,0,602,1.5
pay_000024836,m_01676,c_0005483,2026-01-01 15:14:00,US,Mid-market,Mobile,Card,25.0,1,,0,0,904,0.48
pay_000532282,m_03450,c_0033793,2026-01-01 15:15:00,AU,Enterprise,Desktop,Card,261.14,1,,0,1,1000,4.96
pay_000332333,m_04955,c_0018768,2026-01-01 15:15:00,US,SMB,Mobile,Card,55.17,1,,0,0,938,1.05
pay_000808283,m_01876,c_0171196,2026-01-01 15:15:00,US,SMB,Desktop,Card,166.24,1,,0,0,815,3.16
pay_000236047,m_01694,c_0080663,2026-01-01 15:16:00,US,SMB,Mobile,Bank debit,20.05,1,,0,0,1017,0.38
pay_000150216,m_01296,c_0115548,2026-01-01 15:17:00,DE,SMB,Desktop,Card,7.85,1,,0,0,381,0.15
pay_000501038,m_02325,c_0079571,2026-01-01 15:17:00,US,Enterprise,Mobile,Card,26.61,1,,0,0,578,0.51
pay_000093843,m_03493,c_0072546,2026-01-01 15:18:00,DE,Mid-market,Mobile,Bank debit,43.99,1,,0,0,1024,0.84
pay_000954015,m_04620,c_0106730,2026-01-01 15:19:00,DE,SMB,Mobile,Card,5.86,1,,0,0,732,0.11
pay_000886880,m_02358,c_0096519,2026-01-01 15:19:00,GB,Mid-market,Desktop,Wallet,7.23,1,,1,0,848,0.14
pay_000771906,m_01743,c_0042175,2026-01-01 15:20:00,US,SMB,Mobile,Card,13.9,1,,0,0,351,0.26
pay_000595907,m_02582,c_0080112,2026-01-01 15:20:00,DE,SMB,Mobile,BNPL,5.82,1,,0,0,651,0.11
pay_000025588,m_01789,c_0062038,2026-01-01 15:20:00,DE,Enterprise,Mobile,Card,75.01,1,,0,0,685,1.43
pay_000604768,m_02807,c_0178213,2026-01-01 15:21:00,GB,Mid-market,Mobile,Card,67.28,1,,0,0,387,1.28
pay_000481823,m_03122,c_0136050,2026-01-01 15:21:00,US,Enterprise,Mobile,Card,237.75,1,,0,0,768,4.52
pay_000700483,m_00175,c_0009941,2026-01-01 15:21:00,CA,SMB,Mobile,Wallet,44.24,1,,0,0,747,0.84
pay_000337170,m_03208,c_0111983,2026-01-01 15:22:00,US,SMB,Mobile,Card,56.77,1,,0,0,864,1.08
pay_000936644,m_00119,c_0026073,2026-01-01 15:22:00,US,Enterprise,Desktop,Card,24.56,0,network_error,0,0,681,0.0
pay_000281339,m_01209,c_0010896,2026-01-01 15:22:00,US,SMB,Mobile,Wallet,36.89,1,,0,0,786,0.7
pay_000731674,m_03601,c_0154129,2026-01-01 15:23:00,CA,Enterprise,Desktop,Card,65.85,1,,0,0,669,1.25
pay_000573269,m_03273,c_0096360,2026-01-01 15:23:00,CA,SMB,Mobile,Card,62.62,1,,0,0,679,1.19
pay_000311463,m_00476,c_0007149,2026-01-01 15:23:00,AU,Enterprise,Mobile,Wallet,27.65,1,,0,0,656,0.53
pay_000551222,m_01907,c_0047577,2026-01-01 15:23:00,GB,Enterprise,Mobile,Card,105.75,1,,0,0,1086,2.01
pay_000547962,m_04754,c_0036997,2026-01-01 15:24:00,US,Mid-market,Desktop,Bank debit,26.42,1,,0,0,1034,0.5
pay_000060232,m_01543,c_0000872,2026-01-01 15:25:00,GB,Enterprise,Mobile,Bank debit,37.08,1,,0,0,763,0.7
pay_000196414,m_00730,c_0154876,2026-01-01 15:25:00,US,SMB,Mobile,Card,12.49,1,,0,0,890,0.24
pay_000620486,m_00854,c_0011147,2026-01-01 15:25:00,CA,SMB,Mobile,Card,49.64,1,,0,0,842,0.94
pay_000245989,m_01986,c_0116921,2026-01-01 15:25:00,US,SMB,Desktop,Card,58.55,1,,0,0,1036,1.11
pay_000873702,m_03300,c_0116950,2026-01-01 15:25:00,US,SMB,Desktop,Card,49.54,1,,0,0,914,0.94
pay_000718497,m_00921,c_0023529,2026-01-01 15:26:00,GB,Mid-market,Mobile,Card,26.64,1,,0,0,543,0.51
pay_000982613,m_02270,c_0176359,2026-01-01 15:26:00,US,SMB,Mobile,Card,16.61,1,,0,0,753,0.32
pay_000935376,m_00984,c_0035810,2026-01-01 15:26:00,DE,SMB,Desktop,Wallet,59.31,1,,0,0,818,1.13
pay_000253346,m_00794,c_0140743,2026-01-01 15:26:00,GB,Enterprise,Mobile,Card,206.64,1,,0,0,1135,3.93
pay_000530251,m_03487,c_0087914,2026-01-01 15:26:00,US,SMB,Mobile,Bank debit,106.44,1,,0,0,1543,2.02
pay_000863011,m_00192,c_0044212,2026-01-01 15:27:00,US,Mid-market,Desktop,Card,18.32,1,,0,0,563,0.35
pay_000327012,m_02665,c_0095825,2026-01-01 15:27:00,CA,SMB,Desktop,Card,39.12,1,,0,0,421,0.74
pay_000052744,m_01368,c_0052657,2026-01-01 15:27:00,DE,Enterprise,Desktop,Card,36.84,0,suspected_fraud,0,0,894,0.0
pay_000359771,m_01412,c_0008152,2026-01-01 15:27:00,US,SMB,Mobile,Card,64.45,1,,0,0,858,1.22
pay_000231445,m_03194,c_0061852,2026-01-01 15:27:00,GB,SMB,Mobile,Bank debit,23.27,1,,0,0,1072,0.44
pay_000275871,m_03914,c_0080449,2026-01-01 15:27:00,CA,SMB,Mobile,Bank debit,22.21,1,,0,0,1251,0.42
pay_000484172,m_03931,c_0129743,2026-01-01 15:28:00,US,SMB,Mobile,Bank debit,15.43,1,,0,0,1049,0.29
pay_000483543,m_04683,c_0125112,2026-01-01 15:29:00,US,SMB,Desktop,Card,52.39,1,,0,0,594,1.0
pay_000381751,m_02665,c_0101223,2026-01-01 15:30:00,US,Mid-market,Mobile,Card,60.59,1,,0,0,766,1.15
pay_000976894,m_04870,c_0153953,2026-01-01 15:30:00,CA,Enterprise,Mobile,Wallet,29.98,1,,0,0,350,0.57
pay_000418228,m_00146,c_0091656,2026-01-01 15:30:00,GB,SMB,Mobile,Bank debit,12.46,1,,0,0,740,0.24
pay_000260089,m_04009,c_0044594,2026-01-01 15:30:00,US,SMB,Mobile,Card,64.65,1,,0,0,1091,1.23
pay_000236279,m_01084,c_0062546,2026-01-01 15:30:00,AU,SMB,Mobile,Card,90.8,1,,0,0,790,1.73
pay_000254939,m_02666,c_0142018,2026-01-01 15:30:00,US,Enterprise,Mobile,Card,56.89,1,,0,0,767,1.08
pay_000380493,m_02120,c_0077037,2026-01-01 15:30:00,CA,SMB,Mobile,Card,4.45,1,,0,0,636,0.08
pay_000484895,m_03241,c_0092585,2026-01-01 15:31:00,US,Enterprise,Mobile,Card,200.96,1,,0,0,413,3.82
pay_000417098,m_01019,c_0007576,2026-01-01 15:31:00,CA,SMB,Desktop,BNPL,20.7,0,insufficient_funds,0,0,358,0.0
pay_000860638,m_03440,c_0075724,2026-01-01 15:33:00,DE,SMB,Desktop,Card,95.03,1,,0,0,538,1.81
pay_000713523,m_02269,c_0028325,2026-01-01 15:33:00,US,SMB,Mobile,BNPL,57.16,0,suspected_fraud,0,0,703,0.0
pay_000891271,m_02186,c_0105591,2026-01-01 15:33:00,US,Mid-market,Desktop,Card,32.84,1,,0,0,879,0.62
pay_000635717,m_02190,c_0130730,2026-01-01 15:33:00,US,SMB,Mobile,Card,39.33,1,,0,0,688,0.75
pay_000755153,m_02761,c_0150176,2026-01-01 15:34:00,GB,SMB,Mobile,Card,60.17,1,,0,0,436,1.14
pay_000643222,m_04709,c_0120827,2026-01-01 15:34:00,US,SMB,Mobile,Bank debit,152.46,1,,0,0,1446,2.9
pay_000848735,m_04714,c_0092723,2026-01-01 15:35:00,US,SMB,Mobile,BNPL,47.89,0,expired_card,0,0,512,0.0
pay_000280869,m_04972,c_0041806,2026-01-01 15:35:00,AU,SMB,Desktop,Card,41.59,1,,0,0,811,0.79
pay_000403603,m_00454,c_0110469,2026-01-01 15:35:00,AU,Mid-market,Desktop,Wallet,31.4,1,,1,0,877,0.6
pay_000624147,m_01513,c_0047964,2026-01-01 15:37:00,US,SMB,Mobile,Card,40.74,1,,0,0,725,0.77
pay_000466349,m_00039,c_0108391,2026-01-01 15:37:00,US,SMB,Mobile,Card,23.44,1,,0,0,1005,0.45
pay_000700871,m_01199,c_0010653,2026-01-01 15:38:00,AU,SMB,Desktop,Card,25.04,1,,0,0,582,0.48
pay_000853445,m_01231,c_0145054,2026-01-01 15:38:00,CA,SMB,Mobile,Wallet,50.96,1,,0,0,684,0.97
pay_000455716,m_00177,c_0020799,2026-01-01 15:38:00,CA,SMB,Mobile,Card,66.1,1,,0,0,502,1.26
pay_000931002,m_04123,c_0140846,2026-01-01 15:38:00,CA,Mid-market,Mobile,BNPL,52.62,1,,0,0,456,1.0
pay_000458250,m_03774,c_0095330,2026-01-01 15:38:00,US,Enterprise,Mobile,Bank debit,219.6,1,,0,0,771,4.17
pay_000961951,m_00173,c_0059800,2026-01-01 15:38:00,US,SMB,Desktop,Wallet,34.44,1,,0,0,620,0.65
pay_000216638,m_00951,c_0157108,2026-01-01 15:39:00,US,SMB,Mobile,Card,83.37,1,,0,0,833,1.58
pay_000811455,m_01994,c_0039362,2026-01-01 15:39:00,US,Mid-market,Mobile,Card,33.54,1,,0,0,886,0.64
pay_000454802,m_03921,c_0073704,2026-01-01 15:39:00,US,Enterprise,Desktop,Card,19.74,1,,0,0,454,0.38
pay_000606761,m_00440,c_0116253,2026-01-01 15:39:00,US,Mid-market,Mobile,Card,19.2,1,,0,0,1235,0.36
pay_000943171,m_04109,c_0034063,2026-01-01 15:40:00,DE,SMB,Mobile,Wallet,21.15,1,,0,0,582,0.4
pay_000613730,m_03741,c_0038766,2026-01-01 15:40:00,US,SMB,Mobile,Card,7.41,1,,0,0,542,0.14
pay_000803391,m_02475,c_0069484,2026-01-01 15:41:00,DE,Mid-market,Desktop,BNPL,51.3,1,,0,0,338,0.97
pay_000091500,m_01768,c_0114382,2026-01-01 15:41:00,US,Enterprise,Desktop,Wallet,33.57,1,,0,0,999,0.64
pay_000189019,m_03776,c_0168827,2026-01-01 15:41:00,AU,Enterprise,Desktop,Wallet,103.28,1,,0,0,711,1.96
pay_000504243,m_03952,c_0126226,2026-01-01 15:42:00,US,Mid-market,Desktop,Card,55.89,0,insufficient_funds,0,0,501,0.0
pay_000952761,m_00033,c_0016636,2026-01-01 15:42:00,DE,Mid-market,Mobile,Wallet,11.74,1,,0,0,1010,0.22
pay_000632102,m_03606,c_0073494,2026-01-01 15:42:00,CA,Mid-market,Mobile,Card,53.0,0,issuer_decline,0,0,810,0.0
pay_000319178,m_01356,c_0059009,2026-01-01 15:42:00,AU,SMB,Mobile,Card,57.56,1,,0,0,823,1.09
pay_000883840,m_00020,c_0041865,2026-01-01 15:42:00,AU,Mid-market,Mobile,Card,36.17,1,,0,0,892,0.69
pay_000362221,m_00301,c_0003824,2026-01-01 15:43:00,US,Mid-market,Desktop,Card,36.11,1,,0,0,293,0.69
pay_000410835,m_03309,c_0004677,2026-01-01 15:43:00,US,Enterprise,Mobile,Card,103.95,1,,0,0,833,1.98
pay_000925988,m_01984,c_0026675,2026-01-01 15:43:00,CA,Mid-market,Mobile,Wallet,230.04,1,,0,0,648,4.37
pay_000668194,m_00686,c_0084050,2026-01-01 15:43:00,CA,Mid-market,Mobile,Wallet,63.28,1,,0,0,638,1.2
pay_000608316,m_03849,c_0177022,2026-01-01 15:43:00,US,Enterprise,Mobile,Card,14.13,1,,0,0,614,0.27
pay_000912572,m_02213,c_0042437,2026-01-01 15:43:00,CA,Enterprise,Desktop,Card,70.96,1,,0,0,812,1.35
pay_000252093,m_04695,c_0156428,2026-01-01 15:43:00,GB,SMB,Mobile,Card,18.57,1,,0,0,728,0.35
pay_000292334,m_04374,c_0048745,2026-01-01 15:43:00,DE,Mid-market,Mobile,Card,23.95,1,,0,0,1065,0.46
pay_000951789,m_02994,c_0119659,2026-01-01 15:44:00,US,SMB,Desktop,Card,10.13,1,,0,0,724,0.19
pay_000786605,m_00657,c_0149117,2026-01-01 15:44:00,US,Enterprise,Mobile,Card,6.26,1,,0,0,837,0.12
pay_000996905,m_04267,c_0027643,2026-01-01 15:44:00,CA,SMB,Mobile,Card,176.19,1,,0,0,723,3.35
pay_000460178,m_01094,c_0100905,2026-01-01 15:44:00,CA,Mid-market,Mobile,Card,80.7,1,,0,0,152,1.53
pay_000760977,m_00793,c_0141351,2026-01-01 15:44:00,AU,SMB,Desktop,Wallet,32.77,1,,0,0,686,0.62
pay_000451530,m_04867,c_0153532,2026-01-01 15:44:00,AU,SMB,Desktop,Card,727.62,1,,0,0,467,13.82
pay_000100051,m_03611,c_0037364,2026-01-01 15:44:00,US,Mid-market,Desktop,Bank debit,65.86,1,,0,0,1141,1.25
pay_000238241,m_04687,c_0144982,2026-01-01 15:45:00,US,Mid-market,Mobile,Wallet,18.32,1,,0,0,905,0.35
pay_000262629,m_03604,c_0001611,2026-01-01 15:46:00,US,SMB,Desktop,Bank debit,31.04,1,,0,0,975,0.59
pay_000974360,m_01458,c_0034610,2026-01-01 15:46:00,US,Mid-market,Mobile,Wallet,163.76,1,,0,0,1146,3.11
pay_000680473,m_02246,c_0060016,2026-01-01 15:46:00,US,Mid-market,Desktop,Card,61.26,1,,0,0,454,1.16
pay_000837458,m_01430,c_0024340,2026-01-01 15:47:00,US,Mid-market,Mobile,BNPL,79.16,1,,0,0,850,1.5
pay_000005462,m_00307,c_0067328,2026-01-01 15:47:00,US,SMB,Mobile,Card,66.02,1,,0,0,977,1.25
pay_000432762,m_03305,c_0135548,2026-01-01 15:48:00,GB,SMB,Desktop,BNPL,58.81,1,,0,0,929,1.12
pay_000086602,m_03522,c_0024582,2026-01-01 15:48:00,CA,SMB,Desktop,Card,29.16,1,,0,0,592,0.55
pay_000887569,m_01758,c_0059169,2026-01-01 15:48:00,US,Mid-market,Mobile,Card,40.83,1,,0,0,536,0.78
pay_000199201,m_01723,c_0020234,2026-01-01 15:49:00,GB,Mid-market,Mobile,Wallet,104.08,1,,0,0,745,1.98
pay_000569237,m_01134,c_0139022,2026-01-01 15:49:00,DE,SMB,Desktop,Card,6.9,0,suspected_fraud,0,0,853,0.0
pay_000765393,m_03847,c_0115745,2026-01-01 15:50:00,US,SMB,Desktop,Card,19.05,1,,0,0,804,0.36
pay_000236799,m_00117,c_0175538,2026-01-01 15:50:00,CA,Enterprise,Mobile,Card,216.97,1,,0,0,639,4.12
pay_000482002,m_04449,c_0175830,2026-01-01 15:50:00,US,Mid-market,Desktop,Card,61.99,1,,0,0,509,1.18
pay_000548662,m_00536,c_0110260,2026-01-01 15:51:00,DE,Mid-market,Desktop,Card,39.69,1,,0,0,812,0.75
pay_000774185,m_00047,c_0150938,2026-01-01 15:51:00,CA,SMB,Mobile,Wallet,31.04,1,,0,0,986,0.59
pay_000959939,m_02273,c_0179405,2026-01-01 15:51:00,CA,SMB,Desktop,Card,21.26,1,,0,0,908,0.4
pay_000196950,m_00671,c_0120277,2026-01-01 15:55:00,US,SMB,Mobile,Card,36.46,1,,0,0,721,0.69
pay_000343035,m_04386,c_0022836,2026-01-01 15:55:00,US,Mid-market,Mobile,Bank debit,224.16,1,,0,0,991,4.26
pay_000738529,m_01590,c_0093783,2026-01-01 15:56:00,DE,SMB,Desktop,Wallet,25.5,1,,0,0,610,0.48
pay_000650220,m_00790,c_0142458,2026-01-01 15:56:00,US,SMB,Desktop,Wallet,172.4,1,,0,0,1125,3.28
pay_000355369,m_04758,c_0166747,2026-01-01 15:56:00,US,SMB,Mobile,Wallet,130.85,1,,0,0,567,2.49
pay_000250789,m_00066,c_0147574,2026-01-01 15:56:00,US,Mid-market,Desktop,Wallet,57.14,1,,0,0,459,1.09
pay_000656069,m_01066,c_0115914,2026-01-01 15:56:00,DE,Enterprise,Desktop,Card,156.57,1,,0,0,522,2.97
pay_000140422,m_01434,c_0065283,2026-01-01 15:57:00,US,Mid-market,Mobile,Card,41.44,1,,0,0,970,0.79
pay_000548263,m_02900,c_0114705,2026-01-01 15:57:00,US,Enterprise,Desktop,Wallet,48.08,1,,0,0,661,0.91
pay_000678354,m_03778,c_0028960,2026-01-01 15:57:00,US,Mid-market,Mobile,Wallet,31.78,1,,0,0,764,0.6
pay_000398606,m_00645,c_0106652,2026-01-01 15:58:00,AU,SMB,Desktop,Wallet,8.8,1,,0,0,873,0.17
pay_000677453,m_02121,c_0124933,2026-01-01 15:58:00,GB,SMB,Mobile,Card,38.68,1,,0,0,975,0.73
pay_000752119,m_04632,c_0076142,2026-01-01 15:58:00,DE,SMB,Mobile,Card,56.55,1,,0,0,969,1.07
pay_000933905,m_03668,c_0062581,2026-01-01 15:58:00,US,SMB,Desktop,Card,39.28,1,,0,0,676,0.75
pay_000225009,m_02062,c_0031570,2026-01-01 15:59:00,US,Mid-market,Desktop,Wallet,21.22,1,,0,0,893,0.4
pay_000987742,m_04496,c_0000961,2026-01-01 15:59:00,US,SMB,Mobile,Wallet,38.9,1,,0,0,903,0.74
pay_000116700,m_04208,c_0103999,2026-01-01 15:59:00,CA,SMB,Mobile,Card,66.36,1,,0,0,458,1.26
pay_000525770,m_02809,c_0022237,2026-01-01 15:59:00,US,SMB,Desktop,Wallet,11.72,1,,0,0,682,0.22
pay_000665663,m_00603,c_0148446,2026-01-01 15:59:00,US,SMB,Desktop,Card,30.43,1,,0,0,596,0.58
pay_000137252,m_01743,c_0130544,2026-01-01 16:00:00,GB,Mid-market,Mobile,Wallet,204.44,1,,0,0,968,3.88
pay_000073251,m_01363,c_0066358,2026-01-01 16:00:00,DE,SMB,Mobile,Wallet,51.86,1,,0,0,712,0.99
pay_000971065,m_01206,c_0107927,2026-01-01 16:00:00,US,SMB,Mobile,Bank debit,41.09,1,,1,0,1200,0.78
pay_000626565,m_04112,c_0042574,2026-01-01 16:00:00,US,SMB,Mobile,Card,27.84,1,,0,0,505,0.53
pay_000637353,m_01326,c_0123872,2026-01-01 16:00:00,AU,Enterprise,Mobile,Card,14.26,1,,0,0,672,0.27
pay_000399573,m_03626,c_0151179,2026-01-01 16:00:00,US,Enterprise,Desktop,Card,20.8,1,,0,0,806,0.4
pay_000061290,m_01736,c_0005666,2026-01-01 16:01:00,GB,SMB,Mobile,Card,47.83,1,,0,0,465,0.91
pay_000118663,m_03570,c_0017409,2026-01-01 16:01:00,US,Enterprise,Mobile,Card,97.34,1,,0,0,649,1.85
pay_000838239,m_02410,c_0108466,2026-01-01 16:01:00,US,SMB,Mobile,Wallet,28.94,1,,0,0,999,0.55
pay_000387112,m_01383,c_0090374,2026-01-01 16:01:00,US,SMB,Mobile,Card,16.77,1,,0,0,850,0.32
pay_000778947,m_02355,c_0127276,2026-01-01 16:02:00,US,Mid-market,Mobile,Card,42.26,1,,0,0,704,0.8
pay_000323160,m_03488,c_0156979,2026-01-01 16:03:00,US,SMB,Desktop,Wallet,168.48,1,,0,0,256,3.2
pay_000234927,m_01554,c_0085701,2026-01-01 16:03:00,US,SMB,Mobile,Card,72.05,1,,0,0,631,1.37
pay_000375529,m_03006,c_0176414,2026-01-01 16:03:00,US,SMB,Desktop,Card,33.52,1,,0,0,662,0.64
pay_000962104,m_04666,c_0095554,2026-01-01 16:04:00,DE,SMB,Desktop,Card,81.83,1,,0,0,821,1.55
pay_000390201,m_02956,c_0053476,2026-01-01 16:04:00,CA,Enterprise,Mobile,Card,178.28,1,,0,0,353,3.39
pay_000172305,m_03421,c_0068937,2026-01-01 16:04:00,GB,SMB,Mobile,BNPL,9.27,1,,0,0,340,0.18
pay_000190518,m_00165,c_0041725,2026-01-01 16:04:00,GB,Enterprise,Desktop,Wallet,69.28,1,,0,0,1161,1.32
pay_000326331,m_03777,c_0152761,2026-01-01 16:04:00,CA,SMB,Mobile,Wallet,62.78,1,,0,0,735,1.19
pay_000500744,m_02582,c_0075436,2026-01-01 16:05:00,GB,SMB,Mobile,Wallet,42.91,1,,0,0,818,0.82
pay_000211733,m_01348,c_0026218,2026-01-01 16:05:00,US,Mid-market,Desktop,Card,98.88,1,,0,0,361,1.88
pay_000498791,m_00767,c_0170307,2026-01-01 16:05:00,AU,SMB,Mobile,Card,15.57,1,,0,0,416,0.3
pay_000238705,m_01541,c_0015803,2026-01-01 16:06:00,DE,SMB,Desktop,Card,34.26,0,suspected_fraud,0,0,519,0.0
pay_000581286,m_04445,c_0165855,2026-01-01 16:06:00,US,SMB,Desktop,Wallet,24.73,1,,0,0,1064,0.47
pay_000479542,m_03612,c_0035734,2026-01-01 16:06:00,US,SMB,Desktop,Card,45.31,0,insufficient_funds,0,0,729,0.0
pay_000829840,m_02329,c_0097206,2026-01-01 16:06:00,CA,Enterprise,Mobile,Wallet,247.74,1,,0,0,713,4.71
pay_000325507,m_02454,c_0071251,2026-01-01 16:07:00,US,SMB,Mobile,Card,24.35,1,,0,0,1305,0.46
pay_000801973,m_03969,c_0029302,2026-01-01 16:07:00,US,SMB,Mobile,Wallet,118.34,1,,0,0,635,2.25
pay_000717980,m_00336,c_0148304,2026-01-01 16:08:00,US,SMB,Desktop,Card,39.24,1,,0,0,974,0.75
pay_000252318,m_01558,c_0176619,2026-01-01 16:08:00,CA,Enterprise,Mobile,Card,15.45,1,,0,0,609,0.29
pay_000020426,m_01100,c_0046137,2026-01-01 16:08:00,US,SMB,Mobile,BNPL,29.84,1,,0,0,1083,0.57
pay_000886256,m_01674,c_0086186,2026-01-01 16:08:00,CA,Enterprise,Mobile,Card,353.58,1,,0,0,539,6.72
pay_000931071,m_01933,c_0093780,2026-01-01 16:09:00,DE,SMB,Mobile,Card,37.77,1,,0,0,771,0.72
pay_000604986,m_02067,c_0024993,2026-01-01 16:10:00,US,SMB,Mobile,Wallet,15.77,1,,0,0,672,0.3
pay_000192160,m_03710,c_0073917,2026-01-01 16:10:00,GB,Mid-market,Mobile,Card,33.05,1,,0,0,538,0.63
pay_000783921,m_04049,c_0104464,2026-01-01 16:10:00,CA,Mid-market,Desktop,Card,20.18,1,,0,0,857,0.38
pay_000445732,m_01705,c_0025199,2026-01-01 16:10:00,US,SMB,Mobile,Bank debit,113.34,1,,0,0,1319,2.15
pay_000435709,m_04381,c_0002161,2026-01-01 16:10:00,US,Mid-market,Mobile,Card,180.88,1,,0,0,975,3.44
pay_000863219,m_01959,c_0000418,2026-01-01 16:10:00,DE,Mid-market,Desktop,Bank debit,92.57,1,,0,0,1031,1.76
pay_000127755,m_04542,c_0125494,2026-01-01 16:11:00,GB,Mid-market,Mobile,BNPL,41.13,1,,0,0,583,0.78
pay_000914842,m_04940,c_0165316,2026-01-01 16:12:00,DE,Mid-market,Mobile,Card,58.34,1,,0,0,417,1.11
pay_000917930,m_02381,c_0119160,2026-01-01 16:12:00,GB,Mid-market,Desktop,Card,60.95,1,,0,0,502,1.16
pay_000838171,m_03968,c_0178419,2026-01-01 16:13:00,CA,SMB,Mobile,Card,20.86,1,,0,0,701,0.4
pay_000853090,m_00705,c_0032104,2026-01-01 16:13:00,GB,Mid-market,Mobile,Wallet,47.38,1,,0,0,685,0.9
pay_000368384,m_03837,c_0119799,2026-01-01 16:13:00,AU,SMB,Desktop,Card,25.52,1,,0,1,766,0.48
pay_000891596,m_00705,c_0049473,2026-01-01 16:13:00,DE,SMB,Desktop,Card,29.32,1,,0,0,831,0.56
pay_000769199,m_01293,c_0151403,2026-01-01 16:14:00,US,Enterprise,Mobile,Card,79.08,1,,0,0,770,1.5
pay_000751984,m_04985,c_0010703,2026-01-01 16:14:00,US,Mid-market,Mobile,Card,226.02,1,,0,0,547,4.29
pay_000856943,m_03529,c_0164426,2026-01-01 16:14:00,GB,SMB,Desktop,Wallet,66.6,0,insufficient_funds,0,0,666,0.0
pay_000454580,m_03174,c_0045791,2026-01-01 16:14:00,AU,Mid-market,Mobile,Card,44.15,1,,0,0,665,0.84
pay_000070338,m_02500,c_0105109,2026-01-01 16:14:00,US,SMB,Mobile,Card,234.78,1,,0,0,1175,4.46
pay_000229635,m_00555,c_0144948,2026-01-01 16:15:00,CA,Mid-market,Desktop,Wallet,71.55,1,,0,0,757,1.36
pay_000938361,m_04223,c_0016632,2026-01-01 16:15:00,CA,SMB,Mobile,BNPL,17.09,1,,0,0,519,0.32
pay_000351811,m_04301,c_0066510,2026-01-01 16:15:00,DE,SMB,Mobile,BNPL,32.29,1,,0,0,483,0.61
pay_000105468,m_02430,c_0104380,2026-01-01 16:15:00,US,SMB,Mobile,Wallet,143.05,1,,1,0,970,2.72
pay_000401679,m_00670,c_0090810,2026-01-01 16:16:00,US,Mid-market,Mobile,Card,39.99,1,,0,0,903,0.76
pay_000035768,m_04058,c_0058319,2026-01-01 16:16:00,US,Mid-market,Desktop,Card,27.98,1,,0,0,498,0.53
pay_000161623,m_01049,c_0066144,2026-01-01 16:16:00,DE,SMB,Mobile,Card,13.44,1,,0,0,599,0.26
pay_000835739,m_02856,c_0132476,2026-01-01 16:17:00,CA,Mid-market,Desktop,BNPL,21.59,1,,0,0,896,0.41
pay_000990390,m_00642,c_0001366,2026-01-01 16:17:00,GB,Mid-market,Desktop,Bank debit,59.75,1,,0,0,1016,1.14
pay_000313266,m_04662,c_0019818,2026-01-01 16:17:00,US,SMB,Mobile,Bank debit,63.34,1,,0,0,754,1.2
pay_000795368,m_03591,c_0110501,2026-01-01 16:17:00,US,SMB,Mobile,Wallet,9.66,1,,1,0,681,0.18
pay_000033566,m_02059,c_0149622,2026-01-01 16:17:00,US,SMB,Desktop,Bank debit,47.98,1,,0,0,1051,0.91
pay_000240957,m_04919,c_0088231,2026-01-01 16:18:00,US,SMB,Desktop,Card,19.63,1,,0,0,468,0.37
pay_000306362,m_01812,c_0067306,2026-01-01 16:18:00,GB,SMB,Mobile,Card,28.23,1,,1,0,719,0.54
pay_000828838,m_02945,c_0048250,2026-01-01 16:18:00,US,SMB,Desktop,Card,14.38,1,,0,0,840,0.27
pay_000785997,m_03929,c_0171749,2026-01-01 16:18:00,GB,SMB,Mobile,BNPL,16.35,1,,0,0,612,0.31
pay_000854570,m_03230,c_0051296,2026-01-01 16:19:00,DE,SMB,Mobile,Card,34.03,1,,0,0,696,0.65
pay_000671893,m_03746,c_0057192,2026-01-01 16:19:00,GB,Enterprise,Mobile,Card,22.94,0,network_error,0,0,659,0.0
pay_000105282,m_03718,c_0081868,2026-01-01 16:20:00,GB,SMB,Mobile,Card,25.15,1,,0,0,852,0.48
pay_000647438,m_03949,c_0164549,2026-01-01 16:20:00,US,Enterprise,Mobile,Card,104.78,0,issuer_decline,0,0,773,0.0
pay_000514083,m_00708,c_0093052,2026-01-01 16:20:00,US,SMB,Mobile,BNPL,21.54,1,,0,0,848,0.41
pay_000272060,m_03101,c_0127945,2026-01-01 16:21:00,US,SMB,Mobile,Card,34.73,1,,0,0,831,0.66
pay_000482679,m_03448,c_0070016,2026-01-01 16:21:00,US,SMB,Mobile,Wallet,57.43,1,,0,0,670,1.09
pay_000103413,m_00265,c_0109531,2026-01-01 16:21:00,US,SMB,Mobile,Bank debit,52.85,1,,0,0,768,1.0
pay_000136535,m_01691,c_0073715,2026-01-01 16:21:00,US,Enterprise,Desktop,Card,43.05,0,suspected_fraud,0,0,737,0.0
pay_000989489,m_01255,c_0096035,2026-01-01 16:22:00,DE,Mid-market,Mobile,Card,35.32,1,,0,0,776,0.67
pay_000727251,m_00298,c_0043885,2026-01-01 16:23:00,DE,Mid-market,Desktop,Wallet,67.96,1,,0,0,542,1.29
pay_000723048,m_02049,c_0006405,2026-01-01 16:23:00,US,SMB,Desktop,Card,33.55,1,,0,0,694,0.64
pay_000961461,m_00723,c_0109791,2026-01-01 16:24:00,CA,SMB,Mobile,Wallet,12.56,1,,0,0,696,0.24
pay_000916168,m_04439,c_0099223,2026-01-01 16:24:00,CA,SMB,Desktop,Card,23.73,1,,0,0,584,0.45
pay_000452513,m_03875,c_0028003,2026-01-01 16:24:00,US,SMB,Mobile,Wallet,19.92,1,,0,0,747,0.38
pay_000835918,m_00587,c_0148824,2026-01-01 16:24:00,US,Enterprise,Mobile,Wallet,100.34,1,,0,0,662,1.91
pay_000993383,m_04805,c_0110595,2026-01-01 16:25:00,CA,SMB,Mobile,Card,38.11,1,,0,0,606,0.72
pay_000674242,m_01847,c_0075737,2026-01-01 16:26:00,US,Enterprise,Mobile,Wallet,179.74,1,,0,0,658,3.42
pay_000567322,m_04467,c_0087650,2026-01-01 16:27:00,US,Mid-market,Mobile,Card,240.92,1,,0,0,639,4.58
pay_000135926,m_03933,c_0177974,2026-01-01 16:27:00,US,SMB,Mobile,Wallet,22.98,1,,0,0,308,0.44
pay_000478046,m_00077,c_0174437,2026-01-01 16:27:00,US,Mid-market,Desktop,Card,34.4,1,,0,0,721,0.65
pay_000710581,m_00269,c_0021676,2026-01-01 16:28:00,GB,Mid-market,Desktop,Card,107.45,1,,0,0,1170,2.04
pay_000515487,m_01811,c_0096347,2026-01-01 16:28:00,US,Mid-market,Mobile,Card,45.34,1,,0,0,556,0.86
pay_000525542,m_04513,c_0075001,2026-01-01 16:29:00,US,Enterprise,Mobile,Card,81.81,1,,0,0,586,1.55
pay_000251074,m_01939,c_0015526,2026-01-01 16:29:00,US,SMB,Mobile,Card,48.6,1,,0,0,350,0.92
pay_000701633,m_01809,c_0048185,2026-01-01 16:29:00,GB,SMB,Mobile,Card,31.09,1,,0,0,700,0.59
pay_000031184,m_00313,c_0066982,2026-01-01 16:30:00,GB,SMB,Mobile,Card,35.93,1,,0,0,578,0.68
pay_000737128,m_01979,c_0137445,2026-01-01 16:30:00,US,Enterprise,Mobile,Card,70.08,1,,0,0,1054,1.33
pay_000986880,m_03532,c_0174046,2026-01-01 16:30:00,GB,SMB,Mobile,Card,86.58,1,,0,0,1037,1.65
pay_000387994,m_03037,c_0041544,2026-01-01 16:30:00,DE,Mid-market,Desktop,Wallet,94.26,1,,0,0,645,1.79
pay_000031544,m_04998,c_0013987,2026-01-01 16:30:00,US,SMB,Mobile,Card,14.24,1,,0,0,406,0.27
pay_000424743,m_04917,c_0018355,2026-01-01 16:30:00,GB,SMB,Mobile,Card,6.85,1,,0,0,752,0.13
pay_000298987,m_01886,c_0148777,2026-01-01 16:31:00,US,Mid-market,Mobile,Card,93.95,1,,0,0,488,1.79
pay_000026801,m_01364,c_0134415,2026-01-01 16:31:00,US,SMB,Mobile,Card,38.87,1,,0,0,729,0.74
pay_000165763,m_04092,c_0167793,2026-01-01 16:31:00,US,Mid-market,Desktop,Bank debit,71.4,1,,0,0,1119,1.36
pay_000219904,m_00406,c_0050145,2026-01-01 16:32:00,DE,SMB,Mobile,Wallet,40.73,1,,0,0,603,0.77
pay_000860623,m_00844,c_0018398,2026-01-01 16:32:00,GB,Enterprise,Mobile,Card,78.37,1,,0,0,743,1.49
pay_000449299,m_02452,c_0150825,2026-01-01 16:33:00,US,Mid-market,Mobile,Card,27.0,1,,0,0,916,0.51
pay_000092098,m_03129,c_0088535,2026-01-01 16:33:00,US,SMB,Mobile,Card,32.29,1,,0,0,459,0.61
pay_000494693,m_04341,c_0153601,2026-01-01 16:33:00,GB,Enterprise,Mobile,Card,121.58,1,,0,0,1087,2.31
pay_000099422,m_04388,c_0119641,2026-01-01 16:33:00,US,Mid-market,Desktop,BNPL,12.21,1,,0,0,566,0.23
pay_000696842,m_00798,c_0092692,2026-01-01 16:34:00,US,Mid-market,Mobile,Card,16.14,1,,0,0,363,0.31
pay_000437420,m_00827,c_0064357,2026-01-01 16:34:00,CA,SMB,Mobile,Card,23.0,1,,0,0,1090,0.44
pay_000157491,m_02295,c_0032527,2026-01-01 16:35:00,US,SMB,Mobile,Wallet,43.41,1,,0,0,892,0.82
pay_000752368,m_01492,c_0166491,2026-01-01 16:36:00,AU,Mid-market,Desktop,Card,32.7,1,,1,0,675,0.62
pay_000623687,m_01048,c_0160411,2026-01-01 16:36:00,GB,Enterprise,Mobile,Card,118.58,1,,0,0,845,2.25
pay_000168438,m_04116,c_0000941,2026-01-01 16:36:00,US,SMB,Desktop,Card,11.98,1,,0,0,948,0.23
pay_000731050,m_00025,c_0143484,2026-01-01 16:37:00,US,SMB,Mobile,Card,58.88,1,,0,0,301,1.12
pay_000013959,m_00297,c_0127510,2026-01-01 16:37:00,US,Mid-market,Desktop,BNPL,71.24,1,,0,0,444,1.35
pay_000412788,m_03514,c_0023314,2026-01-01 16:37:00,CA,Enterprise,Mobile,Card,69.21,1,,0,0,858,1.31
pay_000428473,m_01458,c_0046386,2026-01-01 16:37:00,GB,SMB,Mobile,Wallet,26.26,1,,0,0,603,0.5
pay_000235925,m_02167,c_0090162,2026-01-01 16:37:00,GB,Mid-market,Desktop,Card,154.83,1,,0,0,1072,2.94
pay_000720689,m_02851,c_0031697,2026-01-01 16:37:00,US,SMB,Mobile,Wallet,71.82,1,,0,0,554,1.36
pay_000208479,m_00981,c_0102296,2026-01-01 16:38:00,GB,Mid-market,Desktop,Bank debit,32.8,1,,0,0,1142,0.62
pay_000433710,m_01539,c_0083160,2026-01-01 16:38:00,US,Mid-market,Mobile,Card,23.9,1,,0,0,953,0.45
pay_000186342,m_03011,c_0087987,2026-01-01 16:39:00,US,SMB,Mobile,BNPL,12.05,1,,0,0,960,0.23
pay_000480652,m_01050,c_0174077,2026-01-01 16:40:00,AU,Mid-market,Mobile,Wallet,58.31,1,,0,0,407,1.11
pay_000205757,m_00929,c_0135439,2026-01-01 16:40:00,GB,SMB,Mobile,BNPL,49.59,1,,0,0,701,0.94
pay_000031140,m_03242,c_0126460,2026-01-01 16:40:00,US,Enterprise,Desktop,BNPL,249.15,1,,0,0,413,4.73
pay_000395580,m_04178,c_0045287,2026-01-01 16:40:00,AU,SMB,Desktop,Card,22.88,1,,0,0,484,0.43
pay_000889994,m_03700,c_0165534,2026-01-01 16:41:00,US,SMB,Desktop,Bank debit,34.14,1,,0,0,1035,0.65
pay_000531345,m_01286,c_0171401,2026-01-01 16:41:00,AU,SMB,Desktop,Card,30.41,1,,0,0,617,0.58
pay_000647074,m_00453,c_0126230,2026-01-01 16:41:00,AU,SMB,Mobile,Card,24.74,1,,0,0,814,0.47
pay_000292027,m_02570,c_0001094,2026-01-01 16:41:00,DE,Enterprise,Desktop,Card,91.26,1,,0,0,837,1.73
pay_000138088,m_03037,c_0141421,2026-01-01 16:41:00,AU,SMB,Mobile,Card,34.68,0,network_error,0,0,518,0.0
pay_000659020,m_01794,c_0013669,2026-01-01 16:42:00,GB,SMB,Mobile,Bank debit,4.05,1,,0,0,1233,0.08
pay_000125231,m_03834,c_0039315,2026-01-01 16:42:00,US,Mid-market,Mobile,Wallet,224.93,0,network_error,0,0,712,0.0
pay_000706985,m_00497,c_0012374,2026-01-01 16:43:00,US,SMB,Mobile,Card,78.18,1,,0,0,1057,1.49
pay_000013246,m_03238,c_0115652,2026-01-01 16:44:00,US,Mid-market,Mobile,Card,58.38,1,,0,0,1014,1.11
pay_000584037,m_02092,c_0074745,2026-01-01 16:44:00,US,Mid-market,Mobile,Card,4.74,1,,0,0,778,0.09
pay_000718195,m_01293,c_0012689,2026-01-01 16:44:00,CA,Enterprise,Mobile,Wallet,19.0,1,,0,0,960,0.36
pay_000860725,m_04743,c_0046641,2026-01-01 16:44:00,CA,Mid-market,Mobile,Card,115.75,1,,0,0,514,2.2
pay_000308718,m_00339,c_0071289,2026-01-01 16:45:00,CA,Mid-market,Mobile,Card,14.05,1,,0,0,605,0.27
pay_000108172,m_00254,c_0178600,2026-01-01 16:45:00,US,SMB,Desktop,Wallet,87.69,1,,0,0,970,1.67
pay_000566113,m_00348,c_0160616,2026-01-01 16:46:00,AU,Mid-market,Desktop,Card,22.11,1,,0,0,767,0.42
pay_000476849,m_01928,c_0114524,2026-01-01 16:46:00,CA,Mid-market,Mobile,Card,141.59,0,issuer_decline,0,0,743,0.0
pay_000663728,m_02882,c_0023348,2026-01-01 16:47:00,US,Mid-market,Mobile,Card,113.32,1,,0,0,851,2.15
pay_000640900,m_02571,c_0088695,2026-01-01 16:47:00,DE,SMB,Mobile,BNPL,8.59,1,,0,0,849,0.16
pay_000906432,m_04580,c_0118087,2026-01-01 16:47:00,GB,SMB,Mobile,Bank debit,40.73,0,insufficient_funds,0,0,964,0.0
pay_000850933,m_01321,c_0097449,2026-01-01 16:48:00,AU,Mid-market,Mobile,Card,74.14,1,,0,0,921,1.41
pay_000943497,m_01654,c_0141221,2026-01-01 16:48:00,US,Mid-market,Mobile,Card,20.86,1,,0,0,815,0.4
pay_000588423,m_01854,c_0094432,2026-01-01 16:48:00,DE,Mid-market,Mobile,Wallet,45.39,1,,0,0,637,0.86
pay_000699319,m_03436,c_0057942,2026-01-01 16:49:00,US,Mid-market,Mobile,Card,56.47,1,,0,0,681,1.07
pay_000542214,m_01082,c_0132215,2026-01-01 16:49:00,US,SMB,Mobile,Card,12.2,1,,0,0,459,0.23
pay_000178456,m_01234,c_0004174,2026-01-01 16:49:00,US,Enterprise,Mobile,Card,62.98,1,,0,0,913,1.2
pay_000642261,m_03191,c_0034369,2026-01-01 16:49:00,US,SMB,Mobile,Card,40.6,1,,0,0,914,0.77
pay_000533452,m_01306,c_0072618,2026-01-01 16:50:00,US,SMB,Desktop,Wallet,14.74,1,,0,0,743,0.28
pay_000939407,m_00972,c_0047905,2026-01-01 16:50:00,CA,Mid-market,Mobile,Bank debit,185.33,1,,0,0,1269,3.52
pay_000566063,m_02009,c_0048399,2026-01-01 16:50:00,US,SMB,Mobile,Wallet,25.36,1,,0,0,611,0.48
pay_000163955,m_04980,c_0048256,2026-01-01 16:51:00,US,SMB,Desktop,Bank debit,34.68,1,,0,0,791,0.66
pay_000734327,m_00829,c_0081838,2026-01-01 16:52:00,US,Mid-market,Mobile,Card,91.57,1,,0,0,724,1.74
pay_000964505,m_01315,c_0022125,2026-01-01 16:52:00,US,Mid-market,Mobile,Card,104.6,1,,0,0,880,1.99
pay_000847435,m_03551,c_0169345,2026-01-01 16:53:00,GB,SMB,Desktop,Card,79.89,1,,0,0,1063,1.52
pay_000430051,m_01567,c_0115130,2026-01-01 16:53:00,CA,SMB,Desktop,Card,98.14,1,,0,0,715,1.86
pay_000901761,m_03716,c_0141923,2026-01-01 16:53:00,US,Mid-market,Mobile,Card,45.93,1,,0,0,902,0.87
pay_000924476,m_04818,c_0142209,2026-01-01 16:53:00,CA,Enterprise,Mobile,Wallet,57.34,1,,0,0,266,1.09
pay_000150949,m_04470,c_0123783,2026-01-01 16:54:00,AU,SMB,Desktop,Wallet,18.64,1,,0,0,266,0.35
pay_000777098,m_01084,c_0052101,2026-01-01 16:54:00,US,Enterprise,Mobile,Wallet,20.75,1,,0,0,632,0.39
pay_000386068,m_01953,c_0002551,2026-01-01 16:55:00,US,SMB,Mobile,Card,45.95,1,,0,0,845,0.87
pay_000316885,m_00690,c_0015378,2026-01-01 16:55:00,US,SMB,Mobile,BNPL,244.43,1,,0,0,604,4.64
pay_000842337,m_01730,c_0061292,2026-01-01 16:55:00,CA,Enterprise,Mobile,Card,84.04,1,,0,0,559,1.6
pay_000725446,m_02675,c_0130196,2026-01-01 16:56:00,GB,SMB,Desktop,Wallet,10.75,1,,0,0,1023,0.2
pay_000402512,m_02958,c_0029984,2026-01-01 16:56:00,AU,SMB,Mobile,BNPL,79.95,1,,0,0,944,1.52
pay_000817858,m_04076,c_0166992,2026-01-01 16:57:00,US,Mid-market,Desktop,Wallet,11.46,1,,0,0,703,0.22
pay_000508875,m_02583,c_0170553,2026-01-01 16:58:00,AU,SMB,Desktop,Wallet,26.96,1,,0,0,621,0.51
pay_000207713,m_00530,c_0155376,2026-01-01 16:58:00,DE,SMB,Mobile,Wallet,14.73,1,,0,0,894,0.28
pay_000199968,m_01570,c_0142550,2026-01-01 16:58:00,US,Mid-market,Mobile,Card,35.68,1,,0,0,1035,0.68
pay_000626953,m_01585,c_0061055,2026-01-01 16:58:00,AU,Mid-market,Mobile,Card,44.19,1,,0,0,829,0.84
pay_000797829,m_00974,c_0026548,2026-01-01 16:59:00,CA,Enterprise,Desktop,Card,31.07,0,suspected_fraud,0,0,1130,0.0
pay_000617185,m_01866,c_0149492,2026-01-01 17:00:00,GB,SMB,Mobile,Wallet,17.84,1,,0,0,338,0.34
pay_000932784,m_01472,c_0177348,2026-01-01 17:00:00,DE,SMB,Mobile,Card,83.59,1,,0,0,716,1.59
pay_000811901,m_03322,c_0070759,2026-01-01 17:01:00,US,SMB,Mobile,Card,48.27,1,,0,0,1029,0.92
pay_000127481,m_02783,c_0126335,2026-01-01 17:01:00,US,SMB,Mobile,Card,41.25,1,,0,0,650,0.78
pay_000455313,m_00277,c_0089659,2026-01-01 17:01:00,CA,Mid-market,Mobile,Wallet,23.66,1,,0,0,769,0.45
pay_000947048,m_00575,c_0009471,2026-01-01 17:02:00,US,Mid-market,Mobile,Wallet,29.97,1,,0,0,385,0.57
pay_000231814,m_03057,c_0006646,2026-01-01 17:02:00,AU,SMB,Mobile,Card,9.21,1,,0,0,320,0.17
pay_000443436,m_01121,c_0036172,2026-01-01 17:02:00,GB,SMB,Mobile,BNPL,74.89,1,,0,0,1011,1.42
pay_000388260,m_04972,c_0138320,2026-01-01 17:03:00,US,Mid-market,Desktop,Card,27.65,1,,0,0,1061,0.53
pay_000637277,m_00540,c_0003214,2026-01-01 17:03:00,US,Enterprise,Mobile,Bank debit,10.74,1,,0,0,838,0.2
pay_000579728,m_04769,c_0161844,2026-01-01 17:03:00,US,Mid-market,Mobile,Card,8.11,1,,0,0,768,0.15
pay_000689556,m_02683,c_0075848,2026-01-01 17:04:00,CA,Mid-market,Desktop,BNPL,39.55,1,,0,0,563,0.75
pay_000457919,m_03484,c_0033195,2026-01-01 17:04:00,DE,SMB,Mobile,Card,33.86,1,,0,0,751,0.64
pay_000591771,m_02692,c_0156213,2026-01-01 17:04:00,GB,Mid-market,Desktop,Card,89.03,1,,0,0,565,1.69
pay_000226960,m_01183,c_0043869,2026-01-01 17:04:00,US,SMB,Mobile,Bank debit,21.8,1,,0,0,1029,0.41
pay_000144863,m_03224,c_0099438,2026-01-01 17:05:00,US,SMB,Mobile,Card,23.64,1,,0,0,801,0.45
pay_000467507,m_04322,c_0024162,2026-01-01 17:05:00,US,SMB,Mobile,Card,19.94,1,,0,0,659,0.38
pay_000439629,m_01563,c_0175704,2026-01-01 17:05:00,US,Enterprise,Desktop,Bank debit,67.67,0,issuer_decline,0,0,1056,0.0
pay_000383566,m_04823,c_0000885,2026-01-01 17:05:00,US,Mid-market,Desktop,Wallet,30.17,1,,0,0,765,0.57
pay_000276491,m_04023,c_0096293,2026-01-01 17:05:00,US,Enterprise,Mobile,Bank debit,19.18,1,,1,0,1118,0.36
pay_000190083,m_04729,c_0069588,2026-01-01 17:06:00,US,Enterprise,Mobile,Card,90.02,1,,0,0,427,1.71
pay_000852959,m_02480,c_0097876,2026-01-01 17:06:00,CA,Mid-market,Mobile,Card,11.84,1,,0,0,651,0.22
pay_000654900,m_02193,c_0044708,2026-01-01 17:07:00,GB,SMB,Desktop,Card,17.87,1,,0,0,640,0.34
pay_000011493,m_01044,c_0109316,2026-01-01 17:07:00,US,Mid-market,Desktop,Wallet,76.4,1,,0,0,245,1.45
pay_000224545,m_00630,c_0060343,2026-01-01 17:07:00,US,SMB,Desktop,Card,12.0,1,,0,0,861,0.23
pay_000855215,m_04385,c_0010688,2026-01-01 17:07:00,US,Mid-market,Desktop,Card,49.68,0,network_error,0,0,507,0.0
pay_000547818,m_04018,c_0072483,2026-01-01 17:08:00,US,SMB,Mobile,Card,17.36,0,suspected_fraud,0,0,675,0.0
pay_000591443,m_04390,c_0094597,2026-01-01 17:08:00,GB,SMB,Desktop,Wallet,42.25,0,expired_card,0,0,873,0.0
pay_000495321,m_04482,c_0051651,2026-01-01 17:08:00,US,Mid-market,Desktop,Card,315.22,0,expired_card,0,0,676,0.0
pay_000980842,m_04638,c_0112726,2026-01-01 17:08:00,GB,SMB,Mobile,Card,15.15,1,,0,0,859,0.29
pay_000097535,m_02097,c_0175029,2026-01-01 17:09:00,GB,SMB,Desktop,Card,62.57,1,,0,1,1047,1.19
pay_000238817,m_04462,c_0057834,2026-01-01 17:09:00,AU,SMB,Mobile,Wallet,20.33,1,,0,0,635,0.39
pay_000832699,m_00944,c_0113083,2026-01-01 17:09:00,AU,SMB,Mobile,Wallet,105.14,1,,0,0,441,2.0
pay_000864624,m_00445,c_0143661,2026-01-01 17:09:00,US,SMB,Desktop,BNPL,209.3,1,,0,0,861,3.98
pay_000274115,m_01088,c_0107793,2026-01-01 17:10:00,GB,SMB,Mobile,Wallet,9.55,1,,0,0,301,0.18
pay_000266820,m_03671,c_0143123,2026-01-01 17:10:00,US,SMB,Mobile,Bank debit,54.48,1,,0,0,1200,1.04
pay_000702425,m_01029,c_0029586,2026-01-01 17:10:00,CA,Mid-market,Desktop,Card,73.09,1,,0,0,396,1.39
pay_000076048,m_03533,c_0113077,2026-01-01 17:10:00,US,SMB,Desktop,Bank debit,127.27,1,,0,0,562,2.42
pay_000842032,m_02556,c_0009359,2026-01-01 17:10:00,US,SMB,Mobile,Card,17.56,1,,0,0,921,0.33
pay_000852815,m_04379,c_0020382,2026-01-01 17:11:00,US,Enterprise,Mobile,Wallet,40.61,1,,0,0,172,0.77
pay_000874271,m_01641,c_0109539,2026-01-01 17:11:00,AU,SMB,Desktop,Wallet,14.7,0,issuer_decline,0,0,620,0.0
pay_000352328,m_01503,c_0163617,2026-01-01 17:11:00,US,SMB,Desktop,BNPL,11.72,1,,0,0,658,0.22
pay_000695684,m_01891,c_0111814,2026-01-01 17:11:00,GB,SMB,Desktop,Card,54.44,1,,0,0,722,1.03
pay_000206886,m_02887,c_0119617,2026-01-01 17:12:00,US,SMB,Mobile,Card,41.14,1,,0,0,597,0.78
pay_000896273,m_01093,c_0109001,2026-01-01 17:12:00,US,SMB,Mobile,Wallet,22.73,1,,0,0,922,0.43
pay_000278094,m_02760,c_0115836,2026-01-01 17:12:00,US,Mid-market,Mobile,Bank debit,22.48,1,,0,0,1300,0.43
pay_000362805,m_02987,c_0119831,2026-01-01 17:12:00,DE,SMB,Desktop,Card,20.48,1,,0,0,492,0.39
pay_000354086,m_03148,c_0159900,2026-01-01 17:13:00,GB,SMB,Desktop,BNPL,17.26,0,suspected_fraud,0,0,783,0.0
pay_000740367,m_04647,c_0071580,2026-01-01 17:13:00,DE,Mid-market,Mobile,Wallet,20.71,1,,0,0,612,0.39
pay_000135891,m_01670,c_0086774,2026-01-01 17:13:00,CA,SMB,Mobile,Card,9.82,1,,0,0,761,0.19
pay_000250232,m_01413,c_0152094,2026-01-01 17:15:00,DE,Mid-market,Desktop,Card,88.63,1,,0,0,636,1.68
pay_000475064,m_04378,c_0151115,2026-01-01 17:15:00,CA,Mid-market,Mobile,Bank debit,100.13,1,,0,0,1013,1.9
pay_000737439,m_04178,c_0103156,2026-01-01 17:16:00,GB,Mid-market,Mobile,Wallet,37.99,1,,0,0,753,0.72
pay_000994854,m_00481,c_0121419,2026-01-01 17:17:00,US,SMB,Desktop,Card,109.78,1,,0,0,1233,2.09
pay_000496259,m_04291,c_0106443,2026-01-01 17:17:00,AU,Mid-market,Mobile,Bank debit,14.53,1,,0,0,973,0.28
pay_000745898,m_01009,c_0152349,2026-01-01 17:18:00,CA,Enterprise,Desktop,Card,244.74,1,,0,0,695,4.65
pay_000852748,m_00768,c_0133556,2026-01-01 17:18:00,US,SMB,Desktop,Bank debit,205.74,1,,0,0,494,3.91
pay_000420918,m_02112,c_0152449,2026-01-01 17:18:00,US,Mid-market,Desktop,Card,47.46,0,network_error,0,0,695,0.0
pay_000021437,m_04360,c_0025852,2026-01-01 17:19:00,GB,Mid-market,Mobile,Card,244.13,1,,0,0,542,4.64
pay_000628907,m_01693,c_0142378,2026-01-01 17:20:00,DE,SMB,Mobile,BNPL,18.94,1,,0,0,652,0.36
pay_000127999,m_00395,c_0114934,2026-01-01 17:20:00,US,SMB,Desktop,Card,100.92,1,,0,0,753,1.92
pay_000502510,m_01492,c_0128740,2026-01-01 17:20:00,AU,SMB,Desktop,Card,120.19,1,,0,0,614,2.28
pay_000040081,m_01005,c_0154275,2026-01-01 17:21:00,US,Mid-market,Mobile,Bank debit,30.09,1,,0,0,904,0.57
pay_000830657,m_02971,c_0041481,2026-01-01 17:22:00,CA,SMB,Mobile,Card,91.49,1,,0,0,930,1.74
pay_000195619,m_01988,c_0171987,2026-01-01 17:22:00,US,SMB,Desktop,Card,8.89,1,,0,0,1113,0.17
pay_000551610,m_01413,c_0088830,2026-01-01 17:22:00,DE,SMB,Desktop,Bank debit,10.42,1,,0,0,889,0.2
pay_000129813,m_01814,c_0067207,2026-01-01 17:22:00,GB,SMB,Desktop,Card,93.59,1,,0,0,945,1.78
pay_000855824,m_03455,c_0032986,2026-01-01 17:22:00,GB,Mid-market,Mobile,Bank debit,18.29,1,,0,0,592,0.35
pay_000788589,m_02711,c_0172663,2026-01-01 17:23:00,AU,SMB,Mobile,BNPL,21.57,1,,0,0,852,0.41
pay_000521692,m_04203,c_0157495,2026-01-01 17:23:00,US,SMB,Mobile,Wallet,129.69,1,,0,0,977,2.46
pay_000056618,m_04095,c_0129793,2026-01-01 17:23:00,GB,Mid-market,Desktop,Card,40.48,1,,0,0,628,0.77
pay_000926883,m_03682,c_0120805,2026-01-01 17:24:00,AU,Mid-market,Mobile,Bank debit,224.09,1,,0,0,1092,4.26
pay_000466797,m_00022,c_0047384,2026-01-01 17:24:00,US,SMB,Desktop,Wallet,11.05,0,suspected_fraud,0,0,608,0.0
pay_000538031,m_01572,c_0087989,2026-01-01 17:24:00,US,SMB,Mobile,Wallet,83.62,1,,0,0,605,1.59
pay_000879902,m_01956,c_0087477,2026-01-01 17:25:00,AU,Mid-market,Mobile,Card,20.71,1,,0,0,696,0.39
pay_000663915,m_00322,c_0112051,2026-01-01 17:26:00,DE,SMB,Mobile,Wallet,52.79,1,,0,0,664,1.0
pay_000954133,m_04963,c_0165040,2026-01-01 17:27:00,US,SMB,Desktop,Wallet,23.14,1,,0,0,512,0.44
pay_000648701,m_03229,c_0139979,2026-01-01 17:27:00,GB,Mid-market,Desktop,Card,85.78,1,,0,0,673,1.63
pay_000741020,m_03707,c_0064273,2026-01-01 17:27:00,DE,SMB,Mobile,Bank debit,15.4,1,,0,0,1186,0.29
pay_000501915,m_01490,c_0051887,2026-01-01 17:28:00,US,Enterprise,Mobile,Wallet,27.44,1,,0,0,802,0.52
pay_000015691,m_00292,c_0148035,2026-01-01 17:28:00,CA,Mid-market,Mobile,Card,26.89,1,,0,0,979,0.51
pay_000743645,m_00348,c_0175668,2026-01-01 17:28:00,DE,SMB,Desktop,Bank debit,48.18,1,,0,0,683,0.92
pay_000620134,m_01431,c_0039931,2026-01-01 17:28:00,GB,SMB,Desktop,Card,5.46,1,,0,0,937,0.1
pay_000218223,m_04428,c_0125413,2026-01-01 17:28:00,US,SMB,Mobile,Bank debit,16.25,1,,0,0,1087,0.31
pay_000447314,m_02666,c_0099310,2026-01-01 17:29:00,AU,Enterprise,Mobile,Wallet,25.45,1,,0,0,671,0.48
pay_000824798,m_01147,c_0120517,2026-01-01 17:29:00,CA,SMB,Mobile,Bank debit,14.69,1,,0,0,1227,0.28
pay_000594136,m_04180,c_0164805,2026-01-01 17:29:00,AU,Mid-market,Mobile,Card,54.04,1,,0,0,629,1.03
pay_000136445,m_01618,c_0171438,2026-01-01 17:30:00,US,Mid-market,Mobile,Bank debit,37.89,1,,0,0,1019,0.72
pay_000652973,m_00058,c_0124410,2026-01-01 17:30:00,US,Mid-market,Desktop,Card,40.88,1,,0,0,425,0.78
pay_000234197,m_00362,c_0129722,2026-01-01 17:31:00,DE,SMB,Mobile,BNPL,11.55,1,,0,0,610,0.22
pay_000940182,m_03853,c_0013874,2026-01-01 17:31:00,GB,SMB,Desktop,Card,10.46,1,,0,0,839,0.2
pay_000980692,m_02427,c_0050636,2026-01-01 17:31:00,GB,SMB,Desktop,Bank debit,288.94,1,,0,0,1138,5.49
pay_000572228,m_04329,c_0030399,2026-01-01 17:31:00,US,Enterprise,Desktop,Card,373.42,1,,0,0,959,7.09
pay_000082388,m_04768,c_0179025,2026-01-01 17:32:00,GB,Mid-market,Desktop,Wallet,43.18,1,,0,0,582,0.82
pay_000053197,m_02021,c_0171572,2026-01-01 17:33:00,CA,SMB,Desktop,Card,13.89,1,,0,0,987,0.26
pay_000915878,m_00319,c_0129942,2026-01-01 17:33:00,US,SMB,Desktop,Card,30.95,1,,0,0,857,0.59
pay_000047134,m_04602,c_0085100,2026-01-01 17:33:00,US,Enterprise,Mobile,Card,48.78,1,,0,0,829,0.93
pay_000798292,m_04790,c_0017039,2026-01-01 17:34:00,AU,Mid-market,Desktop,Bank debit,59.99,1,,0,0,1102,1.14
pay_000766789,m_04064,c_0065012,2026-01-01 17:34:00,US,SMB,Mobile,Wallet,29.31,1,,0,0,542,0.56
pay_000438033,m_03853,c_0110808,2026-01-01 17:34:00,US,Mid-market,Desktop,Wallet,89.5,1,,0,0,1095,1.7
pay_000247941,m_04339,c_0100252,2026-01-01 17:35:00,CA,SMB,Mobile,Card,30.48,1,,0,0,617,0.58
pay_000544874,m_03115,c_0177372,2026-01-01 17:35:00,US,Mid-market,Desktop,Card,77.51,1,,0,0,455,1.47
pay_000439671,m_01289,c_0049946,2026-01-01 17:35:00,US,SMB,Mobile,Card,52.7,1,,1,0,655,1.0
pay_000384913,m_00442,c_0075702,2026-01-01 17:36:00,CA,Mid-market,Mobile,Card,177.74,1,,0,0,798,3.38
pay_000536513,m_02599,c_0098346,2026-01-01 17:36:00,CA,Mid-market,Mobile,Card,96.72,1,,0,0,751,1.84
pay_000004627,m_01716,c_0155704,2026-01-01 17:37:00,DE,SMB,Desktop,Card,106.56,1,,0,0,551,2.02
pay_000532261,m_01817,c_0169303,2026-01-01 17:38:00,US,SMB,Desktop,Wallet,20.7,1,,0,0,896,0.39
pay_000354038,m_04940,c_0025211,2026-01-01 17:38:00,CA,SMB,Mobile,Wallet,26.58,1,,0,0,540,0.51
pay_000095067,m_01516,c_0151873,2026-01-01 17:39:00,US,SMB,Desktop,Card,27.49,1,,0,0,551,0.52
pay_000020652,m_02349,c_0082473,2026-01-01 17:39:00,CA,SMB,Desktop,Wallet,36.8,1,,0,0,517,0.7
pay_000378082,m_01129,c_0109040,2026-01-01 17:39:00,US,SMB,Mobile,Card,25.21,1,,0,0,761,0.48
pay_000773858,m_04275,c_0139264,2026-01-01 17:39:00,US,Mid-market,Mobile,Wallet,64.67,1,,0,0,608,1.23
pay_000268305,m_04529,c_0092702,2026-01-01 17:39:00,US,Mid-market,Mobile,Card,129.95,1,,0,0,797,2.47
pay_000844297,m_02402,c_0085653,2026-01-01 17:40:00,AU,SMB,Desktop,Card,71.32,1,,0,0,492,1.36
pay_000939607,m_01098,c_0038881,2026-01-01 17:40:00,US,Mid-market,Mobile,Card,48.46,1,,0,0,577,0.92
pay_000750209,m_02596,c_0103421,2026-01-01 17:40:00,AU,Mid-market,Desktop,Wallet,17.21,1,,0,0,776,0.33
pay_000747946,m_03258,c_0039590,2026-01-01 17:41:00,US,Enterprise,Mobile,Card,33.0,1,,0,0,723,0.63
pay_000150734,m_00513,c_0036053,2026-01-01 17:41:00,CA,Mid-market,Mobile,Wallet,147.25,1,,0,0,393,2.8
pay_000906628,m_04241,c_0002990,2026-01-01 17:41:00,US,Enterprise,Desktop,Card,73.23,1,,0,0,751,1.39
pay_000320737,m_01371,c_0084740,2026-01-01 17:42:00,GB,SMB,Desktop,Wallet,15.54,1,,0,0,610,0.3
pay_000379655,m_03447,c_0011548,2026-01-01 17:42:00,CA,SMB,Desktop,Card,125.68,1,,0,0,503,2.39
pay_000852063,m_02290,c_0120695,2026-01-01 17:42:00,AU,SMB,Mobile,Wallet,27.07,1,,0,0,547,0.51
pay_000318714,m_01681,c_0115295,2026-01-01 17:43:00,US,Mid-market,Mobile,Card,39.73,1,,0,0,672,0.75
pay_000029736,m_04577,c_0103833,2026-01-01 17:43:00,DE,SMB,Mobile,Card,55.09,1,,0,0,472,1.05
pay_000055102,m_02316,c_0015310,2026-01-01 17:43:00,US,SMB,Mobile,Card,56.83,1,,0,0,869,1.08
pay_000277554,m_01032,c_0166409,2026-01-01 17:44:00,DE,SMB,Desktop,Card,77.26,0,network_error,0,0,657,0.0
pay_000057918,m_00591,c_0027999,2026-01-01 17:44:00,DE,Mid-market,Mobile,Card,61.98,1,,0,0,996,1.18
pay_000531921,m_03365,c_0128116,2026-01-01 17:44:00,GB,Enterprise,Mobile,Card,113.45,1,,0,0,803,2.16
pay_000892767,m_01336,c_0045990,2026-01-01 17:44:00,DE,SMB,Mobile,Card,21.23,1,,0,0,835,0.4
pay_000541134,m_02996,c_0008504,2026-01-01 17:45:00,GB,SMB,Mobile,Card,33.72,1,,0,0,1042,0.64
pay_000319818,m_03088,c_0065506,2026-01-01 17:46:00,US,Mid-market,Mobile,Wallet,18.13,1,,0,0,372,0.34
pay_000044906,m_04734,c_0031101,2026-01-01 17:46:00,US,SMB,Mobile,Bank debit,40.96,1,,0,0,1061,0.78
pay_000263914,m_04886,c_0058314,2026-01-01 17:47:00,CA,SMB,Mobile,Card,10.31,1,,0,0,1125,0.2
pay_000590416,m_02898,c_0170592,2026-01-01 17:47:00,DE,Enterprise,Mobile,Wallet,61.31,1,,0,0,746,1.16
pay_000669006,m_04850,c_0134198,2026-01-01 17:47:00,DE,Enterprise,Mobile,BNPL,27.3,1,,0,0,1113,0.52
pay_000745303,m_01264,c_0150904,2026-01-01 17:48:00,CA,Mid-market,Mobile,Card,114.52,1,,0,0,354,2.18
pay_000154485,m_01886,c_0002839,2026-01-01 17:48:00,US,SMB,Mobile,Wallet,5.67,1,,0,0,525,0.11
pay_000667880,m_02379,c_0021179,2026-01-01 17:48:00,US,Mid-market,Mobile,Card,62.23,0,issuer_decline,0,0,695,0.0
pay_000564068,m_04973,c_0137219,2026-01-01 17:48:00,GB,SMB,Mobile,Wallet,73.6,1,,0,0,896,1.4
pay_000156137,m_00691,c_0050731,2026-01-01 17:49:00,DE,SMB,Mobile,Card,141.36,0,suspected_fraud,0,0,817,0.0
pay_000835499,m_02335,c_0072840,2026-01-01 17:49:00,CA,Mid-market,Desktop,Wallet,216.81,1,,0,0,407,4.12
pay_000523788,m_00152,c_0070485,2026-01-01 17:50:00,US,SMB,Desktop,Card,22.31,0,issuer_decline,0,0,738,0.0
pay_000122704,m_01205,c_0027341,2026-01-01 17:50:00,US,Mid-market,Mobile,Card,18.22,1,,0,0,100,0.35
pay_000627085,m_00021,c_0114435,2026-01-01 17:50:00,US,Mid-market,Mobile,Bank debit,89.43,1,,0,0,1061,1.7
pay_000566895,m_00183,c_0152755,2026-01-01 17:50:00,CA,SMB,Mobile,Card,62.4,1,,0,0,555,1.19
pay_000622252,m_01331,c_0113135,2026-01-01 17:50:00,GB,SMB,Desktop,Card,107.17,1,,0,0,427,2.04
pay_000264401,m_00642,c_0166633,2026-01-01 17:51:00,US,SMB,Mobile,Wallet,67.51,1,,0,0,806,1.28
pay_000432072,m_03490,c_0099562,2026-01-01 17:51:00,US,SMB,Desktop,Card,21.97,1,,0,0,1009,0.42
pay_000008630,m_02836,c_0087233,2026-01-01 17:51:00,AU,Enterprise,Mobile,Wallet,79.16,1,,0,0,454,1.5
pay_000587484,m_03039,c_0122756,2026-01-01 17:52:00,AU,Mid-market,Mobile,Card,59.24,1,,0,0,304,1.13
pay_000452606,m_03176,c_0029512,2026-01-01 17:52:00,CA,SMB,Mobile,Wallet,15.22,0,expired_card,0,0,672,0.0
pay_000450272,m_01777,c_0150615,2026-01-01 17:53:00,US,Mid-market,Mobile,Card,18.74,1,,1,0,1315,0.36
pay_000453032,m_02242,c_0059641,2026-01-01 17:53:00,DE,Mid-market,Mobile,Card,53.5,1,,0,0,364,1.02
pay_000175662,m_03011,c_0147635,2026-01-01 17:54:00,GB,Enterprise,Desktop,Card,120.97,1,,0,0,882,2.3
pay_000117424,m_04537,c_0151609,2026-01-01 17:54:00,CA,Mid-market,Mobile,Wallet,88.11,1,,0,0,543,1.67
pay_000272806,m_00981,c_0061138,2026-01-01 17:55:00,US,SMB,Desktop,Card,48.73,1,,0,0,777,0.93
pay_000032034,m_01439,c_0166824,2026-01-01 17:56:00,US,Mid-market,Desktop,Wallet,216.21,1,,0,0,726,4.11
pay_000277703,m_01976,c_0114667,2026-01-01 17:56:00,US,SMB,Mobile,Card,42.99,1,,0,0,626,0.82
pay_000001913,m_00481,c_0016785,2026-01-01 17:57:00,US,Enterprise,Mobile,Card,321.8,1,,0,0,731,6.11
pay_000291754,m_04606,c_0058613,2026-01-01 17:57:00,AU,Enterprise,Mobile,Card,33.33,1,,0,0,626,0.63
pay_000038414,m_01846,c_0113904,2026-01-01 17:57:00,GB,Mid-market,Mobile,Bank debit,89.36,1,,0,0,692,1.7
pay_000516263,m_04962,c_0043590,2026-01-01 17:57:00,US,SMB,Mobile,Card,56.04,1,,0,0,1121,1.06
pay_000754269,m_03776,c_0028018,2026-01-01 17:58:00,CA,SMB,Desktop,Card,12.53,1,,0,0,971,0.24
pay_000499749,m_01542,c_0097645,2026-01-01 17:58:00,GB,Enterprise,Desktop,Card,28.9,1,,0,0,819,0.55
pay_000863960,m_01852,c_0094563,2026-01-01 17:59:00,CA,SMB,Desktop,Card,176.71,1,,0,0,717,3.36
pay_000988435,m_04811,c_0064440,2026-01-01 17:59:00,GB,SMB,Desktop,Card,78.89,1,,0,0,187,1.5
pay_000948397,m_00336,c_0163969,2026-01-01 18:00:00,CA,SMB,Mobile,Wallet,51.48,1,,0,0,591,0.98
pay_000266277,m_00007,c_0114072,2026-01-01 18:01:00,AU,SMB,Mobile,Card,91.76,1,,0,0,648,1.74
pay_000469431,m_00995,c_0153283,2026-01-01 18:01:00,CA,Mid-market,Mobile,Card,38.55,1,,0,0,583,0.73
pay_000862744,m_02960,c_0079794,2026-01-01 18:01:00,US,SMB,Mobile,BNPL,48.14,1,,0,0,988,0.91
pay_000378651,m_01560,c_0006850,2026-01-01 18:02:00,DE,SMB,Mobile,Card,49.56,1,,0,0,818,0.94
pay_000470283,m_00895,c_0117214,2026-01-01 18:02:00,US,SMB,Mobile,Card,19.18,1,,0,0,1015,0.36
pay_000547365,m_01329,c_0098525,2026-01-01 18:02:00,CA,Mid-market,Desktop,Card,90.38,1,,0,0,564,1.72
pay_000823719,m_02450,c_0010975,2026-01-01 18:04:00,US,SMB,Mobile,Card,20.49,1,,0,0,565,0.39
pay_000996234,m_00075,c_0048159,2026-01-01 18:04:00,CA,SMB,Desktop,Wallet,24.13,1,,0,0,538,0.46
pay_000443531,m_01013,c_0113929,2026-01-01 18:04:00,US,Enterprise,Mobile,Wallet,66.17,1,,0,0,792,1.26
pay_000257369,m_04825,c_0153923,2026-01-01 18:05:00,US,SMB,Mobile,Bank debit,64.55,1,,0,0,1096,1.23
pay_000196683,m_00085,c_0056913,2026-01-01 18:05:00,GB,Mid-market,Desktop,Card,82.12,1,,0,0,450,1.56
pay_000467227,m_03193,c_0018421,2026-01-01 18:05:00,US,SMB,Desktop,Card,37.14,1,,0,0,850,0.71
pay_000334781,m_03817,c_0138714,2026-01-01 18:06:00,US,SMB,Mobile,Card,92.24,1,,0,0,792,1.75
pay_000863379,m_03238,c_0015962,2026-01-01 18:06:00,US,SMB,Mobile,Card,64.81,1,,0,0,571,1.23
pay_000415318,m_03212,c_0003403,2026-01-01 18:06:00,US,Mid-market,Mobile,Wallet,79.43,1,,0,0,773,1.51
pay_000462805,m_00875,c_0090228,2026-01-01 18:06:00,US,SMB,Mobile,Wallet,45.29,1,,0,0,876,0.86
pay_000862439,m_01258,c_0010004,2026-01-01 18:07:00,US,SMB,Mobile,Card,3.0,1,,0,0,785,0.06
pay_000635581,m_03984,c_0116417,2026-01-01 18:07:00,US,SMB,Desktop,BNPL,20.68,1,,0,0,984,0.39
pay_000978359,m_03503,c_0147367,2026-01-01 18:07:00,US,SMB,Desktop,Card,45.77,1,,0,0,865,0.87
pay_000204287,m_01132,c_0127977,2026-01-01 18:08:00,DE,SMB,Mobile,BNPL,17.48,1,,0,0,580,0.33
pay_000235072,m_04120,c_0080839,2026-01-01 18:08:00,AU,Enterprise,Mobile,Card,80.69,1,,0,0,1130,1.53
pay_000318735,m_03715,c_0019851,2026-01-01 18:08:00,CA,Mid-market,Mobile,Card,54.78,1,,0,0,782,1.04
pay_000051242,m_00208,c_0091420,2026-01-01 18:08:00,DE,SMB,Desktop,Card,40.94,1,,0,0,544,0.78
pay_000145050,m_02988,c_0024195,2026-01-01 18:08:00,CA,SMB,Desktop,Card,41.16,1,,0,0,471,0.78
pay_000638949,m_04675,c_0004258,2026-01-01 18:09:00,AU,SMB,Mobile,Wallet,176.63,1,,0,0,776,3.36
pay_000987838,m_02117,c_0150726,2026-01-01 18:09:00,US,Enterprise,Mobile,Card,66.85,1,,0,0,733,1.27
pay_000331171,m_02574,c_0172614,2026-01-01 18:09:00,CA,Mid-market,Mobile,Card,21.41,1,,0,0,607,0.41
pay_000690864,m_02714,c_0097135,2026-01-01 18:09:00,US,SMB,Mobile,Wallet,200.38,1,,0,0,962,3.81
pay_000650913,m_01618,c_0164973,2026-01-01 18:09:00,US,Mid-market,Desktop,Card,556.66,1,,0,0,855,10.58
pay_000523317,m_01791,c_0155952,2026-01-01 18:10:00,US,Mid-market,Mobile,Wallet,113.0,1,,0,0,1065,2.15
pay_000424183,m_03294,c_0069920,2026-01-01 18:11:00,DE,SMB,Mobile,Card,34.44,0,network_error,0,0,175,0.0
pay_000922984,m_00248,c_0019279,2026-01-01 18:11:00,AU,Enterprise,Desktop,Bank debit,68.54,1,,0,0,906,1.3
pay_000135871,m_03828,c_0137008,2026-01-01 18:11:00,DE,SMB,Mobile,Card,8.65,1,,0,0,463,0.16
pay_000739489,m_02960,c_0001493,2026-01-01 18:11:00,US,SMB,Mobile,Card,82.73,1,,0,0,880,1.57
pay_000286601,m_02442,c_0101840,2026-01-01 18:12:00,CA,SMB,Mobile,Card,94.03,1,,0,0,370,1.79
pay_000625046,m_04455,c_0175402,2026-01-01 18:13:00,US,Mid-market,Desktop,Card,126.91,0,issuer_decline,0,0,478,0.0
pay_000110989,m_02280,c_0086862,2026-01-01 18:13:00,US,Enterprise,Mobile,Bank debit,165.58,1,,0,0,1252,3.15
pay_000326982,m_04764,c_0062559,2026-01-01 18:13:00,US,Mid-market,Mobile,Card,117.78,1,,1,0,208,2.24
pay_000769020,m_04569,c_0139012,2026-01-01 18:13:00,US,SMB,Mobile,Card,119.51,1,,0,0,685,2.27
pay_000399069,m_02606,c_0123171,2026-01-01 18:14:00,DE,Enterprise,Desktop,Card,32.84,1,,0,0,584,0.62
pay_000642025,m_01489,c_0131995,2026-01-01 18:14:00,US,Enterprise,Mobile,Card,352.01,1,,0,0,943,6.69
pay_000143379,m_02873,c_0077615,2026-01-01 18:14:00,US,Enterprise,Desktop,Wallet,47.56,1,,0,0,628,0.9
pay_000455053,m_02050,c_0091909,2026-01-01 18:15:00,CA,SMB,Mobile,Card,71.96,1,,0,0,813,1.37
pay_000519553,m_03891,c_0052497,2026-01-01 18:15:00,AU,SMB,Desktop,BNPL,17.16,1,,0,0,712,0.33
pay_000920204,m_01832,c_0122919,2026-01-01 18:16:00,US,Mid-market,Desktop,Card,85.05,1,,0,0,1199,1.62
pay_000686387,m_04095,c_0117791,2026-01-01 18:16:00,US,SMB,Mobile,Card,3.73,1,,0,0,682,0.07
pay_000941995,m_04169,c_0017197,2026-01-01 18:16:00,US,Mid-market,Mobile,Wallet,90.49,1,,0,0,480,1.72
pay_000508844,m_03163,c_0114571,2026-01-01 18:16:00,US,Enterprise,Mobile,Card,80.22,1,,0,0,491,1.52
pay_000442344,m_04880,c_0094256,2026-01-01 18:17:00,GB,Mid-market,Mobile,Bank debit,56.5,1,,0,0,1134,1.07
pay_000132209,m_04032,c_0152603,2026-01-01 18:17:00,DE,Enterprise,Mobile,Card,158.25,1,,0,0,752,3.01
pay_000727544,m_01177,c_0108053,2026-01-01 18:17:00,AU,Enterprise,Mobile,BNPL,102.81,1,,0,0,1033,1.95
pay_000133938,m_04445,c_0138020,2026-01-01 18:18:00,US,SMB,Mobile,Card,91.18,1,,0,0,433,1.73
pay_000145610,m_02640,c_0015780,2026-01-01 18:19:00,US,SMB,Desktop,Card,33.05,1,,0,0,591,0.63
pay_000877834,m_01712,c_0133821,2026-01-01 18:20:00,US,Mid-market,Mobile,Card,32.98,1,,0,0,477,0.63
pay_000356415,m_03520,c_0143651,2026-01-01 18:20:00,US,Mid-market,Mobile,Wallet,231.64,1,,0,0,590,4.4
pay_000522576,m_00239,c_0119002,2026-01-01 18:20:00,GB,SMB,Mobile,Card,5.72,1,,0,0,789,0.11
pay_000244907,m_04011,c_0141265,2026-01-01 18:20:00,US,SMB,Mobile,Bank debit,11.07,1,,0,0,1308,0.21
pay_000842490,m_02187,c_0020864,2026-01-01 18:20:00,US,Enterprise,Mobile,Card,149.14,1,,0,0,569,2.83
pay_000374127,m_02718,c_0138805,2026-01-01 18:21:00,US,SMB,Desktop,Wallet,61.68,1,,0,0,872,1.17
pay_000640752,m_03615,c_0057089,2026-01-01 18:21:00,CA,SMB,Mobile,Card,80.58,1,,0,0,900,1.53
pay_000919333,m_04551,c_0129133,2026-01-01 18:21:00,CA,Mid-market,Mobile,Wallet,168.67,1,,0,0,582,3.2
pay_000003191,m_00563,c_0128240,2026-01-01 18:21:00,US,SMB,Desktop,Card,7.01,1,,0,0,714,0.13
pay_000049610,m_03817,c_0108402,2026-01-01 18:21:00,DE,SMB,Mobile,Card,13.65,0,insufficient_funds,0,0,854,0.0
pay_000441366,m_03315,c_0072045,2026-01-01 18:22:00,AU,SMB,Desktop,Card,18.46,1,,0,0,377,0.35
pay_000961165,m_00263,c_0041203,2026-01-01 18:22:00,CA,SMB,Mobile,Card,108.78,1,,0,0,1069,2.07
pay_000004111,m_02126,c_0115948,2026-01-01 18:22:00,GB,SMB,Mobile,BNPL,52.49,1,,0,0,398,1.0
pay_000206342,m_00577,c_0161579,2026-01-01 18:22:00,US,Mid-market,Mobile,BNPL,72.65,1,,0,0,824,1.38
pay_000760539,m_00589,c_0077031,2026-01-01 18:23:00,US,Enterprise,Desktop,Wallet,73.99,1,,0,0,421,1.41
pay_000684410,m_02526,c_0004260,2026-01-01 18:23:00,US,Mid-market,Mobile,BNPL,45.8,1,,0,0,815,0.87
pay_000593873,m_00943,c_0093035,2026-01-01 18:23:00,US,SMB,Desktop,Card,32.55,1,,0,0,756,0.62
pay_000797627,m_00242,c_0052657,2026-01-01 18:23:00,DE,SMB,Mobile,BNPL,130.85,1,,0,0,315,2.49
pay_000123548,m_04432,c_0130095,2026-01-01 18:23:00,GB,SMB,Mobile,Card,41.92,1,,0,0,592,0.8
pay_000014009,m_04782,c_0110408,2026-01-01 18:23:00,US,SMB,Mobile,Card,24.74,1,,0,0,887,0.47
pay_000749267,m_04365,c_0011486,2026-01-01 18:23:00,AU,Enterprise,Desktop,Wallet,120.17,1,,0,0,534,2.28
pay_000486965,m_00299,c_0061663,2026-01-01 18:24:00,US,SMB,Desktop,Bank debit,78.8,1,,0,0,1077,1.5
pay_000517821,m_02286,c_0077682,2026-01-01 18:24:00,CA,SMB,Desktop,Wallet,70.17,1,,0,0,1208,1.33
pay_000434991,m_02033,c_0092572,2026-01-01 18:24:00,AU,Mid-market,Desktop,Wallet,77.51,1,,0,0,705,1.47
pay_000537331,m_01881,c_0110329,2026-01-01 18:24:00,US,SMB,Mobile,Card,8.03,1,,0,0,743,0.15
pay_000256676,m_00470,c_0099377,2026-01-01 18:25:00,GB,Mid-market,Desktop,Wallet,6.62,1,,0,0,462,0.13
pay_000031181,m_03359,c_0025803,2026-01-01 18:25:00,US,SMB,Desktop,Wallet,164.9,1,,0,0,332,3.13
pay_000034216,m_01020,c_0128757,2026-01-01 18:25:00,AU,Mid-market,Desktop,Card,102.71,1,,0,0,701,1.95
pay_000479458,m_04499,c_0129313,2026-01-01 18:25:00,AU,Mid-market,Mobile,Card,28.02,1,,0,0,627,0.53
pay_000210353,m_04467,c_0138702,2026-01-01 18:26:00,US,Mid-market,Mobile,Wallet,31.17,1,,0,0,602,0.59
pay_000070489,m_03739,c_0120484,2026-01-01 18:27:00,US,Enterprise,Desktop,Card,77.85,1,,0,0,896,1.48
pay_000921993,m_04276,c_0147138,2026-01-01 18:27:00,US,SMB,Mobile,Card,13.64,1,,0,0,582,0.26
pay_000805051,m_04089,c_0170740,2026-01-01 18:27:00,GB,Mid-market,Desktop,Wallet,3.24,1,,0,0,1047,0.06
pay_000673727,m_01129,c_0034497,2026-01-01 18:27:00,CA,SMB,Mobile,Wallet,118.99,0,network_error,0,0,545,0.0
pay_000757985,m_01881,c_0103356,2026-01-01 18:28:00,GB,Mid-market,Mobile,Wallet,88.46,1,,0,0,650,1.68
pay_000802736,m_02321,c_0138152,2026-01-01 18:28:00,US,SMB,Mobile,Card,11.29,1,,0,0,687,0.21
pay_000155865,m_00419,c_0144705,2026-01-01 18:29:00,GB,Enterprise,Mobile,Card,257.56,1,,0,0,800,4.89
pay_000120784,m_02861,c_0083273,2026-01-01 18:29:00,US,Mid-market,Desktop,Bank debit,24.56,1,,0,0,807,0.47
pay_000329346,m_02460,c_0157537,2026-01-01 18:30:00,CA,SMB,Mobile,Card,222.19,1,,0,0,770,4.22
pay_000644859,m_04245,c_0104157,2026-01-01 18:30:00,AU,Enterprise,Desktop,Bank debit,28.8,1,,0,0,805,0.55
pay_000888445,m_00004,c_0032857,2026-01-01 18:30:00,US,SMB,Desktop,Bank debit,10.03,1,,0,0,1183,0.19
pay_000546500,m_04591,c_0146162,2026-01-01 18:30:00,US,Mid-market,Mobile,Wallet,39.84,1,,0,0,638,0.76
pay_000555660,m_04293,c_0058088,2026-01-01 18:31:00,US,Enterprise,Mobile,Wallet,76.19,1,,0,0,575,1.45
pay_000595431,m_03777,c_0099056,2026-01-01 18:31:00,DE,SMB,Mobile,Bank debit,74.01,1,,0,0,1171,1.41
pay_000925468,m_03842,c_0040118,2026-01-01 18:31:00,CA,Enterprise,Desktop,Card,61.3,1,,0,0,855,1.16
pay_000961230,m_01193,c_0115653,2026-01-01 18:32:00,US,Enterprise,Desktop,BNPL,93.71,1,,0,0,901,1.78
pay_000785111,m_01065,c_0053718,2026-01-01 18:32:00,DE,SMB,Mobile,Card,25.84,1,,0,0,1019,0.49
pay_000532815,m_00073,c_0005545,2026-01-01 18:32:00,US,Mid-market,Desktop,Card,52.23,1,,0,0,648,0.99
pay_000988082,m_03493,c_0146911,2026-01-01 18:32:00,US,Mid-market,Mobile,Card,137.43,1,,0,0,737,2.61
pay_000064752,m_04248,c_0013170,2026-01-01 18:32:00,US,SMB,Mobile,Card,17.99,1,,0,0,378,0.34
pay_000663329,m_01615,c_0106328,2026-01-01 18:33:00,US,SMB,Desktop,Card,10.2,1,,0,0,812,0.19
pay_000551475,m_01603,c_0091943,2026-01-01 18:33:00,DE,SMB,Mobile,Card,9.95,1,,0,0,533,0.19
pay_000570287,m_01883,c_0000309,2026-01-01 18:34:00,CA,Mid-market,Mobile,Card,125.86,1,,0,0,741,2.39
pay_000782155,m_04149,c_0071526,2026-01-01 18:34:00,GB,Mid-market,Mobile,Card,200.86,0,insufficient_funds,0,0,435,0.0
pay_000518926,m_00709,c_0036998,2026-01-01 18:34:00,DE,Mid-market,Mobile,Card,132.39,1,,0,0,604,2.52
pay_000541599,m_01302,c_0153358,2026-01-01 18:35:00,US,SMB,Mobile,Card,45.58,1,,0,0,838,0.87
pay_000275863,m_01168,c_0014016,2026-01-01 18:35:00,US,Enterprise,Mobile,Wallet,28.23,1,,0,0,782,0.54
pay_000017497,m_03282,c_0077940,2026-01-01 18:35:00,CA,SMB,Mobile,Wallet,19.28,1,,0,0,1029,0.37
pay_000219218,m_03223,c_0108782,2026-01-01 18:35:00,US,Mid-market,Desktop,Card,88.87,1,,0,0,439,1.69
pay_000958797,m_04729,c_0178997,2026-01-01 18:35:00,US,Enterprise,Mobile,Card,126.28,1,,0,0,579,2.4
pay_000852130,m_02752,c_0034766,2026-01-01 18:35:00,GB,SMB,Mobile,Card,6.02,1,,0,0,1043,0.11
pay_000737376,m_00357,c_0063622,2026-01-01 18:36:00,US,Mid-market,Mobile,Card,68.83,1,,0,0,890,1.31
pay_000035063,m_00597,c_0125300,2026-01-01 18:36:00,AU,SMB,Desktop,Wallet,12.7,1,,0,0,931,0.24
pay_000770786,m_02285,c_0135046,2026-01-01 18:36:00,CA,SMB,Mobile,Card,15.57,1,,0,0,736,0.3
pay_000952748,m_04014,c_0159294,2026-01-01 18:36:00,US,SMB,Desktop,Wallet,43.01,1,,0,0,921,0.82
pay_000395463,m_02288,c_0137114,2026-01-01 18:36:00,US,Enterprise,Mobile,Card,128.36,1,,0,0,452,2.44
pay_000928387,m_04410,c_0178755,2026-01-01 18:37:00,GB,SMB,Desktop,Wallet,14.49,1,,0,0,1065,0.28
pay_000470538,m_03792,c_0019922,2026-01-01 18:38:00,GB,Mid-market,Desktop,BNPL,86.02,1,,0,0,924,1.63
pay_000436559,m_02599,c_0055019,2026-01-01 18:38:00,CA,SMB,Desktop,Card,11.07,1,,0,0,459,0.21
pay_000380466,m_04176,c_0067916,2026-01-01 18:39:00,DE,Mid-market,Desktop,Bank debit,143.63,1,,0,0,812,2.73
pay_000753523,m_04809,c_0001544,2026-01-01 18:39:00,DE,SMB,Mobile,Card,23.44,1,,0,0,655,0.45
pay_000445234,m_03683,c_0038089,2026-01-01 18:40:00,DE,SMB,Desktop,Card,19.74,1,,0,0,421,0.38
pay_000915854,m_04164,c_0173433,2026-01-01 18:40:00,US,SMB,Mobile,Card,19.6,1,,0,0,713,0.37
pay_000711414,m_00815,c_0125218,2026-01-01 18:41:00,US,Mid-market,Mobile,Card,143.47,1,,0,0,549,2.73
pay_000883127,m_02410,c_0121866,2026-01-01 18:41:00,US,Mid-market,Desktop,Bank debit,15.94,1,,0,0,1282,0.3
pay_000202717,m_01981,c_0090840,2026-01-01 18:41:00,CA,Mid-market,Desktop,Bank debit,18.72,1,,0,0,1146,0.36
pay_000452342,m_04532,c_0174330,2026-01-01 18:41:00,GB,Enterprise,Desktop,Wallet,84.32,1,,0,0,615,1.6
pay_000983061,m_04259,c_0011087,2026-01-01 18:42:00,CA,Enterprise,Mobile,Card,37.4,1,,0,0,605,0.71
pay_000869877,m_02032,c_0104762,2026-01-01 18:42:00,GB,Enterprise,Desktop,Card,12.03,1,,0,0,686,0.23
pay_000453957,m_04172,c_0107748,2026-01-01 18:42:00,US,SMB,Mobile,BNPL,68.13,1,,0,0,650,1.29
pay_000010366,m_00161,c_0093510,2026-01-01 18:42:00,US,SMB,Desktop,Card,49.78,1,,0,0,654,0.95
pay_000165224,m_00268,c_0002109,2026-01-01 18:43:00,US,SMB,Mobile,Card,38.48,0,issuer_decline,0,0,694,0.0
pay_000453931,m_01750,c_0075141,2026-01-01 18:43:00,US,SMB,Mobile,Wallet,180.01,1,,0,0,834,3.42
pay_000845697,m_04541,c_0140582,2026-01-01 18:43:00,US,Mid-market,Mobile,BNPL,27.35,1,,0,0,624,0.52
pay_000402929,m_01132,c_0055201,2026-01-01 18:44:00,CA,SMB,Mobile,Card,15.07,1,,0,0,706,0.29
pay_000172688,m_00360,c_0165727,2026-01-01 18:44:00,GB,Mid-market,Desktop,Card,64.49,1,,0,0,397,1.23
pay_000141384,m_04465,c_0000148,2026-01-01 18:44:00,US,SMB,Mobile,Bank debit,41.19,1,,0,0,1085,0.78
pay_000749430,m_00525,c_0102661,2026-01-01 18:44:00,US,Mid-market,Mobile,Card,19.24,1,,0,0,670,0.37
pay_000565060,m_02495,c_0058411,2026-01-01 18:45:00,US,Enterprise,Mobile,Card,83.98,1,,0,0,829,1.6
pay_000508113,m_00282,c_0080302,2026-01-01 18:45:00,CA,Enterprise,Desktop,Card,43.27,1,,0,0,793,0.82
pay_000869788,m_04697,c_0111569,2026-01-01 18:45:00,CA,Mid-market,Mobile,Bank debit,6.8,1,,0,0,717,0.13
pay_000220862,m_03350,c_0048978,2026-01-01 18:46:00,US,Mid-market,Mobile,Card,25.76,1,,0,0,667,0.49
pay_000194949,m_00177,c_0162213,2026-01-01 18:47:00,US,SMB,Desktop,Card,11.73,1,,0,0,535,0.22
pay_000608395,m_04344,c_0085276,2026-01-01 18:47:00,GB,Mid-market,Mobile,Card,10.81,1,,0,0,413,0.21
pay_000326381,m_00909,c_0019026,2026-01-01 18:47:00,US,Mid-market,Desktop,BNPL,34.22,1,,0,0,828,0.65
pay_000955251,m_00577,c_0139892,2026-01-01 18:49:00,US,SMB,Desktop,Card,85.01,0,issuer_decline,0,0,445,0.0
pay_000272001,m_02053,c_0130805,2026-01-01 18:49:00,GB,SMB,Desktop,Wallet,32.69,1,,0,0,571,0.62
pay_000958064,m_04754,c_0126073,2026-01-01 18:49:00,CA,SMB,Mobile,Wallet,19.93,1,,0,0,874,0.38
pay_000768020,m_01907,c_0002217,2026-01-01 18:50:00,US,SMB,Desktop,Wallet,56.09,1,,0,0,438,1.07
pay_000157336,m_00558,c_0063245,2026-01-01 18:50:00,AU,Mid-market,Mobile,Card,101.76,1,,0,0,344,1.93
pay_000801040,m_01340,c_0151679,2026-01-01 18:50:00,GB,Mid-market,Mobile,Wallet,43.42,1,,0,0,934,0.82
pay_000695266,m_03526,c_0029271,2026-01-01 18:51:00,AU,SMB,Mobile,Bank debit,39.77,1,,0,0,1055,0.76
pay_000243115,m_03773,c_0128351,2026-01-01 18:51:00,US,Enterprise,Mobile,Card,36.51,1,,0,0,975,0.69
pay_000359818,m_04245,c_0174135,2026-01-01 18:51:00,DE,Enterprise,Desktop,Wallet,46.29,0,issuer_decline,0,0,932,0.0
pay_000555283,m_02777,c_0009882,2026-01-01 18:52:00,CA,SMB,Desktop,Bank debit,32.29,1,,0,0,990,0.61
pay_000629309,m_01809,c_0157359,2026-01-01 18:52:00,DE,SMB,Desktop,Card,27.75,1,,0,0,932,0.53
pay_000172132,m_03397,c_0101841,2026-01-01 18:53:00,AU,Enterprise,Desktop,Bank debit,315.56,1,,0,0,1156,6.0
pay_000851424,m_01574,c_0129193,2026-01-01 18:53:00,DE,Mid-market,Desktop,Wallet,184.15,1,,0,0,573,3.5
pay_000283598,m_02076,c_0095307,2026-01-01 18:54:00,AU,Mid-market,Desktop,Card,21.96,1,,0,0,943,0.42
pay_000386201,m_01015,c_0050073,2026-01-01 18:54:00,GB,Mid-market,Mobile,Card,68.39,1,,0,0,130,1.3
pay_000953640,m_00592,c_0103249,2026-01-01 18:54:00,GB,Mid-market,Mobile,Card,23.78,1,,1,0,478,0.45
pay_000396153,m_00831,c_0012515,2026-01-01 18:54:00,US,SMB,Desktop,Wallet,31.98,1,,0,0,658,0.61
pay_000553787,m_04672,c_0149833,2026-01-01 18:54:00,AU,Mid-market,Mobile,Card,30.58,1,,0,0,1037,0.58
pay_000612797,m_00395,c_0119537,2026-01-01 18:55:00,US,Mid-market,Mobile,Card,41.54,1,,0,0,476,0.79
pay_000545408,m_03847,c_0048362,2026-01-01 18:55:00,US,Enterprise,Desktop,BNPL,37.75,1,,0,0,725,0.72
pay_000581999,m_01522,c_0136553,2026-01-01 18:55:00,US,Enterprise,Mobile,Card,32.64,1,,0,0,702,0.62
pay_000001739,m_04210,c_0146455,2026-01-01 18:55:00,AU,SMB,Desktop,Wallet,14.26,1,,0,0,721,0.27
pay_000846530,m_04906,c_0150237,2026-01-01 18:56:00,US,Enterprise,Mobile,Wallet,39.01,1,,0,0,1004,0.74
pay_000119619,m_03401,c_0132131,2026-01-01 18:56:00,GB,SMB,Desktop,Card,78.95,1,,0,0,578,1.5
pay_000322763,m_00457,c_0108388,2026-01-01 18:57:00,DE,SMB,Desktop,Card,40.93,1,,0,0,631,0.78
pay_000228037,m_00870,c_0154128,2026-01-01 18:57:00,GB,Mid-market,Desktop,Card,134.86,1,,0,0,327,2.56
pay_000324516,m_00446,c_0001555,2026-01-01 18:57:00,US,Enterprise,Desktop,Card,215.82,1,,0,0,1022,4.1
pay_000666197,m_02018,c_0105356,2026-01-01 18:58:00,US,Enterprise,Desktop,Card,18.64,1,,0,0,556,0.35
pay_000954956,m_02708,c_0163500,2026-01-01 18:58:00,US,Mid-market,Desktop,Bank debit,47.43,1,,0,0,1235,0.9
pay_000350409,m_00779,c_0068829,2026-01-01 18:58:00,US,Mid-market,Desktop,Card,229.27,1,,0,0,1299,4.36
pay_000247494,m_03708,c_0169479,2026-01-01 18:58:00,CA,Enterprise,Desktop,BNPL,120.54,1,,0,0,646,2.29
pay_000102962,m_04435,c_0043160,2026-01-01 18:58:00,US,SMB,Mobile,Bank debit,39.91,0,insufficient_funds,0,0,1145,0.0
pay_000776397,m_01037,c_0111641,2026-01-01 18:59:00,US,SMB,Mobile,Bank debit,56.23,0,expired_card,0,0,1020,0.0
pay_000529615,m_01458,c_0061768,2026-01-01 18:59:00,CA,Mid-market,Desktop,Card,10.11,1,,0,0,898,0.19
pay_000293562,m_00763,c_0091421,2026-01-01 19:00:00,CA,SMB,Mobile,Wallet,9.22,1,,0,0,412,0.18
pay_000392350,m_03519,c_0093096,2026-01-01 19:01:00,US,SMB,Desktop,BNPL,79.96,1,,0,0,1137,1.52
pay_000604906,m_01458,c_0040000,2026-01-01 19:01:00,CA,SMB,Mobile,BNPL,14.92,1,,0,0,559,0.28
pay_000291594,m_01613,c_0028041,2026-01-01 19:01:00,GB,SMB,Mobile,Card,20.13,1,,0,0,590,0.38
pay_000912080,m_01011,c_0149178,2026-01-01 19:01:00,DE,SMB,Mobile,Card,21.68,1,,0,0,758,0.41
pay_000920301,m_02528,c_0013157,2026-01-01 19:01:00,US,Mid-market,Mobile,BNPL,115.92,1,,0,0,851,2.2
pay_000916747,m_04965,c_0143801,2026-01-01 19:02:00,GB,Mid-market,Mobile,Card,37.58,1,,0,0,800,0.71
pay_000397319,m_02782,c_0128975,2026-01-01 19:03:00,US,Mid-market,Desktop,Bank debit,119.42,1,,0,0,631,2.27
pay_000621974,m_02293,c_0087835,2026-01-01 19:04:00,GB,SMB,Desktop,BNPL,32.42,1,,0,0,804,0.62
pay_000704618,m_01300,c_0028641,2026-01-01 19:04:00,AU,Enterprise,Desktop,BNPL,29.06,1,,0,0,466,0.55
pay_000110608,m_01197,c_0127511,2026-01-01 19:05:00,CA,Mid-market,Desktop,Card,46.53,1,,0,0,830,0.88
pay_000090072,m_01207,c_0129829,2026-01-01 19:06:00,US,SMB,Mobile,Card,21.56,1,,0,0,672,0.41
pay_000534003,m_02751,c_0149869,2026-01-01 19:06:00,DE,Mid-market,Mobile,Card,41.89,1,,0,0,435,0.8
pay_000174696,m_01127,c_0074546,2026-01-01 19:07:00,AU,SMB,Mobile,Card,4.73,1,,0,0,876,0.09
pay_000554788,m_00472,c_0170321,2026-01-01 19:07:00,CA,SMB,Desktop,BNPL,51.55,1,,0,0,933,0.98
pay_000385138,m_03300,c_0083377,2026-01-01 19:07:00,GB,SMB,Mobile,Card,61.3,1,,1,0,504,1.16
pay_000720240,m_01918,c_0084907,2026-01-01 19:07:00,AU,Enterprise,Mobile,Card,60.85,1,,0,0,963,1.16
pay_000664061,m_03022,c_0061794,2026-01-01 19:08:00,US,SMB,Mobile,Card,136.93,1,,0,0,600,2.6
pay_000674561,m_02485,c_0159801,2026-01-01 19:08:00,DE,Enterprise,Mobile,Card,55.2,1,,1,0,774,1.05
pay_000732248,m_02353,c_0101657,2026-01-01 19:08:00,GB,SMB,Mobile,Card,12.77,1,,0,0,540,0.24
pay_000901957,m_02499,c_0150188,2026-01-01 19:09:00,DE,Enterprise,Mobile,Card,87.82,1,,0,0,685,1.67
pay_000717519,m_01717,c_0168150,2026-01-01 19:10:00,GB,SMB,Mobile,Card,60.15,1,,0,0,855,1.14
pay_000457787,m_03286,c_0016563,2026-01-01 19:11:00,AU,SMB,Mobile,Card,68.37,1,,0,0,350,1.3
pay_000192790,m_02722,c_0173288,2026-01-01 19:11:00,CA,Mid-market,Mobile,Card,17.16,1,,0,0,495,0.33
pay_000486162,m_02754,c_0171436,2026-01-01 19:11:00,US,Enterprise,Desktop,Bank debit,30.73,1,,0,0,1177,0.58
pay_000641916,m_04406,c_0178896,2026-01-01 19:11:00,US,Enterprise,Mobile,BNPL,172.24,1,,0,0,974,3.27
pay_000587672,m_02627,c_0122969,2026-01-01 19:12:00,CA,Mid-market,Mobile,Card,60.89,1,,0,0,632,1.16
pay_000420002,m_03925,c_0042298,2026-01-01 19:12:00,CA,Mid-market,Mobile,Wallet,20.98,1,,0,0,972,0.4
pay_000590400,m_01778,c_0169319,2026-01-01 19:13:00,US,Mid-market,Desktop,Bank debit,56.89,1,,0,0,1212,1.08
pay_000095160,m_03979,c_0146649,2026-01-01 19:13:00,AU,Enterprise,Desktop,Card,22.21,1,,0,0,679,0.42
pay_000860665,m_04356,c_0176999,2026-01-01 19:13:00,US,Mid-market,Mobile,Card,40.29,1,,0,0,384,0.77
pay_000869064,m_03491,c_0037253,2026-01-01 19:14:00,US,Mid-market,Mobile,Bank debit,108.63,0,issuer_decline,0,0,1241,0.0
pay_000631172,m_00144,c_0041441,2026-01-01 19:14:00,CA,Mid-market,Desktop,Wallet,69.96,1,,0,0,704,1.33
pay_000780737,m_04278,c_0165416,2026-01-01 19:15:00,GB,SMB,Mobile,BNPL,163.45,1,,0,0,826,3.11
pay_000749397,m_01649,c_0017878,2026-01-01 19:16:00,US,SMB,Mobile,BNPL,18.22,1,,0,0,858,0.35
pay_000048061,m_03346,c_0084175,2026-01-01 19:16:00,CA,Enterprise,Mobile,Wallet,21.14,1,,0,0,818,0.4
pay_000902594,m_00620,c_0056753,2026-01-01 19:17:00,AU,SMB,Mobile,Card,31.1,1,,0,0,773,0.59
pay_000954374,m_04379,c_0090503,2026-01-01 19:17:00,AU,SMB,Mobile,Wallet,96.68,1,,0,0,757,1.84
pay_000272104,m_02506,c_0004532,2026-01-01 19:17:00,US,SMB,Mobile,Card,23.24,0,suspected_fraud,0,0,586,0.0
pay_000930036,m_04956,c_0151449,2026-01-01 19:17:00,US,SMB,Mobile,Wallet,24.01,1,,0,0,685,0.46
pay_000514030,m_03213,c_0142665,2026-01-01 19:18:00,DE,Enterprise,Mobile,Card,226.43,1,,0,0,762,4.3
pay_000503321,m_00908,c_0080655,2026-01-01 19:18:00,US,Mid-market,Desktop,Card,61.91,1,,0,0,577,1.18
pay_000086458,m_02126,c_0091024,2026-01-01 19:18:00,US,SMB,Desktop,Card,10.39,1,,0,0,626,0.2
pay_000937852,m_00184,c_0085560,2026-01-01 19:18:00,US,Mid-market,Desktop,Card,379.78,1,,0,0,714,7.22
pay_000049075,m_02496,c_0007615,2026-01-01 19:19:00,US,SMB,Mobile,Card,14.5,1,,0,0,758,0.28
pay_000601492,m_02865,c_0029735,2026-01-01 19:19:00,GB,Mid-market,Mobile,Wallet,77.68,1,,0,0,799,1.48
pay_000072656,m_01119,c_0098392,2026-01-01 19:19:00,US,SMB,Mobile,Bank debit,18.45,1,,0,0,886,0.35
pay_000486924,m_02191,c_0047534,2026-01-01 19:19:00,US,Enterprise,Mobile,Card,110.29,1,,0,0,920,2.1
pay_000962332,m_03005,c_0063382,2026-01-01 19:20:00,AU,Mid-market,Mobile,Card,66.65,1,,0,0,1128,1.27
pay_000800651,m_03576,c_0108471,2026-01-01 19:20:00,US,Mid-market,Desktop,Card,110.27,1,,0,0,670,2.1
pay_000364718,m_01262,c_0002037,2026-01-01 19:20:00,US,SMB,Mobile,Wallet,28.92,1,,0,0,617,0.55
pay_000615839,m_04576,c_0148906,2026-01-01 19:20:00,US,Enterprise,Desktop,Card,48.65,1,,0,0,774,0.92
pay_000774536,m_03652,c_0163628,2026-01-01 19:20:00,GB,SMB,Mobile,Wallet,4.71,1,,0,0,573,0.09
pay_000621262,m_02013,c_0154488,2026-01-01 19:21:00,DE,SMB,Mobile,Bank debit,18.96,1,,0,0,1001,0.36
pay_000988977,m_00626,c_0123048,2026-01-01 19:21:00,GB,SMB,Desktop,Card,3.61,1,,0,0,497,0.07
pay_000582905,m_03047,c_0077398,2026-01-01 19:21:00,US,Enterprise,Desktop,Bank debit,80.44,1,,0,0,895,1.53
pay_000859394,m_04252,c_0022840,2026-01-01 19:22:00,CA,SMB,Mobile,Card,46.81,1,,0,0,677,0.89
pay_000635718,m_04989,c_0066094,2026-01-01 19:22:00,US,Mid-market,Mobile,Card,50.78,1,,0,0,754,0.96
pay_000766049,m_03708,c_0072613,2026-01-01 19:22:00,CA,SMB,Desktop,Wallet,21.06,1,,0,0,668,0.4
pay_000262307,m_04655,c_0170903,2026-01-01 19:23:00,CA,SMB,Desktop,Wallet,20.86,1,,1,0,759,0.4
pay_000511703,m_04047,c_0100751,2026-01-01 19:24:00,DE,SMB,Mobile,Card,79.6,1,,0,0,525,1.51
pay_000442661,m_00021,c_0136125,2026-01-01 19:24:00,CA,SMB,Mobile,Card,81.68,0,insufficient_funds,0,0,1223,0.0
pay_000373722,m_02312,c_0047474,2026-01-01 19:25:00,CA,Mid-market,Mobile,Bank debit,21.03,1,,0,0,958,0.4
pay_000975380,m_02919,c_0087622,2026-01-01 19:25:00,US,SMB,Mobile,Card,41.07,1,,0,0,767,0.78
pay_000343884,m_00667,c_0024062,2026-01-01 19:25:00,US,SMB,Mobile,Bank debit,27.12,1,,0,0,719,0.52
pay_000657427,m_02680,c_0149952,2026-01-01 19:25:00,US,Enterprise,Mobile,Card,25.82,1,,0,0,758,0.49
pay_000092712,m_01577,c_0044214,2026-01-01 19:26:00,DE,SMB,Mobile,Card,10.06,1,,0,0,698,0.19
pay_000352089,m_02685,c_0083672,2026-01-01 19:26:00,US,SMB,Mobile,Wallet,9.65,1,,0,0,472,0.18
pay_000581601,m_00339,c_0117106,2026-01-01 19:26:00,US,Enterprise,Mobile,Card,45.86,1,,0,0,836,0.87
pay_000077164,m_04464,c_0139371,2026-01-01 19:26:00,US,SMB,Mobile,Bank debit,54.6,0,network_error,0,0,675,0.0
pay_000244609,m_02583,c_0037515,2026-01-01 19:26:00,US,SMB,Mobile,Wallet,23.12,1,,0,0,1191,0.44
pay_000815808,m_00811,c_0071677,2026-01-01 19:26:00,US,Enterprise,Mobile,Bank debit,66.12,1,,0,0,1181,1.26
pay_000484349,m_01761,c_0130788,2026-01-01 19:27:00,US,SMB,Mobile,Wallet,29.49,1,,0,0,972,0.56
pay_000990614,m_02079,c_0119080,2026-01-01 19:27:00,AU,Enterprise,Desktop,Card,76.04,1,,1,0,897,1.44
pay_000283540,m_01357,c_0055135,2026-01-01 19:27:00,GB,Enterprise,Desktop,Card,226.78,1,,0,0,554,4.31
pay_000425331,m_04693,c_0124717,2026-01-01 19:27:00,CA,Mid-market,Mobile,Bank debit,14.7,0,issuer_decline,0,0,1141,0.0
pay_000316004,m_01329,c_0177128,2026-01-01 19:28:00,US,Enterprise,Desktop,BNPL,35.38,1,,0,0,1046,0.67
pay_000561036,m_00852,c_0024521,2026-01-01 19:28:00,US,Mid-market,Desktop,Bank debit,38.1,1,,0,0,1082,0.72
pay_000110109,m_02404,c_0177177,2026-01-01 19:28:00,US,SMB,Mobile,Card,9.58,1,,0,0,310,0.18
pay_000119615,m_02253,c_0092227,2026-01-01 19:28:00,GB,Mid-market,Desktop,Card,91.8,1,,0,0,695,1.74
pay_000841060,m_01256,c_0014272,2026-01-01 19:28:00,GB,SMB,Mobile,Bank debit,89.83,1,,0,0,1240,1.71
pay_000813726,m_00174,c_0068567,2026-01-01 19:28:00,US,Mid-market,Mobile,Card,145.45,1,,0,0,624,2.76
pay_000055427,m_00441,c_0110459,2026-01-01 19:29:00,GB,SMB,Desktop,Card,47.55,1,,0,0,565,0.9
pay_000559959,m_00158,c_0049490,2026-01-01 19:29:00,US,Enterprise,Mobile,Card,153.3,1,,0,0,489,2.91
pay_000357533,m_03938,c_0028673,2026-01-01 19:29:00,CA,Mid-market,Desktop,Card,44.42,1,,0,0,860,0.84
pay_000118266,m_04276,c_0118398,2026-01-01 19:29:00,GB,Enterprise,Mobile,Card,48.9,1,,0,0,796,0.93
pay_000976979,m_01240,c_0128326,2026-01-01 19:30:00,DE,Mid-market,Desktop,Card,167.12,1,,0,0,558,3.18
pay_000390091,m_02543,c_0067511,2026-01-01 19:30:00,GB,SMB,Mobile,Card,56.16,1,,0,0,647,1.07
pay_000266223,m_04025,c_0115829,2026-01-01 19:30:00,US,Mid-market,Mobile,Card,56.31,1,,0,0,258,1.07
pay_000168563,m_00310,c_0177464,2026-01-01 19:31:00,CA,SMB,Desktop,Bank debit,28.4,1,,0,0,889,0.54
pay_000548041,m_01033,c_0000945,2026-01-01 19:31:00,US,Mid-market,Mobile,Wallet,70.28,1,,0,0,993,1.34
pay_000504804,m_04622,c_0096192,2026-01-01 19:31:00,DE,Mid-market,Mobile,Card,24.47,1,,0,0,988,0.46
pay_000509600,m_03679,c_0022675,2026-01-01 19:31:00,US,SMB,Mobile,Card,36.37,1,,0,0,919,0.69
pay_000631897,m_03658,c_0006609,2026-01-01 19:33:00,AU,Enterprise,Mobile,Card,84.17,1,,0,0,924,1.6
pay_000308302,m_00544,c_0148421,2026-01-01 19:33:00,GB,SMB,Mobile,Bank debit,13.96,1,,0,0,1173,0.27
pay_000370154,m_01303,c_0000010,2026-01-01 19:33:00,US,Mid-market,Mobile,Card,89.48,1,,0,0,626,1.7
pay_000983213,m_01977,c_0111514,2026-01-01 19:33:00,AU,SMB,Desktop,Card,27.86,1,,0,0,1096,0.53
pay_000880557,m_02121,c_0024657,2026-01-01 19:33:00,US,Mid-market,Desktop,Card,33.78,1,,0,0,611,0.64
pay_000896059,m_04962,c_0036820,2026-01-01 19:34:00,US,SMB,Mobile,Card,56.19,1,,0,0,298,1.07
pay_000394432,m_01673,c_0154268,2026-01-01 19:34:00,DE,Mid-market,Mobile,Card,23.07,1,,0,0,845,0.44
pay_000020484,m_04576,c_0040565,2026-01-01 19:34:00,GB,SMB,Mobile,Card,65.26,1,,0,0,747,1.24
pay_000746445,m_00541,c_0114313,2026-01-01 19:34:00,US,SMB,Desktop,Card,6.77,1,,0,0,394,0.13
pay_000801708,m_01142,c_0157365,2026-01-01 19:35:00,CA,Mid-market,Mobile,Card,5.47,1,,0,0,1124,0.1
pay_000023748,m_00223,c_0045722,2026-01-01 19:36:00,US,SMB,Mobile,Card,12.99,1,,0,0,472,0.25
pay_000665050,m_03381,c_0063209,2026-01-01 19:36:00,US,SMB,Mobile,Wallet,175.41,1,,0,0,436,3.33
pay_000946858,m_02379,c_0149679,2026-01-01 19:36:00,US,SMB,Desktop,Bank debit,35.01,1,,0,0,1132,0.67
pay_000224630,m_02819,c_0040802,2026-01-01 19:36:00,US,SMB,Desktop,Card,172.01,1,,0,0,602,3.27
pay_000430611,m_04353,c_0098862,2026-01-01 19:36:00,DE,Mid-market,Mobile,Card,21.84,1,,0,0,790,0.41
pay_000675564,m_04965,c_0059991,2026-01-01 19:36:00,AU,SMB,Mobile,Card,7.03,1,,0,0,727,0.13
pay_000437244,m_03350,c_0099365,2026-01-01 19:37:00,CA,SMB,Desktop,BNPL,30.61,1,,0,0,522,0.58
pay_000084922,m_01019,c_0090369,2026-01-01 19:37:00,US,Mid-market,Mobile,BNPL,34.7,1,,0,0,819,0.66
pay_000426426,m_03381,c_0146238,2026-01-01 19:37:00,US,Mid-market,Mobile,Card,52.76,1,,0,0,317,1.0
pay_000082505,m_04241,c_0008453,2026-01-01 19:37:00,DE,Enterprise,Mobile,Card,50.64,0,insufficient_funds,0,0,918,0.0
pay_000128963,m_00660,c_0001368,2026-01-01 19:37:00,US,SMB,Desktop,Card,83.76,1,,0,0,406,1.59
pay_000063470,m_03003,c_0077799,2026-01-01 19:38:00,AU,Mid-market,Mobile,Wallet,228.57,1,,0,0,794,4.34
pay_000341526,m_00182,c_0135379,2026-01-01 19:38:00,DE,Enterprise,Mobile,Card,87.96,1,,0,0,295,1.67
pay_000863948,m_03156,c_0033956,2026-01-01 19:39:00,US,SMB,Mobile,Wallet,9.84,1,,0,0,716,0.19
pay_000403661,m_04625,c_0010186,2026-01-01 19:39:00,CA,SMB,Mobile,Wallet,37.8,1,,0,0,768,0.72
pay_000423912,m_00047,c_0071591,2026-01-01 19:40:00,AU,SMB,Desktop,Card,95.78,1,,0,0,754,1.82
pay_000600459,m_02132,c_0104646,2026-01-01 19:40:00,CA,SMB,Mobile,BNPL,8.38,1,,0,0,511,0.16
pay_000274376,m_04636,c_0158795,2026-01-01 19:41:00,GB,Mid-market,Desktop,Bank debit,68.68,1,,0,0,1324,1.3
pay_000451352,m_02053,c_0150275,2026-01-01 19:41:00,GB,SMB,Desktop,Card,168.41,1,,0,0,612,3.2
pay_000103286,m_03039,c_0006369,2026-01-01 19:42:00,US,SMB,Mobile,Card,10.59,1,,0,0,1049,0.2
pay_000650832,m_02180,c_0053979,2026-01-01 19:42:00,US,Mid-market,Mobile,Wallet,29.18,1,,0,0,906,0.55
pay_000742806,m_00381,c_0034253,2026-01-01 19:42:00,DE,SMB,Mobile,Card,43.41,1,,0,0,588,0.82
pay_000449048,m_03115,c_0126237,2026-01-01 19:43:00,CA,SMB,Mobile,Card,113.64,1,,0,0,768,2.16
pay_000059388,m_01116,c_0177339,2026-01-01 19:43:00,US,Enterprise,Mobile,Card,56.3,1,,0,0,423,1.07
pay_000993768,m_00313,c_0046404,2026-01-01 19:43:00,US,Mid-market,Desktop,Card,8.64,1,,0,0,706,0.16
pay_000933130,m_04460,c_0040176,2026-01-01 19:43:00,CA,SMB,Mobile,Card,20.08,1,,0,0,1066,0.38
pay_000590961,m_04097,c_0167147,2026-01-01 19:43:00,US,SMB,Mobile,Wallet,9.53,1,,0,0,846,0.18
pay_000121279,m_00819,c_0079129,2026-01-01 19:44:00,AU,Mid-market,Mobile,Card,82.57,1,,0,0,782,1.57
pay_000651166,m_03618,c_0087405,2026-01-01 19:45:00,US,Mid-market,Mobile,Bank debit,43.32,1,,0,0,1164,0.82
pay_000365725,m_01343,c_0155145,2026-01-01 19:45:00,CA,Enterprise,Desktop,Wallet,38.93,1,,0,0,611,0.74
pay_000144731,m_01232,c_0115819,2026-01-01 19:45:00,US,SMB,Mobile,Wallet,14.04,1,,0,0,1059,0.27
pay_000212286,m_02045,c_0025678,2026-01-01 19:45:00,CA,Mid-market,Desktop,Wallet,14.47,1,,0,0,626,0.27
pay_000249582,m_03442,c_0078456,2026-01-01 19:45:00,CA,SMB,Desktop,Card,83.87,1,,0,0,896,1.59
pay_000297180,m_01543,c_0039730,2026-01-01 19:46:00,US,SMB,Mobile,Card,37.29,1,,1,0,745,0.71
pay_000262971,m_00375,c_0160793,2026-01-01 19:47:00,US,Enterprise,Desktop,Card,58.36,1,,0,0,1255,1.11
pay_000329565,m_04437,c_0089343,2026-01-01 19:48:00,DE,Mid-market,Mobile,Card,57.9,1,,0,0,925,1.1
pay_000816616,m_01475,c_0027132,2026-01-01 19:49:00,GB,Mid-market,Mobile,Card,64.73,1,,0,0,425,1.23
pay_000815703,m_04252,c_0175156,2026-01-01 19:50:00,CA,SMB,Desktop,Card,10.73,1,,0,0,609,0.2
pay_000437085,m_01982,c_0006746,2026-01-01 19:50:00,GB,SMB,Desktop,Card,43.44,1,,0,0,645,0.83
pay_000969403,m_02657,c_0079153,2026-01-01 19:51:00,US,Mid-market,Desktop,Card,22.92,0,network_error,0,0,1143,0.0
pay_000019811,m_04285,c_0113885,2026-01-01 19:52:00,DE,Mid-market,Desktop,Card,26.78,1,,0,0,910,0.51
pay_000204794,m_00745,c_0173216,2026-01-01 19:52:00,AU,SMB,Desktop,Card,53.25,1,,0,0,600,1.01
pay_000347685,m_02750,c_0022637,2026-01-01 19:52:00,US,Enterprise,Desktop,Card,79.28,1,,0,0,748,1.51
pay_000949563,m_04885,c_0132275,2026-01-01 19:52:00,US,Mid-market,Mobile,Card,13.48,1,,0,0,489,0.26
pay_000513037,m_03458,c_0051487,2026-01-01 19:52:00,US,SMB,Mobile,Wallet,60.32,1,,0,0,732,1.15
pay_000383959,m_04042,c_0113565,2026-01-01 19:52:00,DE,Enterprise,Mobile,Card,11.87,1,,0,0,838,0.23
pay_000490045,m_02092,c_0077815,2026-01-01 19:52:00,US,SMB,Mobile,Card,50.17,1,,0,0,797,0.95
pay_000889265,m_02204,c_0011934,2026-01-01 19:53:00,CA,Enterprise,Desktop,Bank debit,62.8,1,,0,0,1060,1.19
pay_000563626,m_04469,c_0012226,2026-01-01 19:53:00,GB,Mid-market,Desktop,Card,28.38,1,,0,0,596,0.54
pay_000648320,m_02121,c_0082781,2026-01-01 19:54:00,CA,SMB,Mobile,Card,6.72,1,,0,0,1035,0.13
pay_000210326,m_02450,c_0080855,2026-01-01 19:54:00,US,SMB,Desktop,Bank debit,29.71,1,,0,0,792,0.56
pay_000607913,m_03670,c_0045667,2026-01-01 19:54:00,CA,SMB,Desktop,Bank debit,39.22,1,,0,0,1245,0.75
pay_000611317,m_03341,c_0088885,2026-01-01 19:55:00,US,Enterprise,Mobile,Card,44.34,1,,0,0,1029,0.84
pay_000338969,m_01166,c_0158105,2026-01-01 19:55:00,GB,Mid-market,Mobile,Card,94.49,1,,1,0,649,1.8
pay_000068961,m_04938,c_0031817,2026-01-01 19:56:00,US,SMB,Mobile,Card,79.08,1,,0,0,826,1.5
pay_000814045,m_02793,c_0056889,2026-01-01 19:56:00,DE,SMB,Mobile,Card,14.97,1,,0,0,684,0.28
pay_000323423,m_01813,c_0007782,2026-01-01 19:57:00,US,Mid-market,Desktop,Wallet,41.23,1,,0,0,925,0.78
pay_000862430,m_03072,c_0090653,2026-01-01 19:57:00,US,SMB,Mobile,Card,45.0,1,,0,0,432,0.86
pay_000193726,m_01680,c_0125485,2026-01-01 19:58:00,US,Enterprise,Mobile,Card,63.95,1,,0,0,932,1.22
pay_000710781,m_03773,c_0065929,2026-01-01 19:58:00,AU,SMB,Desktop,Wallet,29.58,1,,0,0,400,0.56
pay_000784066,m_04281,c_0022374,2026-01-01 19:58:00,US,SMB,Mobile,Card,25.75,1,,0,0,768,0.49
pay_000816774,m_01844,c_0114225,2026-01-01 19:58:00,US,SMB,Mobile,BNPL,29.08,1,,0,0,970,0.55
pay_000457222,m_02167,c_0129332,2026-01-01 19:58:00,DE,SMB,Mobile,Card,20.75,1,,0,0,518,0.39
pay_000470708,m_03558,c_0056102,2026-01-01 19:59:00,GB,Mid-market,Mobile,Card,19.07,1,,0,0,294,0.36
pay_000131629,m_01922,c_0084224,2026-01-01 19:59:00,US,SMB,Mobile,Card,35.51,1,,0,0,987,0.67
pay_000280594,m_04299,c_0052666,2026-01-01 19:59:00,US,SMB,Desktop,Card,33.0,1,,0,0,815,0.63
pay_000757347,m_03648,c_0142197,2026-01-01 19:59:00,US,SMB,Mobile,Card,42.88,1,,0,0,667,0.81
pay_000208287,m_02766,c_0038282,2026-01-01 19:59:00,US,Enterprise,Desktop,Card,57.51,1,,0,0,717,1.09
pay_000810728,m_03186,c_0057550,2026-01-01 20:00:00,GB,SMB,Mobile,Card,24.69,1,,0,0,920,0.47
pay_000152860,m_01264,c_0050506,2026-01-01 20:01:00,CA,SMB,Desktop,Card,74.71,1,,0,0,502,1.42
pay_000326047,m_03920,c_0041664,2026-01-01 20:02:00,US,Mid-market,Mobile,Card,189.59,1,,0,0,704,3.6
pay_000898893,m_04944,c_0150132,2026-01-01 20:02:00,GB,SMB,Mobile,Card,69.17,1,,0,0,497,1.31
pay_000554724,m_03097,c_0039495,2026-01-01 20:02:00,AU,Mid-market,Desktop,Card,106.08,1,,0,0,692,2.02
pay_000684615,m_01936,c_0161230,2026-01-01 20:02:00,DE,SMB,Desktop,Wallet,130.03,1,,0,0,683,2.47
pay_000770731,m_04342,c_0152811,2026-01-01 20:03:00,US,Mid-market,Mobile,Wallet,54.28,0,issuer_decline,0,0,350,0.0
pay_000384278,m_03521,c_0129932,2026-01-01 20:03:00,GB,Mid-market,Desktop,Bank debit,18.67,0,suspected_fraud,0,0,935,0.0
pay_000360374,m_03060,c_0175490,2026-01-01 20:04:00,US,SMB,Mobile,Card,282.2,1,,0,0,711,5.36
pay_000145277,m_00682,c_0061514,2026-01-01 20:04:00,DE,SMB,Mobile,Card,74.54,1,,0,0,971,1.42
pay_000956902,m_01211,c_0168311,2026-01-01 20:04:00,US,SMB,Desktop,Wallet,69.57,1,,0,0,407,1.32
pay_000607114,m_03071,c_0003037,2026-01-01 20:06:00,GB,SMB,Mobile,Wallet,193.37,1,,0,0,1155,3.67
pay_000153738,m_01153,c_0044973,2026-01-01 20:07:00,US,SMB,Mobile,Wallet,34.13,1,,0,0,533,0.65
pay_000160523,m_00237,c_0171672,2026-01-01 20:07:00,US,SMB,Mobile,Card,116.2,1,,0,0,717,2.21
pay_000774372,m_03913,c_0047138,2026-01-01 20:07:00,US,Mid-market,Mobile,Card,141.94,1,,0,0,871,2.7
pay_000044984,m_00048,c_0152179,2026-01-01 20:08:00,US,SMB,Mobile,Bank debit,99.29,1,,0,0,761,1.89
pay_000782119,m_01008,c_0120862,2026-01-01 20:08:00,US,SMB,Mobile,Card,19.14,0,issuer_decline,0,0,878,0.0
pay_000282850,m_04492,c_0175850,2026-01-01 20:08:00,US,SMB,Desktop,Bank debit,33.85,1,,0,0,1446,0.64
pay_000299041,m_04653,c_0012481,2026-01-01 20:08:00,GB,Enterprise,Desktop,Card,25.19,1,,0,0,1045,0.48
pay_000062832,m_01192,c_0021147,2026-01-01 20:08:00,CA,SMB,Desktop,Wallet,3.85,1,,0,0,797,0.07
pay_000074100,m_00861,c_0172776,2026-01-01 20:09:00,AU,Mid-market,Mobile,Bank debit,29.75,0,expired_card,0,0,1180,0.0
pay_000400485,m_04292,c_0081753,2026-01-01 20:09:00,GB,Mid-market,Desktop,BNPL,279.46,1,,0,0,622,5.31
pay_000085494,m_00319,c_0049229,2026-01-01 20:09:00,US,Mid-market,Mobile,Card,27.46,1,,0,0,538,0.52
pay_000893033,m_04277,c_0083912,2026-01-01 20:09:00,US,Mid-market,Desktop,Card,48.9,1,,0,0,690,0.93
pay_000332969,m_04072,c_0154782,2026-01-01 20:10:00,AU,SMB,Desktop,Card,110.54,1,,0,0,502,2.1
pay_000234640,m_00450,c_0102718,2026-01-01 20:11:00,US,SMB,Mobile,Card,21.24,1,,0,0,744,0.4
pay_000693264,m_02698,c_0100131,2026-01-01 20:12:00,US,Mid-market,Desktop,Card,102.1,1,,0,0,522,1.94
pay_000347522,m_02489,c_0060874,2026-01-01 20:13:00,DE,SMB,Desktop,Card,205.94,1,,0,0,423,3.91
pay_000518866,m_00903,c_0085419,2026-01-01 20:13:00,US,SMB,Mobile,Card,11.92,1,,0,0,728,0.23
pay_000302926,m_01987,c_0053902,2026-01-01 20:14:00,US,Enterprise,Mobile,Wallet,254.76,1,,0,0,715,4.84
pay_000802017,m_00128,c_0136122,2026-01-01 20:14:00,CA,SMB,Desktop,Card,42.03,0,insufficient_funds,0,0,678,0.0
pay_000282289,m_02705,c_0055439,2026-01-01 20:14:00,US,SMB,Mobile,Card,19.76,1,,0,0,561,0.38
pay_000229140,m_00022,c_0098552,2026-01-01 20:14:00,AU,Mid-market,Mobile,Bank debit,24.32,1,,0,0,471,0.46
pay_000740242,m_01149,c_0125473,2026-01-01 20:15:00,AU,SMB,Mobile,Wallet,68.82,1,,0,0,613,1.31
pay_000758600,m_01333,c_0158805,2026-01-01 20:16:00,US,Enterprise,Desktop,Bank debit,300.6,1,,0,0,1127,5.71
pay_000470520,m_03050,c_0055859,2026-01-01 20:16:00,US,SMB,Mobile,Card,183.98,1,,0,0,499,3.5
pay_000908053,m_00166,c_0146709,2026-01-01 20:16:00,GB,SMB,Mobile,Card,110.36,1,,0,0,670,2.1
pay_000760289,m_00174,c_0092181,2026-01-01 20:17:00,DE,SMB,Mobile,Card,67.96,1,,0,0,570,1.29
pay_000850867,m_01884,c_0036376,2026-01-01 20:17:00,US,SMB,Desktop,BNPL,8.22,1,,0,0,825,0.16
pay_000740688,m_02609,c_0102832,2026-01-01 20:17:00,US,SMB,Desktop,Card,55.04,1,,0,0,892,1.05
pay_000896186,m_01417,c_0150552,2026-01-01 20:17:00,GB,Mid-market,Mobile,Card,107.0,1,,0,0,794,2.03
pay_000730732,m_00258,c_0097050,2026-01-01 20:17:00,US,SMB,Desktop,BNPL,38.45,1,,0,0,1036,0.73
pay_000981863,m_03978,c_0032005,2026-01-01 20:17:00,GB,Mid-market,Mobile,Card,51.87,1,,0,0,906,0.99
pay_000812694,m_03707,c_0049879,2026-01-01 20:17:00,CA,SMB,Mobile,Wallet,55.83,1,,0,0,747,1.06
pay_000634180,m_03179,c_0022061,2026-01-01 20:17:00,CA,Mid-market,Desktop,Card,22.32,1,,0,0,644,0.42
pay_000526513,m_02116,c_0093322,2026-01-01 20:18:00,GB,Mid-market,Mobile,Card,24.42,1,,0,0,751,0.46
pay_000014932,m_02297,c_0126067,2026-01-01 20:18:00,US,Mid-market,Mobile,Card,343.69,1,,0,0,798,6.53
pay_000610918,m_02623,c_0150226,2026-01-01 20:18:00,DE,Enterprise,Desktop,Wallet,40.13,1,,0,0,556,0.76
pay_000483499,m_01615,c_0107636,2026-01-01 20:19:00,CA,Enterprise,Desktop,Bank debit,133.39,0,suspected_fraud,0,0,1177,0.0
pay_000712528,m_04493,c_0098988,2026-01-01 20:19:00,US,Enterprise,Desktop,Card,106.2,0,insufficient_funds,0,0,339,0.0
pay_000413730,m_00015,c_0127565,2026-01-01 20:19:00,US,Enterprise,Desktop,Card,8.96,1,,0,0,693,0.17
pay_000849762,m_04970,c_0111599,2026-01-01 20:20:00,CA,SMB,Mobile,Card,77.26,0,issuer_decline,0,0,499,0.0
pay_000802683,m_02889,c_0054080,2026-01-01 20:21:00,US,Mid-market,Mobile,Card,39.95,1,,0,0,875,0.76
pay_000064621,m_02903,c_0041530,2026-01-01 20:21:00,DE,SMB,Mobile,Card,67.73,1,,0,0,804,1.29
pay_000847741,m_04778,c_0048186,2026-01-01 20:22:00,US,Enterprise,Mobile,Card,39.1,1,,0,0,559,0.74
pay_000662982,m_03684,c_0046514,2026-01-01 20:22:00,DE,Enterprise,Mobile,Card,170.17,1,,0,0,694,3.23
pay_000618103,m_03018,c_0104567,2026-01-01 20:22:00,DE,SMB,Mobile,Card,52.07,1,,0,0,505,0.99
pay_000013174,m_03976,c_0057247,2026-01-01 20:22:00,US,SMB,Mobile,Bank debit,45.36,1,,0,0,941,0.86
pay_000766832,m_03145,c_0129420,2026-01-01 20:22:00,AU,SMB,Desktop,Card,22.79,1,,0,0,553,0.43
pay_000840744,m_00438,c_0099466,2026-01-01 20:23:00,GB,SMB,Mobile,Wallet,26.31,1,,0,0,557,0.5
pay_000389160,m_01472,c_0068148,2026-01-01 20:23:00,US,SMB,Mobile,Wallet,28.72,0,network_error,0,0,496,0.0
pay_000968735,m_01495,c_0147677,2026-01-01 20:23:00,CA,Mid-market,Desktop,Card,63.87,1,,0,0,1007,1.21
pay_000567790,m_01856,c_0107305,2026-01-01 20:23:00,US,Enterprise,Mobile,Card,19.13,1,,0,0,919,0.36
pay_000654147,m_03122,c_0170734,2026-01-01 20:23:00,US,SMB,Mobile,BNPL,3.47,1,,0,0,986,0.07
pay_000831759,m_04044,c_0064635,2026-01-01 20:24:00,US,Enterprise,Desktop,Wallet,400.2,1,,0,0,840,7.6
pay_000185485,m_02628,c_0085017,2026-01-01 20:24:00,US,Mid-market,Mobile,Card,57.54,1,,0,0,540,1.09
pay_000610600,m_02352,c_0109478,2026-01-01 20:24:00,US,Mid-market,Mobile,Card,80.27,1,,0,0,987,1.53
pay_000582509,m_02294,c_0116947,2026-01-01 20:24:00,US,Mid-market,Desktop,Card,74.15,1,,0,0,668,1.41
pay_000251584,m_02823,c_0049726,2026-01-01 20:25:00,AU,SMB,Mobile,Wallet,46.86,1,,0,0,563,0.89
pay_000592655,m_02869,c_0046856,2026-01-01 20:26:00,CA,Mid-market,Mobile,Card,77.65,1,,0,0,371,1.48
pay_000233455,m_00992,c_0175732,2026-01-01 20:26:00,US,SMB,Mobile,Wallet,4.91,1,,0,0,832,0.09
pay_000241358,m_04338,c_0072491,2026-01-01 20:26:00,GB,Enterprise,Mobile,Card,31.98,1,,0,0,445,0.61
pay_000201755,m_04550,c_0027714,2026-01-01 20:27:00,GB,SMB,Desktop,Card,27.13,1,,0,0,503,0.52
pay_000139485,m_04848,c_0112202,2026-01-01 20:27:00,GB,SMB,Desktop,Card,19.35,1,,0,0,1152,0.37
pay_000693782,m_04534,c_0014377,2026-01-01 20:28:00,CA,SMB,Desktop,Bank debit,51.88,1,,0,0,925,0.99
pay_000935436,m_00599,c_0093218,2026-01-01 20:28:00,US,SMB,Desktop,Bank debit,37.01,1,,0,1,1033,0.7
pay_000407549,m_02506,c_0059740,2026-01-01 20:28:00,US,SMB,Desktop,Card,3.22,1,,0,0,916,0.06
pay_000558000,m_02611,c_0048399,2026-01-01 20:28:00,CA,Mid-market,Mobile,Bank debit,18.87,1,,0,0,1202,0.36
pay_000471679,m_02279,c_0103602,2026-01-01 20:29:00,GB,Mid-market,Mobile,Bank debit,17.1,1,,0,0,780,0.32
pay_000163741,m_01235,c_0148977,2026-01-01 20:29:00,US,SMB,Mobile,Card,7.26,1,,0,0,845,0.14
pay_000329706,m_03579,c_0059964,2026-01-01 20:29:00,US,SMB,Mobile,Card,210.09,1,,0,0,594,3.99
pay_000869402,m_04529,c_0171980,2026-01-01 20:30:00,US,SMB,Mobile,Wallet,58.78,1,,0,0,772,1.12
pay_000578397,m_00342,c_0115055,2026-01-01 20:30:00,US,SMB,Mobile,Card,107.9,1,,0,0,677,2.05
pay_000367792,m_04481,c_0001175,2026-01-01 20:30:00,US,SMB,Mobile,Card,77.73,1,,0,0,1161,1.48
pay_000773326,m_02650,c_0069066,2026-01-01 20:30:00,GB,Mid-market,Mobile,Card,164.29,1,,0,0,589,3.12
pay_000337014,m_03962,c_0028012,2026-01-01 20:30:00,US,Mid-market,Mobile,Card,29.56,0,insufficient_funds,0,0,789,0.0
pay_000517306,m_02591,c_0020193,2026-01-01 20:30:00,DE,SMB,Mobile,Card,38.14,1,,0,0,952,0.72
pay_000592879,m_01705,c_0008449,2026-01-01 20:31:00,AU,SMB,Mobile,Card,6.19,0,issuer_decline,0,0,802,0.0
pay_000626380,m_04668,c_0047459,2026-01-01 20:31:00,CA,Mid-market,Mobile,Card,50.9,1,,0,0,548,0.97
pay_000435753,m_02134,c_0078937,2026-01-01 20:31:00,US,Mid-market,Desktop,Card,245.66,1,,0,0,563,4.67
pay_000513611,m_00944,c_0051277,2026-01-01 20:31:00,US,SMB,Mobile,Bank debit,38.09,1,,0,0,1203,0.72
pay_000908668,m_04131,c_0113584,2026-01-01 20:31:00,US,SMB,Mobile,Card,56.45,1,,0,0,969,1.07
pay_000235999,m_04577,c_0154328,2026-01-01 20:31:00,GB,SMB,Mobile,Card,59.0,1,,0,0,634,1.12
pay_000836907,m_03283,c_0118641,2026-01-01 20:32:00,DE,SMB,Desktop,Card,19.94,1,,0,0,546,0.38
pay_000804281,m_00201,c_0118389,2026-01-01 20:32:00,GB,SMB,Desktop,Card,34.84,1,,0,0,860,0.66
pay_000627235,m_04343,c_0143167,2026-01-01 20:32:00,GB,Enterprise,Mobile,Bank debit,183.33,1,,0,0,1356,3.48
pay_000287160,m_03240,c_0119817,2026-01-01 20:33:00,US,SMB,Desktop,Wallet,21.08,1,,0,0,591,0.4
pay_000427840,m_03014,c_0040921,2026-01-01 20:33:00,GB,Mid-market,Desktop,Card,5.5,1,,0,0,666,0.1
pay_000135590,m_00328,c_0000662,2026-01-01 20:33:00,DE,Mid-market,Desktop,Card,26.56,0,suspected_fraud,0,0,805,0.0
pay_000760892,m_00238,c_0057181,2026-01-01 20:33:00,GB,SMB,Mobile,Card,32.28,1,,0,0,864,0.61
pay_000061705,m_00046,c_0165451,2026-01-01 20:34:00,DE,SMB,Mobile,Card,19.19,1,,0,0,686,0.36
pay_000658659,m_04742,c_0128087,2026-01-01 20:34:00,US,Mid-market,Mobile,Card,50.44,1,,0,0,776,0.96
pay_000359316,m_04085,c_0121156,2026-01-01 20:34:00,CA,SMB,Mobile,Card,12.37,1,,0,0,942,0.24
pay_000569772,m_04428,c_0144571,2026-01-01 20:34:00,US,Mid-market,Mobile,Card,154.04,1,,0,0,604,2.93
pay_000086790,m_00662,c_0145089,2026-01-01 20:34:00,US,Enterprise,Mobile,Card,41.62,1,,0,0,975,0.79
pay_000295370,m_04634,c_0057543,2026-01-01 20:35:00,US,Mid-market,Desktop,Wallet,45.75,1,,0,0,925,0.87
pay_000234069,m_02527,c_0029105,2026-01-01 20:35:00,US,Enterprise,Mobile,Card,132.23,0,insufficient_funds,0,0,778,0.0
pay_000889134,m_04529,c_0028970,2026-01-01 20:35:00,GB,Mid-market,Desktop,Card,32.48,1,,0,0,816,0.62
pay_000050605,m_02798,c_0063232,2026-01-01 20:35:00,AU,Mid-market,Mobile,Wallet,45.03,1,,0,0,616,0.86
pay_000098831,m_04145,c_0057466,2026-01-01 20:36:00,US,SMB,Mobile,Card,14.05,1,,0,0,746,0.27
pay_000028899,m_03453,c_0114033,2026-01-01 20:36:00,US,Mid-market,Mobile,Bank debit,23.29,1,,0,0,1294,0.44
pay_000237846,m_02816,c_0127191,2026-01-01 20:36:00,AU,SMB,Mobile,Card,14.82,1,,0,0,573,0.28
pay_000016791,m_02487,c_0076102,2026-01-01 20:36:00,AU,SMB,Mobile,Card,71.15,1,,0,0,559,1.35
pay_000370173,m_04842,c_0015492,2026-01-01 20:37:00,US,Mid-market,Mobile,Card,89.01,1,,0,0,966,1.69
pay_000295321,m_03057,c_0032962,2026-01-01 20:38:00,DE,Mid-market,Desktop,BNPL,34.64,1,,0,0,769,0.66
pay_000436634,m_02603,c_0140321,2026-01-01 20:38:00,US,Mid-market,Mobile,Card,91.0,1,,0,0,686,1.73
pay_000424280,m_02315,c_0125175,2026-01-01 20:38:00,CA,Mid-market,Desktop,Card,29.87,1,,0,0,538,0.57
pay_000582414,m_02215,c_0093121,2026-01-01 20:39:00,GB,SMB,Mobile,BNPL,7.75,0,issuer_decline,0,0,689,0.0
pay_000600686,m_03028,c_0037997,2026-01-01 20:39:00,US,Mid-market,Mobile,Card,28.23,1,,0,0,737,0.54
pay_000673812,m_01709,c_0173594,2026-01-01 20:40:00,US,Mid-market,Mobile,Card,170.1,1,,0,0,674,3.23
pay_000868125,m_04544,c_0148169,2026-01-01 20:40:00,GB,Mid-market,Mobile,Card,77.54,1,,0,0,640,1.47
pay_000587604,m_02861,c_0028550,2026-01-01 20:40:00,AU,SMB,Desktop,Wallet,18.78,1,,0,0,505,0.36
pay_000314300,m_03297,c_0163354,2026-01-01 20:40:00,AU,SMB,Desktop,Card,132.0,1,,0,0,481,2.51
pay_000236391,m_02849,c_0091919,2026-01-01 20:40:00,CA,SMB,Mobile,Card,23.16,1,,0,0,880,0.44
pay_000831965,m_04358,c_0166062,2026-01-01 20:40:00,GB,SMB,Mobile,BNPL,4.19,1,,0,0,666,0.08
pay_000520815,m_00288,c_0119670,2026-01-01 20:40:00,AU,SMB,Mobile,Bank debit,28.04,1,,0,0,746,0.53
pay_000810177,m_01408,c_0158885,2026-01-01 20:40:00,US,Mid-market,Mobile,Card,49.78,1,,0,0,514,0.95
pay_000039300,m_00525,c_0002898,2026-01-01 20:41:00,US,SMB,Mobile,Card,46.32,1,,0,0,613,0.88
pay_000024219,m_00128,c_0110027,2026-01-01 20:42:00,GB,SMB,Desktop,Wallet,108.89,1,,0,0,868,2.07
pay_000355833,m_01665,c_0133084,2026-01-01 20:42:00,GB,Mid-market,Mobile,Card,6.61,1,,0,0,940,0.13
pay_000962967,m_04004,c_0076395,2026-01-01 20:43:00,AU,SMB,Desktop,Card,55.37,1,,0,0,880,1.05
pay_000579709,m_00276,c_0087263,2026-01-01 20:43:00,DE,SMB,Mobile,Card,42.68,1,,0,0,554,0.81
pay_000843494,m_04306,c_0118777,2026-01-01 20:44:00,DE,SMB,Mobile,Card,83.54,1,,0,0,738,1.59
pay_000085107,m_01673,c_0064326,2026-01-01 20:44:00,US,Mid-market,Mobile,Card,64.45,1,,0,0,219,1.22
pay_000306970,m_00544,c_0066670,2026-01-01 20:44:00,US,Mid-market,Desktop,Card,37.62,1,,0,0,645,0.71
pay_000681350,m_00347,c_0137283,2026-01-01 20:44:00,US,SMB,Mobile,Card,123.79,1,,0,0,762,2.35
pay_000685030,m_01241,c_0012317,2026-01-01 20:44:00,CA,SMB,Mobile,BNPL,27.55,0,insufficient_funds,0,0,429,0.0
pay_000260473,m_03386,c_0012693,2026-01-01 20:45:00,US,SMB,Desktop,Card,52.63,1,,0,0,880,1.0
pay_000245643,m_00523,c_0070498,2026-01-01 20:46:00,DE,Mid-market,Mobile,Card,79.46,1,,0,0,858,1.51
pay_000768944,m_00070,c_0082471,2026-01-01 20:46:00,GB,Enterprise,Mobile,Card,12.89,1,,0,0,759,0.24
pay_000405301,m_00261,c_0145020,2026-01-01 20:47:00,US,SMB,Desktop,Bank debit,21.12,1,,0,0,1288,0.4
pay_000157631,m_02503,c_0094175,2026-01-01 20:47:00,DE,SMB,Mobile,Wallet,77.17,1,,0,0,744,1.47
pay_000021441,m_00433,c_0068805,2026-01-01 20:47:00,CA,SMB,Mobile,Wallet,75.9,1,,0,0,995,1.44
pay_000188333,m_02847,c_0066957,2026-01-01 20:47:00,DE,Mid-market,Mobile,Card,59.37,1,,0,0,962,1.13
pay_000296393,m_04943,c_0058823,2026-01-01 20:48:00,US,SMB,Desktop,Card,20.02,1,,0,0,573,0.38
pay_000120864,m_04755,c_0140331,2026-01-01 20:48:00,AU,SMB,Desktop,Card,46.08,1,,0,0,877,0.88
pay_000038152,m_03217,c_0176545,2026-01-01 20:48:00,US,SMB,Mobile,Wallet,102.67,1,,0,0,687,1.95
pay_000709639,m_03276,c_0083747,2026-01-01 20:49:00,GB,Mid-market,Desktop,Card,35.47,1,,0,0,730,0.67
pay_000869616,m_03080,c_0148047,2026-01-01 20:49:00,GB,SMB,Mobile,Wallet,17.66,1,,0,0,787,0.34
pay_000059244,m_02896,c_0123677,2026-01-01 20:49:00,CA,Mid-market,Mobile,Card,30.38,1,,0,0,735,0.58
pay_000634526,m_02758,c_0043737,2026-01-01 20:49:00,US,SMB,Mobile,Card,41.84,1,,0,0,1000,0.79
pay_000535584,m_03501,c_0060166,2026-01-01 20:49:00,CA,SMB,Mobile,Bank debit,119.89,1,,0,0,943,2.28
pay_000334496,m_02429,c_0048050,2026-01-01 20:49:00,CA,Mid-market,Desktop,Card,149.29,1,,0,0,304,2.84
pay_000878178,m_04644,c_0124935,2026-01-01 20:49:00,US,Enterprise,Mobile,Card,33.13,1,,0,0,1108,0.63
pay_000203362,m_01653,c_0155156,2026-01-01 20:49:00,DE,SMB,Desktop,BNPL,65.33,1,,0,0,878,1.24
pay_000595507,m_02293,c_0106302,2026-01-01 20:50:00,GB,SMB,Mobile,Wallet,20.12,1,,0,0,1015,0.38
pay_000417135,m_01861,c_0138402,2026-01-01 20:50:00,US,SMB,Desktop,Bank debit,89.52,1,,0,0,815,1.7
pay_000898297,m_03534,c_0037917,2026-01-01 20:51:00,US,Mid-market,Mobile,BNPL,91.48,1,,0,0,656,1.74
pay_000508233,m_01350,c_0130979,2026-01-01 20:51:00,CA,Enterprise,Mobile,Wallet,87.15,1,,0,0,322,1.66
pay_000726098,m_04971,c_0059742,2026-01-01 20:52:00,CA,Enterprise,Mobile,Card,40.07,1,,0,0,600,0.76
pay_000953925,m_03692,c_0057832,2026-01-01 20:52:00,US,SMB,Desktop,Card,86.94,1,,0,0,387,1.65
pay_000148066,m_02083,c_0129938,2026-01-01 20:52:00,CA,Mid-market,Desktop,BNPL,82.61,1,,0,0,568,1.57
pay_000907622,m_02270,c_0132354,2026-01-01 20:53:00,GB,Enterprise,Desktop,Card,108.12,1,,0,0,799,2.05
pay_000872203,m_01593,c_0009306,2026-01-01 20:53:00,AU,SMB,Desktop,Card,64.75,0,issuer_decline,0,0,930,0.0
pay_000372552,m_04839,c_0048886,2026-01-01 20:53:00,CA,Enterprise,Mobile,Bank debit,217.07,1,,0,0,1004,4.12
pay_000284038,m_04003,c_0120455,2026-01-01 20:54:00,AU,Mid-market,Mobile,BNPL,42.77,1,,0,0,661,0.81
pay_000773791,m_01238,c_0068255,2026-01-01 20:54:00,CA,SMB,Mobile,Bank debit,62.4,1,,0,0,1266,1.19
pay_000835682,m_02605,c_0030095,2026-01-01 20:54:00,CA,SMB,Desktop,Bank debit,42.49,1,,0,0,934,0.81
pay_000758223,m_02207,c_0122611,2026-01-01 20:54:00,CA,SMB,Mobile,Wallet,27.56,1,,0,0,552,0.52
pay_000156663,m_00751,c_0167156,2026-01-01 20:55:00,AU,SMB,Mobile,Wallet,19.11,1,,0,0,439,0.36
pay_000617049,m_02222,c_0008728,2026-01-01 20:55:00,US,Enterprise,Desktop,Card,183.32,1,,0,0,797,3.48
pay_000538418,m_00370,c_0050711,2026-01-01 20:55:00,DE,SMB,Mobile,Bank debit,33.5,1,,0,0,1435,0.64
pay_000667074,m_04754,c_0092052,2026-01-01 20:55:00,CA,Mid-market,Mobile,BNPL,30.44,1,,0,0,740,0.58
pay_000825093,m_03336,c_0104674,2026-01-01 20:56:00,US,SMB,Mobile,Card,6.01,1,,0,0,595,0.11
pay_000938717,m_03915,c_0050250,2026-01-01 20:56:00,GB,SMB,Mobile,Wallet,42.53,1,,0,0,914,0.81
pay_000494076,m_01020,c_0093035,2026-01-01 20:57:00,CA,Mid-market,Mobile,Card,107.95,0,expired_card,0,0,904,0.0
pay_000644816,m_03881,c_0130934,2026-01-01 20:57:00,US,Mid-market,Mobile,Wallet,34.72,1,,0,0,826,0.66
pay_000508601,m_01664,c_0069111,2026-01-01 20:58:00,US,SMB,Mobile,Card,15.28,1,,0,0,452,0.29
pay_000820379,m_03543,c_0154992,2026-01-01 20:58:00,GB,SMB,Mobile,Card,14.53,1,,0,0,626,0.28
pay_000047781,m_03189,c_0082087,2026-01-01 20:59:00,US,SMB,Desktop,Card,22.06,1,,0,0,173,0.42
pay_000595638,m_02756,c_0033643,2026-01-01 20:59:00,DE,Mid-market,Mobile,Bank debit,45.07,1,,0,0,1087,0.86
pay_000445305,m_01129,c_0021157,2026-01-01 21:00:00,GB,Mid-market,Desktop,Card,477.87,1,,0,0,734,9.08
pay_000092457,m_03780,c_0114844,2026-01-01 21:00:00,CA,Mid-market,Mobile,Card,14.76,1,,0,0,598,0.28
pay_000277476,m_02002,c_0031244,2026-01-01 21:00:00,US,SMB,Desktop,Card,36.25,1,,0,0,511,0.69
pay_000765488,m_01143,c_0061862,2026-01-01 21:00:00,AU,SMB,Desktop,Wallet,40.7,1,,0,0,896,0.77
pay_000901140,m_02465,c_0145657,2026-01-01 21:01:00,CA,Mid-market,Mobile,Wallet,135.81,1,,0,0,1114,2.58
pay_000692919,m_03625,c_0083352,2026-01-01 21:01:00,CA,SMB,Mobile,BNPL,93.49,1,,0,0,982,1.78
pay_000594904,m_01982,c_0033409,2026-01-01 21:01:00,US,SMB,Desktop,Card,160.43,1,,0,0,798,3.05
pay_000526762,m_01500,c_0016149,2026-01-01 21:02:00,DE,Mid-market,Desktop,Card,14.26,1,,0,0,820,0.27
pay_000438123,m_01138,c_0070724,2026-01-01 21:02:00,US,SMB,Mobile,Card,37.95,1,,0,0,746,0.72
pay_000858355,m_02170,c_0171758,2026-01-01 21:03:00,CA,SMB,Mobile,Card,71.73,1,,0,0,880,1.36
pay_000835526,m_02334,c_0129518,2026-01-01 21:03:00,US,SMB,Mobile,Card,24.1,1,,0,0,949,0.46
pay_000416515,m_00419,c_0100161,2026-01-01 21:03:00,CA,SMB,Mobile,Wallet,26.54,1,,0,0,771,0.5
pay_000489031,m_01480,c_0116197,2026-01-01 21:04:00,CA,Mid-market,Mobile,Wallet,54.45,1,,0,0,677,1.03
pay_000575035,m_04007,c_0138666,2026-01-01 21:04:00,US,SMB,Mobile,Wallet,24.82,1,,0,0,804,0.47
pay_000239119,m_03777,c_0115670,2026-01-01 21:04:00,GB,SMB,Mobile,Card,6.46,1,,0,0,622,0.12
pay_000090738,m_00228,c_0072856,2026-01-01 21:04:00,CA,Mid-market,Desktop,Card,15.49,0,expired_card,0,0,814,0.0
pay_000138842,m_04830,c_0001494,2026-01-01 21:05:00,GB,Enterprise,Mobile,Wallet,102.04,1,,0,0,512,1.94
pay_000486092,m_02898,c_0039754,2026-01-01 21:05:00,US,SMB,Mobile,Card,18.22,1,,0,0,610,0.35
pay_000660811,m_00275,c_0036712,2026-01-01 21:05:00,US,Mid-market,Mobile,Card,19.61,1,,0,0,584,0.37
pay_000353811,m_04119,c_0048650,2026-01-01 21:05:00,AU,SMB,Desktop,Wallet,72.9,1,,1,0,583,1.39
pay_000006414,m_01450,c_0101785,2026-01-01 21:05:00,US,Enterprise,Mobile,Card,33.73,1,,0,0,805,0.64
pay_000529093,m_00036,c_0050892,2026-01-01 21:06:00,US,SMB,Mobile,Card,29.22,1,,0,0,665,0.56
pay_000207317,m_04502,c_0008327,2026-01-01 21:07:00,US,Mid-market,Mobile,Card,16.03,1,,0,0,495,0.3
pay_000588972,m_02121,c_0172993,2026-01-01 21:07:00,US,SMB,Mobile,Card,23.53,1,,0,0,978,0.45
pay_000526702,m_04842,c_0142518,2026-01-01 21:07:00,DE,SMB,Mobile,BNPL,99.99,1,,0,0,918,1.9
pay_000757352,m_02407,c_0100801,2026-01-01 21:08:00,CA,SMB,Desktop,Wallet,96.45,1,,0,0,1042,1.83
pay_000666966,m_01335,c_0030377,2026-01-01 21:09:00,DE,Mid-market,Desktop,Card,25.52,1,,0,0,629,0.48
pay_000445604,m_00726,c_0007373,2026-01-01 21:09:00,US,SMB,Mobile,Bank debit,52.35,1,,0,0,1375,0.99
pay_000852830,m_03457,c_0045242,2026-01-01 21:09:00,GB,SMB,Mobile,Wallet,9.59,1,,0,0,1055,0.18
pay_000610862,m_01600,c_0127071,2026-01-01 21:09:00,CA,Enterprise,Mobile,Card,62.89,1,,0,0,781,1.19
pay_000471584,m_03248,c_0174044,2026-01-01 21:11:00,GB,SMB,Mobile,Card,14.68,1,,0,0,761,0.28
pay_000775458,m_04947,c_0123173,2026-01-01 21:11:00,DE,Enterprise,Desktop,BNPL,101.14,1,,0,0,552,1.92
pay_000007067,m_02907,c_0072726,2026-01-01 21:11:00,GB,SMB,Mobile,BNPL,13.91,1,,0,0,706,0.26
pay_000595751,m_01118,c_0033684,2026-01-01 21:11:00,US,Mid-market,Desktop,BNPL,26.09,1,,0,0,577,0.5
pay_000690839,m_04782,c_0170182,2026-01-01 21:11:00,DE,Enterprise,Mobile,Card,211.2,1,,0,0,1027,4.01
pay_000647885,m_03429,c_0107911,2026-01-01 21:11:00,US,Mid-market,Desktop,Wallet,63.3,1,,0,0,622,1.2
pay_000966063,m_03302,c_0079908,2026-01-01 21:12:00,US,SMB,Desktop,Card,4.07,1,,0,0,794,0.08
pay_000159074,m_00287,c_0174312,2026-01-01 21:12:00,US,Mid-market,Mobile,Card,115.88,1,,0,0,285,2.2
pay_000234005,m_00910,c_0002285,2026-01-01 21:13:00,US,SMB,Desktop,Card,116.85,1,,0,0,576,2.22
pay_000192576,m_03275,c_0159133,2026-01-01 21:14:00,US,Mid-market,Mobile,Wallet,359.45,1,,0,0,880,6.83
pay_000475374,m_04752,c_0156255,2026-01-01 21:15:00,CA,Mid-market,Desktop,Wallet,27.12,1,,0,0,803,0.52
pay_000611962,m_00809,c_0178123,2026-01-01 21:15:00,US,SMB,Mobile,Card,79.84,1,,0,0,763,1.52
pay_000023016,m_01957,c_0012105,2026-01-01 21:15:00,CA,Enterprise,Desktop,Card,27.83,1,,0,0,408,0.53
pay_000034311,m_02367,c_0140549,2026-01-01 21:16:00,CA,Enterprise,Mobile,Card,72.61,1,,0,0,461,1.38
pay_000341681,m_03571,c_0043300,2026-01-01 21:16:00,DE,SMB,Mobile,Wallet,13.56,1,,0,0,573,0.26
pay_000034534,m_03152,c_0034596,2026-01-01 21:17:00,GB,SMB,Mobile,Card,59.83,1,,0,0,490,1.14
pay_000955797,m_02912,c_0051918,2026-01-01 21:17:00,US,SMB,Mobile,Card,48.38,1,,0,0,888,0.92
pay_000911710,m_00885,c_0030883,2026-01-01 21:17:00,AU,Mid-market,Mobile,Card,169.67,1,,0,0,364,3.22
pay_000236154,m_01629,c_0168706,2026-01-01 21:18:00,AU,Mid-market,Mobile,Card,19.55,1,,0,0,826,0.37
pay_000629570,m_01622,c_0028467,2026-01-01 21:18:00,DE,SMB,Mobile,Card,26.33,1,,0,0,714,0.5
pay_000098783,m_03863,c_0038512,2026-01-01 21:18:00,US,Enterprise,Mobile,Card,44.83,1,,0,0,743,0.85
pay_000646712,m_04613,c_0066702,2026-01-01 21:19:00,US,SMB,Mobile,Card,68.89,1,,0,0,383,1.31
pay_000911991,m_04155,c_0023414,2026-01-01 21:19:00,DE,Mid-market,Desktop,Card,46.25,1,,0,0,663,0.88
pay_000575487,m_01994,c_0129772,2026-01-01 21:19:00,US,SMB,Mobile,Card,26.03,1,,0,0,610,0.49
pay_000217629,m_01136,c_0022143,2026-01-01 21:19:00,US,SMB,Mobile,Wallet,125.82,1,,0,0,700,2.39
pay_000879973,m_03349,c_0159035,2026-01-01 21:19:00,US,SMB,Mobile,Card,13.07,1,,0,0,559,0.25
pay_000226756,m_03299,c_0081539,2026-01-01 21:20:00,GB,SMB,Desktop,Card,9.42,1,,0,0,976,0.18
pay_000428963,m_01967,c_0024543,2026-01-01 21:20:00,AU,Mid-market,Mobile,Card,192.96,1,,0,0,916,3.67
pay_000787731,m_03522,c_0159788,2026-01-01 21:21:00,US,SMB,Desktop,Bank debit,15.69,1,,0,0,922,0.3
pay_000120765,m_03003,c_0010627,2026-01-01 21:21:00,GB,Mid-market,Mobile,BNPL,90.52,1,,0,0,803,1.72
pay_000922842,m_00677,c_0039603,2026-01-01 21:22:00,US,SMB,Mobile,Card,7.84,1,,0,0,930,0.15
pay_000144890,m_03762,c_0176902,2026-01-01 21:23:00,US,SMB,Mobile,Wallet,38.57,1,,0,0,386,0.73
pay_000395017,m_00943,c_0162946,2026-01-01 21:23:00,CA,Mid-market,Mobile,Card,20.18,1,,0,0,819,0.38
pay_000680716,m_04209,c_0061804,2026-01-01 21:23:00,DE,SMB,Mobile,Card,6.37,1,,0,0,794,0.12
pay_000532934,m_03132,c_0167840,2026-01-01 21:23:00,DE,SMB,Mobile,Card,21.29,1,,0,0,738,0.4
pay_000411828,m_00301,c_0077553,2026-01-01 21:24:00,AU,SMB,Desktop,Bank debit,161.02,1,,0,0,684,3.06
pay_000112754,m_00376,c_0037691,2026-01-01 21:24:00,GB,Enterprise,Mobile,Card,129.69,1,,0,0,796,2.46
pay_000942841,m_00929,c_0123097,2026-01-01 21:24:00,AU,SMB,Desktop,Card,50.56,1,,0,0,837,0.96
pay_000141433,m_00322,c_0020674,2026-01-01 21:25:00,US,Mid-market,Mobile,Card,44.43,1,,0,0,627,0.84
pay_000405589,m_02352,c_0034501,2026-01-01 21:25:00,CA,Mid-market,Desktop,Card,175.4,1,,0,0,451,3.33
pay_000643283,m_03944,c_0168812,2026-01-01 21:25:00,GB,SMB,Mobile,Card,158.84,1,,0,0,855,3.02
pay_000898466,m_04642,c_0146493,2026-01-01 21:27:00,DE,SMB,Mobile,Card,38.83,1,,0,0,870,0.74
pay_000551262,m_01481,c_0048737,2026-01-01 21:27:00,US,SMB,Mobile,Card,39.14,1,,0,0,607,0.74
pay_000082320,m_00186,c_0133781,2026-01-01 21:28:00,US,SMB,Desktop,Wallet,61.17,1,,0,0,769,1.16
pay_000675962,m_01833,c_0123490,2026-01-01 21:28:00,US,SMB,Mobile,Wallet,33.58,1,,0,0,759,0.64
pay_000063458,m_03820,c_0094829,2026-01-01 21:28:00,US,SMB,Desktop,Card,12.67,1,,0,0,382,0.24
pay_000776287,m_04801,c_0143781,2026-01-01 21:28:00,CA,Enterprise,Mobile,Card,327.07,1,,0,0,599,6.21
pay_000124361,m_00869,c_0044708,2026-01-01 21:29:00,GB,Mid-market,Mobile,Card,301.19,1,,0,0,834,5.72
pay_000539141,m_04813,c_0104613,2026-01-01 21:29:00,CA,SMB,Desktop,Card,29.54,1,,0,0,847,0.56
pay_000228370,m_01291,c_0015729,2026-01-01 21:29:00,US,SMB,Desktop,Wallet,24.17,1,,0,0,1094,0.46
pay_000801455,m_03335,c_0053653,2026-01-01 21:30:00,AU,SMB,Mobile,Card,37.54,1,,0,0,579,0.71
pay_000121481,m_03407,c_0097701,2026-01-01 21:31:00,GB,Mid-market,Mobile,Card,41.88,1,,0,0,816,0.8
pay_000849717,m_04214,c_0065442,2026-01-01 21:31:00,US,SMB,Mobile,Card,23.57,1,,0,0,793,0.45
pay_000148803,m_01947,c_0015037,2026-01-01 21:31:00,GB,Enterprise,Mobile,Card,129.07,1,,0,0,852,2.45
pay_000985594,m_03222,c_0159535,2026-01-01 21:31:00,CA,Mid-market,Desktop,Card,23.12,1,,0,0,833,0.44
pay_000016987,m_01927,c_0102610,2026-01-01 21:32:00,DE,Mid-market,Desktop,Card,54.11,1,,0,0,816,1.03
pay_000168599,m_03148,c_0151155,2026-01-01 21:32:00,AU,Mid-market,Mobile,BNPL,33.79,1,,0,0,588,0.64
pay_000553514,m_01289,c_0052402,2026-01-01 21:33:00,DE,Enterprise,Mobile,Card,131.88,1,,0,0,440,2.51
pay_000952932,m_02766,c_0041825,2026-01-01 21:33:00,DE,SMB,Desktop,BNPL,6.0,1,,0,0,825,0.11
pay_000657506,m_01892,c_0074394,2026-01-01 21:33:00,US,Mid-market,Desktop,Card,51.64,1,,0,0,884,0.98
pay_000409601,m_00594,c_0160427,2026-01-01 21:33:00,AU,SMB,Desktop,Card,31.79,1,,0,0,704,0.6
pay_000794482,m_02746,c_0141131,2026-01-01 21:33:00,CA,Mid-market,Mobile,Wallet,628.72,1,,0,0,504,11.95
pay_000680418,m_04959,c_0176611,2026-01-01 21:34:00,CA,SMB,Mobile,BNPL,31.84,1,,0,0,1093,0.6
pay_000741492,m_00278,c_0101932,2026-01-01 21:34:00,AU,Mid-market,Desktop,Card,96.75,1,,1,0,825,1.84
pay_000223887,m_02909,c_0175124,2026-01-01 21:34:00,US,SMB,Mobile,Card,33.47,1,,0,0,562,0.64
pay_000791789,m_00399,c_0022555,2026-01-01 21:35:00,US,SMB,Mobile,Card,14.17,1,,0,0,1003,0.27
pay_000422960,m_04487,c_0018455,2026-01-01 21:36:00,US,Enterprise,Mobile,Card,47.56,1,,0,0,479,0.9
pay_000292718,m_02167,c_0177010,2026-01-01 21:36:00,US,Mid-market,Desktop,Card,133.15,1,,0,0,709,2.53
pay_000170924,m_02403,c_0123321,2026-01-01 21:36:00,AU,SMB,Mobile,Card,21.48,0,network_error,0,0,725,0.0
pay_000572408,m_02727,c_0154939,2026-01-01 21:37:00,CA,Mid-market,Mobile,Wallet,18.79,1,,0,0,732,0.36
pay_000753756,m_00896,c_0045153,2026-01-01 21:37:00,GB,Enterprise,Mobile,BNPL,79.92,1,,0,0,709,1.52
pay_000230065,m_00864,c_0059439,2026-01-01 21:37:00,US,SMB,Desktop,Card,3.0,1,,0,0,517,0.06
pay_000034629,m_03091,c_0042531,2026-01-01 21:38:00,US,SMB,Mobile,Wallet,14.96,1,,0,0,475,0.28
pay_000064690,m_04860,c_0006792,2026-01-01 21:38:00,US,Enterprise,Mobile,Card,22.15,1,,0,0,745,0.42
pay_000448549,m_04710,c_0078316,2026-01-01 21:39:00,DE,SMB,Desktop,Wallet,125.61,1,,0,0,616,2.39
pay_000021395,m_01061,c_0119526,2026-01-01 21:39:00,GB,Mid-market,Desktop,Wallet,117.84,1,,0,0,192,2.24
pay_000364827,m_01285,c_0009796,2026-01-01 21:40:00,CA,SMB,Mobile,Bank debit,79.82,0,issuer_decline,0,0,1408,0.0
pay_000074119,m_02624,c_0171111,2026-01-01 21:40:00,CA,Mid-market,Mobile,Bank debit,66.29,1,,0,0,1089,1.26
pay_000483057,m_02175,c_0018223,2026-01-01 21:41:00,DE,SMB,Mobile,Card,202.76,1,,0,0,720,3.85
pay_000890128,m_01323,c_0178072,2026-01-01 21:41:00,AU,Mid-market,Desktop,Bank debit,30.56,1,,0,0,840,0.58
pay_000616204,m_02254,c_0054756,2026-01-01 21:41:00,US,SMB,Mobile,Wallet,23.85,1,,0,0,319,0.45
pay_000026564,m_00234,c_0070204,2026-01-01 21:41:00,US,SMB,Mobile,Card,37.48,1,,0,0,910,0.71
pay_000525583,m_04611,c_0149738,2026-01-01 21:42:00,CA,SMB,Desktop,Card,175.79,0,issuer_decline,0,0,507,0.0
pay_000251613,m_02557,c_0075039,2026-01-01 21:42:00,US,Mid-market,Mobile,Card,57.62,1,,0,0,833,1.09
pay_000633785,m_01504,c_0095654,2026-01-01 21:42:00,AU,SMB,Mobile,Card,106.51,1,,0,0,800,2.02
pay_000411402,m_01770,c_0004970,2026-01-01 21:42:00,DE,SMB,Desktop,Card,55.8,1,,0,0,640,1.06
pay_000067124,m_04592,c_0033610,2026-01-01 21:42:00,AU,SMB,Mobile,Card,63.97,1,,0,0,479,1.22
pay_000729049,m_01412,c_0168972,2026-01-01 21:43:00,CA,Enterprise,Mobile,Card,84.39,1,,0,0,862,1.6
pay_000010312,m_02601,c_0005883,2026-01-01 21:43:00,CA,SMB,Desktop,Card,81.88,1,,0,0,702,1.56
pay_000234754,m_00566,c_0031626,2026-01-01 21:44:00,CA,SMB,Mobile,Card,57.67,1,,0,0,442,1.1
pay_000577557,m_04142,c_0127259,2026-01-01 21:44:00,US,SMB,Desktop,Card,60.93,1,,0,0,467,1.16
pay_000222552,m_04591,c_0003593,2026-01-01 21:44:00,GB,Mid-market,Desktop,Card,126.65,1,,0,0,1383,2.41
pay_000534908,m_00249,c_0152647,2026-01-01 21:45:00,US,SMB,Desktop,BNPL,32.76,0,suspected_fraud,0,0,501,0.0
pay_000122396,m_03646,c_0071408,2026-01-01 21:45:00,US,SMB,Desktop,Card,139.14,1,,1,0,514,2.64
pay_000252487,m_00865,c_0083329,2026-01-01 21:45:00,US,Mid-market,Mobile,Wallet,58.26,1,,0,0,746,1.11
pay_000700793,m_02776,c_0160587,2026-01-01 21:45:00,GB,SMB,Mobile,Wallet,33.95,1,,0,0,691,0.65
pay_000072073,m_01627,c_0063728,2026-01-01 21:45:00,US,SMB,Mobile,Card,13.62,1,,0,0,719,0.26
pay_000115300,m_00493,c_0080614,2026-01-01 21:47:00,CA,Mid-market,Mobile,Card,48.4,1,,0,0,668,0.92
pay_000908032,m_01501,c_0175543,2026-01-01 21:48:00,US,SMB,Mobile,Card,46.0,1,,0,0,1006,0.87
pay_000224427,m_00698,c_0116025,2026-01-01 21:48:00,US,SMB,Mobile,Card,31.48,1,,0,0,352,0.6
pay_000276590,m_01293,c_0127649,2026-01-01 21:48:00,AU,SMB,Mobile,Bank debit,41.33,1,,0,0,1063,0.79
pay_000023220,m_02467,c_0049416,2026-01-01 21:49:00,CA,SMB,Desktop,Wallet,72.31,1,,0,0,1005,1.37
pay_000336533,m_01729,c_0176430,2026-01-01 21:49:00,US,SMB,Mobile,Wallet,98.47,1,,0,0,627,1.87
pay_000404370,m_03772,c_0161151,2026-01-01 21:49:00,AU,SMB,Desktop,Card,121.44,1,,0,0,552,2.31
pay_000030773,m_00678,c_0042095,2026-01-01 21:49:00,DE,SMB,Mobile,Card,4.07,1,,0,0,563,0.08
pay_000232666,m_03579,c_0077796,2026-01-01 21:49:00,GB,SMB,Mobile,Card,9.36,1,,0,0,959,0.18
pay_000705112,m_02429,c_0157984,2026-01-01 21:49:00,GB,SMB,Mobile,Card,13.81,1,,0,0,640,0.26
pay_000015493,m_02221,c_0123300,2026-01-01 21:50:00,GB,Mid-market,Mobile,Card,65.69,0,insufficient_funds,0,0,963,0.0
pay_000091737,m_03945,c_0068688,2026-01-01 21:50:00,GB,SMB,Mobile,Wallet,16.84,1,,0,0,642,0.32
pay_000106032,m_03792,c_0033783,2026-01-01 21:51:00,US,Mid-market,Mobile,Card,94.63,1,,0,0,1246,1.8
pay_000150172,m_02246,c_0135515,2026-01-01 21:51:00,US,Mid-market,Desktop,Card,40.7,1,,0,0,983,0.77
pay_000127270,m_01694,c_0036725,2026-01-01 21:51:00,US,SMB,Mobile,Card,18.73,1,,0,0,751,0.36
pay_000768986,m_04208,c_0108489,2026-01-01 21:52:00,GB,SMB,Mobile,Card,65.12,1,,0,0,715,1.24
pay_000162181,m_00645,c_0036282,2026-01-01 21:52:00,AU,SMB,Mobile,Card,15.64,1,,0,0,592,0.3
pay_000314449,m_01846,c_0018798,2026-01-01 21:52:00,US,Mid-market,Desktop,BNPL,15.05,1,,0,0,794,0.29
pay_000108967,m_03829,c_0055685,2026-01-01 21:52:00,CA,Mid-market,Mobile,Card,3.32,1,,0,0,1002,0.06
pay_000129098,m_01624,c_0128134,2026-01-01 21:53:00,US,Mid-market,Mobile,Card,18.53,1,,0,0,712,0.35
pay_000127990,m_04429,c_0103580,2026-01-01 21:53:00,US,Mid-market,Mobile,Card,95.5,0,insufficient_funds,0,0,996,0.0
pay_000063869,m_04051,c_0061134,2026-01-01 21:53:00,US,SMB,Mobile,Card,12.01,1,,0,0,409,0.23
pay_000445603,m_01289,c_0159576,2026-01-01 21:54:00,US,Mid-market,Mobile,Wallet,43.57,1,,0,0,837,0.83
pay_000848354,m_04775,c_0014217,2026-01-01 21:54:00,US,Mid-market,Desktop,Wallet,20.05,1,,0,0,519,0.38
pay_000544220,m_02618,c_0141876,2026-01-01 21:54:00,US,Mid-market,Desktop,Bank debit,24.14,1,,0,0,862,0.46
pay_000255116,m_01187,c_0133421,2026-01-01 21:54:00,US,Enterprise,Desktop,Card,92.55,1,,0,0,1065,1.76
pay_000296541,m_00444,c_0179535,2026-01-01 21:54:00,DE,SMB,Mobile,Bank debit,11.85,1,,0,0,698,0.23
pay_000125985,m_01548,c_0066995,2026-01-01 21:54:00,AU,SMB,Desktop,BNPL,10.66,1,,1,0,591,0.2
pay_000923191,m_02175,c_0099831,2026-01-01 21:55:00,DE,Enterprise,Desktop,Wallet,21.06,1,,0,0,414,0.4
pay_000140668,m_00404,c_0050995,2026-01-01 21:55:00,US,SMB,Desktop,Bank debit,5.3,1,,0,0,718,0.1
pay_000900024,m_01750,c_0086737,2026-01-01 21:56:00,US,Enterprise,Mobile,Card,69.74,1,,0,0,741,1.33
pay_000342983,m_03162,c_0149838,2026-01-01 21:56:00,CA,Enterprise,Desktop,Card,26.8,1,,0,0,952,0.51
pay_000696332,m_03066,c_0089585,2026-01-01 21:57:00,CA,Enterprise,Mobile,Bank debit,23.15,1,,0,0,778,0.44
pay_000969088,m_00101,c_0151916,2026-01-01 21:58:00,US,SMB,Mobile,Card,33.66,1,,0,0,627,0.64
pay_000816802,m_00322,c_0113995,2026-01-01 21:59:00,DE,SMB,Desktop,Card,33.72,1,,0,0,645,0.64
pay_000158128,m_03683,c_0048349,2026-01-01 21:59:00,CA,SMB,Mobile,Card,31.52,1,,0,0,831,0.6
pay_000975579,m_00608,c_0139731,2026-01-01 22:00:00,US,SMB,Mobile,Wallet,108.16,1,,0,0,749,2.06
pay_000781417,m_03987,c_0166608,2026-01-01 22:01:00,GB,Mid-market,Desktop,Card,82.1,1,,0,0,571,1.56
pay_000655554,m_00965,c_0130773,2026-01-01 22:01:00,US,SMB,Desktop,Card,17.24,0,issuer_decline,0,0,626,0.0
pay_000376274,m_01518,c_0048251,2026-01-01 22:01:00,US,SMB,Mobile,BNPL,106.58,1,,0,0,241,2.03
pay_000191905,m_03338,c_0030231,2026-01-01 22:02:00,GB,SMB,Mobile,Card,55.62,1,,0,0,657,1.06
pay_000338195,m_00239,c_0038008,2026-01-01 22:02:00,GB,SMB,Mobile,Card,159.75,1,,0,0,930,3.04
pay_000911545,m_02573,c_0021335,2026-01-01 22:02:00,US,SMB,Desktop,Card,22.72,1,,0,0,523,0.43
pay_000540646,m_01181,c_0002077,2026-01-01 22:02:00,US,SMB,Mobile,BNPL,40.69,1,,0,0,1014,0.77
pay_000757593,m_04045,c_0053942,2026-01-01 22:03:00,DE,Mid-market,Mobile,Bank debit,184.29,1,,0,0,922,3.5
pay_000349638,m_01323,c_0033838,2026-01-01 22:03:00,US,Mid-market,Mobile,Card,62.04,0,issuer_decline,0,0,791,0.0
pay_000153546,m_01195,c_0058855,2026-01-01 22:03:00,US,Mid-market,Mobile,Card,372.38,1,,0,0,758,7.08
pay_000939741,m_04195,c_0073145,2026-01-01 22:03:00,US,SMB,Mobile,Card,16.49,1,,0,0,615,0.31
pay_000156720,m_03646,c_0142973,2026-01-01 22:04:00,CA,SMB,Mobile,Card,30.31,1,,0,0,687,0.58
pay_000105794,m_04029,c_0052087,2026-01-01 22:04:00,AU,SMB,Mobile,Card,47.07,0,issuer_decline,0,0,596,0.0
pay_000656047,m_03697,c_0119638,2026-01-01 22:05:00,US,Mid-market,Desktop,Card,23.42,1,,0,0,715,0.44
pay_000253975,m_00580,c_0092674,2026-01-01 22:05:00,US,SMB,Mobile,Wallet,29.88,1,,0,0,679,0.57
pay_000916821,m_02760,c_0171109,2026-01-01 22:06:00,CA,SMB,Desktop,Card,16.32,1,,0,0,825,0.31
pay_000643607,m_00976,c_0086825,2026-01-01 22:06:00,US,SMB,Mobile,Card,28.28,1,,0,0,595,0.54
pay_000119349,m_03619,c_0167788,2026-01-01 22:06:00,CA,SMB,Desktop,Card,73.74,1,,0,0,1080,1.4
pay_000677367,m_00857,c_0100452,2026-01-01 22:06:00,US,Mid-market,Desktop,Bank debit,48.23,1,,0,0,1309,0.92
pay_000944055,m_00225,c_0150013,2026-01-01 22:06:00,US,SMB,Mobile,Card,13.55,1,,0,0,840,0.26
pay_000978582,m_04990,c_0123401,2026-01-01 22:07:00,US,Mid-market,Mobile,Wallet,15.74,1,,0,0,821,0.3
pay_000872660,m_04808,c_0087404,2026-01-01 22:07:00,US,SMB,Mobile,Wallet,30.11,0,suspected_fraud,0,0,1077,0.0
pay_000971208,m_00379,c_0121989,2026-01-01 22:08:00,US,Enterprise,Mobile,Bank debit,67.42,1,,0,0,1073,1.28
pay_000849906,m_03429,c_0066209,2026-01-01 22:08:00,GB,SMB,Mobile,Card,29.91,1,,0,0,813,0.57
pay_000847667,m_04730,c_0034980,2026-01-01 22:09:00,CA,SMB,Desktop,Card,9.37,1,,0,0,663,0.18
pay_000401061,m_04849,c_0139740,2026-01-01 22:09:00,US,SMB,Desktop,Card,21.42,1,,0,0,695,0.41
pay_000696668,m_01201,c_0033052,2026-01-01 22:09:00,US,SMB,Mobile,Card,7.85,1,,0,0,450,0.15
pay_000830575,m_02392,c_0105382,2026-01-01 22:10:00,US,Mid-market,Desktop,Card,52.6,1,,0,0,854,1.0
pay_000342836,m_04126,c_0074059,2026-01-01 22:10:00,US,Mid-market,Mobile,Wallet,20.75,1,,0,0,780,0.39
pay_000308440,m_03746,c_0039309,2026-01-01 22:10:00,US,Mid-market,Mobile,Wallet,34.35,1,,0,0,658,0.65
pay_000478030,m_02877,c_0057162,2026-01-01 22:10:00,CA,Enterprise,Mobile,Card,17.24,1,,0,0,654,0.33
pay_000567928,m_01966,c_0164644,2026-01-01 22:11:00,DE,Enterprise,Mobile,Wallet,14.53,1,,0,0,704,0.28
pay_000545532,m_03032,c_0132283,2026-01-01 22:11:00,US,Mid-market,Mobile,BNPL,39.3,1,,0,0,1015,0.75
pay_000424487,m_01724,c_0107092,2026-01-01 22:11:00,US,SMB,Desktop,Wallet,10.75,1,,0,0,992,0.2
pay_000720331,m_03628,c_0168852,2026-01-01 22:12:00,GB,SMB,Mobile,Card,43.79,1,,0,0,1092,0.83
pay_000088859,m_03816,c_0049399,2026-01-01 22:13:00,US,SMB,Desktop,Bank debit,46.64,1,,0,0,853,0.89
pay_000040126,m_00554,c_0083213,2026-01-01 22:13:00,GB,SMB,Mobile,Card,49.15,1,,0,0,712,0.93
pay_000589504,m_04711,c_0101649,2026-01-01 22:14:00,GB,SMB,Mobile,Wallet,87.19,1,,0,0,816,1.66
pay_000627292,m_03547,c_0042500,2026-01-01 22:14:00,US,SMB,Desktop,Card,9.14,1,,0,0,740,0.17
pay_000147035,m_03231,c_0161051,2026-01-01 22:14:00,CA,SMB,Desktop,Card,20.4,1,,0,0,728,0.39
pay_000482552,m_00262,c_0141884,2026-01-01 22:14:00,US,Enterprise,Mobile,Wallet,92.55,1,,0,0,636,1.76
pay_000133409,m_00664,c_0051859,2026-01-01 22:14:00,US,SMB,Desktop,Card,11.91,1,,0,0,1059,0.23
pay_000543936,m_03530,c_0047252,2026-01-01 22:14:00,CA,Mid-market,Desktop,Bank debit,34.74,1,,0,0,1065,0.66
pay_000112287,m_01276,c_0119636,2026-01-01 22:14:00,US,Enterprise,Mobile,BNPL,72.09,1,,0,0,360,1.37
pay_000200586,m_01577,c_0079721,2026-01-01 22:15:00,US,Enterprise,Mobile,Card,139.39,1,,0,0,379,2.65
pay_000592165,m_04869,c_0080863,2026-01-01 22:15:00,US,Mid-market,Desktop,Card,256.97,1,,0,0,787,4.88
pay_000470417,m_03616,c_0109653,2026-01-01 22:15:00,US,SMB,Mobile,Wallet,10.19,1,,0,0,558,0.19
pay_000504488,m_04342,c_0020209,2026-01-01 22:15:00,DE,SMB,Mobile,Card,14.1,0,issuer_decline,0,0,533,0.0
pay_000940704,m_01366,c_0029623,2026-01-01 22:15:00,US,Enterprise,Mobile,Wallet,213.04,1,,0,0,846,4.05
pay_000051174,m_01581,c_0048030,2026-01-01 22:17:00,US,Mid-market,Mobile,Wallet,20.01,1,,0,0,544,0.38
pay_000389990,m_01104,c_0113612,2026-01-01 22:17:00,AU,SMB,Mobile,Card,47.39,1,,0,0,791,0.9
pay_000699511,m_00038,c_0174962,2026-01-01 22:17:00,GB,Mid-market,Mobile,Wallet,50.68,1,,0,0,398,0.96
pay_000320362,m_00230,c_0019815,2026-01-01 22:17:00,CA,SMB,Desktop,Card,122.18,1,,0,0,1089,2.32
pay_000952862,m_01837,c_0005488,2026-01-01 22:18:00,US,SMB,Mobile,Card,16.71,1,,0,0,821,0.32
pay_000660820,m_04123,c_0147297,2026-01-01 22:18:00,CA,Mid-market,Mobile,Card,33.95,1,,0,0,908,0.65
pay_000355479,m_03756,c_0014058,2026-01-01 22:19:00,CA,SMB,Desktop,Wallet,26.61,1,,0,0,682,0.51
pay_000732986,m_01624,c_0024115,2026-01-01 22:20:00,US,SMB,Desktop,Wallet,17.26,1,,0,0,1019,0.33
pay_000070991,m_01528,c_0156347,2026-01-01 22:20:00,US,Enterprise,Desktop,Card,51.69,1,,1,0,1019,0.98
pay_000287062,m_02873,c_0167332,2026-01-01 22:20:00,US,Mid-market,Desktop,Bank debit,65.98,1,,0,0,885,1.25
pay_000573925,m_03662,c_0024801,2026-01-01 22:20:00,US,SMB,Desktop,Card,20.66,1,,0,1,284,0.39
pay_000962648,m_00641,c_0131970,2026-01-01 22:21:00,CA,SMB,Desktop,Card,19.13,1,,0,0,755,0.36
pay_000237054,m_04412,c_0154536,2026-01-01 22:22:00,DE,Mid-market,Mobile,Card,111.04,1,,0,0,657,2.11
pay_000956838,m_02642,c_0098937,2026-01-01 22:22:00,DE,SMB,Mobile,BNPL,76.8,1,,0,1,1012,1.46
pay_000887467,m_02621,c_0098720,2026-01-01 22:23:00,GB,Mid-market,Mobile,Card,22.09,1,,0,0,760,0.42
pay_000902441,m_01443,c_0079709,2026-01-01 22:23:00,CA,SMB,Desktop,Wallet,33.47,1,,0,0,805,0.64
pay_000216397,m_02502,c_0060745,2026-01-01 22:23:00,GB,SMB,Mobile,Wallet,9.87,1,,0,0,651,0.19
pay_000299118,m_03150,c_0150126,2026-01-01 22:24:00,US,SMB,Desktop,Card,28.21,1,,0,0,754,0.54
pay_000700417,m_03070,c_0086989,2026-01-01 22:24:00,US,Mid-market,Mobile,Card,18.31,1,,0,0,511,0.35
pay_000859774,m_01365,c_0168064,2026-01-01 22:25:00,AU,Enterprise,Mobile,Card,70.5,1,,0,0,887,1.34
pay_000116845,m_02312,c_0149541,2026-01-01 22:26:00,AU,Enterprise,Desktop,Card,37.44,1,,0,0,659,0.71
pay_000409840,m_03282,c_0087618,2026-01-01 22:26:00,US,SMB,Mobile,Bank debit,18.18,1,,0,0,1186,0.35
pay_000053606,m_04795,c_0143248,2026-01-01 22:26:00,US,SMB,Mobile,Wallet,33.15,1,,0,0,358,0.63
pay_000794546,m_04904,c_0138565,2026-01-01 22:27:00,US,Mid-market,Mobile,Bank debit,27.06,1,,0,0,921,0.51
pay_000298648,m_04997,c_0105549,2026-01-01 22:27:00,CA,Enterprise,Mobile,Card,497.68,1,,0,0,727,9.46
pay_000522880,m_02803,c_0025840,2026-01-01 22:27:00,CA,Enterprise,Mobile,BNPL,162.22,1,,0,0,712,3.08
pay_000101076,m_02838,c_0088058,2026-01-01 22:27:00,US,SMB,Mobile,Wallet,15.07,1,,0,0,1029,0.29
pay_000586228,m_01769,c_0174973,2026-01-01 22:27:00,US,SMB,Desktop,Card,15.81,1,,0,0,802,0.3
pay_000927805,m_03336,c_0085441,2026-01-01 22:27:00,GB,Mid-market,Mobile,Card,28.31,1,,0,0,532,0.54
pay_000045252,m_02236,c_0093062,2026-01-01 22:28:00,US,SMB,Desktop,Card,80.57,1,,0,0,534,1.53
pay_000481798,m_03520,c_0017218,2026-01-01 22:28:00,US,SMB,Desktop,Card,65.94,1,,0,0,432,1.25
pay_000201866,m_01642,c_0010442,2026-01-01 22:28:00,CA,SMB,Desktop,Card,28.76,1,,0,0,573,0.55
pay_000908916,m_04043,c_0078683,2026-01-01 22:29:00,US,Enterprise,Mobile,Card,72.21,1,,0,0,970,1.37
pay_000965966,m_02083,c_0179709,2026-01-01 22:29:00,DE,SMB,Desktop,BNPL,25.24,1,,0,0,894,0.48
pay_000082166,m_02555,c_0097313,2026-01-01 22:29:00,GB,SMB,Desktop,Card,118.21,1,,0,0,661,2.25
pay_000891502,m_00334,c_0103825,2026-01-01 22:29:00,GB,Mid-market,Mobile,Card,38.96,1,,0,0,917,0.74
pay_000974527,m_00820,c_0102069,2026-01-01 22:29:00,GB,SMB,Desktop,Card,28.13,1,,0,0,908,0.53
pay_000257968,m_02594,c_0114094,2026-01-01 22:29:00,DE,Mid-market,Mobile,Card,72.86,1,,0,0,868,1.38
pay_000609416,m_01597,c_0091579,2026-01-01 22:29:00,CA,Mid-market,Mobile,Card,17.19,1,,0,0,686,0.33
pay_000249787,m_02762,c_0138957,2026-01-01 22:30:00,GB,SMB,Desktop,Card,26.21,1,,0,0,651,0.5
pay_000179865,m_00332,c_0150864,2026-01-01 22:30:00,AU,Enterprise,Mobile,Wallet,22.86,1,,0,0,853,0.43
pay_000474229,m_00134,c_0173901,2026-01-01 22:30:00,US,SMB,Mobile,Card,37.53,1,,0,0,779,0.71
pay_000423490,m_01187,c_0106447,2026-01-01 22:32:00,GB,Mid-market,Desktop,Card,63.75,1,,0,0,467,1.21
pay_000015532,m_00409,c_0063566,2026-01-01 22:32:00,DE,SMB,Desktop,Card,70.41,1,,0,0,779,1.34
pay_000873466,m_03652,c_0131829,2026-01-01 22:32:00,GB,SMB,Desktop,Card,58.43,1,,0,0,519,1.11
pay_000277401,m_04184,c_0080275,2026-01-01 22:32:00,CA,SMB,Mobile,Wallet,43.5,1,,0,0,362,0.83
pay_000639162,m_00565,c_0075141,2026-01-01 22:33:00,US,Mid-market,Mobile,Wallet,39.59,1,,0,0,709,0.75
pay_000682647,m_02385,c_0001838,2026-01-01 22:33:00,CA,Enterprise,Desktop,Card,92.14,0,insufficient_funds,0,0,466,0.0
pay_000832667,m_01977,c_0094541,2026-01-01 22:33:00,AU,Enterprise,Desktop,Card,221.67,1,,0,0,627,4.21
pay_000596403,m_01475,c_0074321,2026-01-01 22:34:00,AU,SMB,Mobile,Wallet,8.76,1,,1,0,416,0.17
pay_000068214,m_00894,c_0002478,2026-01-01 22:34:00,CA,Enterprise,Desktop,BNPL,135.28,1,,0,0,1013,2.57
pay_000288246,m_01546,c_0120535,2026-01-01 22:35:00,US,Mid-market,Mobile,Bank debit,29.56,1,,0,0,1113,0.56
pay_000476565,m_03994,c_0019040,2026-01-01 22:35:00,US,SMB,Mobile,Bank debit,29.37,1,,0,0,1231,0.56
pay_000650447,m_04633,c_0164852,2026-01-01 22:36:00,GB,Enterprise,Mobile,Card,88.97,1,,0,0,740,1.69
pay_000211722,m_02089,c_0100392,2026-01-01 22:36:00,DE,Enterprise,Mobile,Card,35.78,1,,0,0,705,0.68
pay_000122846,m_02591,c_0087951,2026-01-01 22:36:00,US,SMB,Mobile,Card,14.68,1,,0,0,698,0.28
pay_000607191,m_02363,c_0087376,2026-01-01 22:36:00,US,Mid-market,Mobile,Card,121.44,1,,0,0,847,2.31
pay_000667355,m_00575,c_0084388,2026-01-01 22:37:00,US,Mid-market,Desktop,Wallet,6.1,1,,0,0,848,0.12
pay_000661339,m_03478,c_0074628,2026-01-01 22:37:00,US,SMB,Mobile,Wallet,15.35,1,,0,0,837,0.29
pay_000035015,m_02546,c_0162509,2026-01-01 22:37:00,DE,SMB,Mobile,Wallet,3.84,1,,0,0,590,0.07
pay_000696238,m_01451,c_0175397,2026-01-01 22:37:00,US,SMB,Desktop,Wallet,35.18,1,,0,0,930,0.67
pay_000409862,m_04186,c_0121175,2026-01-01 22:39:00,GB,Enterprise,Desktop,Card,31.79,1,,0,0,812,0.6
pay_000827057,m_04443,c_0176736,2026-01-01 22:39:00,US,SMB,Desktop,Card,78.42,1,,0,0,462,1.49
pay_000346863,m_00956,c_0024189,2026-01-01 22:39:00,AU,Enterprise,Mobile,Card,341.74,1,,0,0,363,6.49
pay_000368181,m_03605,c_0094479,2026-01-01 22:40:00,AU,Mid-market,Mobile,Wallet,6.56,1,,0,0,1048,0.12
pay_000178535,m_02382,c_0169880,2026-01-01 22:40:00,CA,Mid-market,Desktop,Bank debit,63.72,1,,0,0,1196,1.21
pay_000282501,m_00551,c_0143795,2026-01-01 22:40:00,DE,Mid-market,Mobile,Card,55.92,1,,0,0,885,1.06
pay_000615675,m_02995,c_0163149,2026-01-01 22:40:00,CA,Mid-market,Mobile,Card,37.33,0,suspected_fraud,0,0,755,0.0
pay_000976942,m_01389,c_0101513,2026-01-01 22:41:00,GB,SMB,Desktop,Card,8.33,1,,0,0,638,0.16
pay_000337048,m_03234,c_0088591,2026-01-01 22:42:00,US,Enterprise,Desktop,Card,189.83,1,,0,0,644,3.61
pay_000775362,m_02346,c_0039549,2026-01-01 22:42:00,US,Mid-market,Desktop,Card,32.51,0,issuer_decline,0,0,806,0.0
pay_000005170,m_00136,c_0023150,2026-01-01 22:42:00,US,Mid-market,Mobile,Card,43.79,1,,0,0,791,0.83
pay_000461071,m_04793,c_0111477,2026-01-01 22:42:00,AU,Mid-market,Mobile,Card,20.64,1,,0,0,886,0.39
pay_000433894,m_00436,c_0129872,2026-01-01 22:42:00,US,SMB,Mobile,Card,3.0,1,,0,0,752,0.06
pay_000513003,m_02048,c_0095151,2026-01-01 22:42:00,CA,SMB,Mobile,Wallet,117.14,1,,0,0,797,2.23
pay_000331294,m_04455,c_0150829,2026-01-01 22:43:00,US,Mid-market,Mobile,Card,67.83,1,,0,0,445,1.29
pay_000658516,m_03673,c_0044588,2026-01-01 22:44:00,CA,SMB,Desktop,Card,71.06,1,,1,0,460,1.35
pay_000194380,m_00638,c_0035407,2026-01-01 22:44:00,AU,SMB,Mobile,BNPL,28.89,1,,0,0,695,0.55
pay_000778761,m_02568,c_0081244,2026-01-01 22:44:00,US,SMB,Mobile,Card,50.29,1,,1,0,836,0.96
pay_000414268,m_03828,c_0021470,2026-01-01 22:45:00,CA,Mid-market,Mobile,Card,87.65,1,,0,0,669,1.67
pay_000481799,m_00677,c_0053109,2026-01-01 22:45:00,US,Mid-market,Mobile,Wallet,75.84,1,,0,0,657,1.44
pay_000707902,m_02968,c_0116726,2026-01-01 22:45:00,GB,SMB,Mobile,Bank debit,73.18,1,,0,0,1080,1.39
pay_000139401,m_04912,c_0108709,2026-01-01 22:46:00,DE,SMB,Mobile,Card,79.41,1,,0,0,595,1.51
pay_000174366,m_03070,c_0164224,2026-01-01 22:46:00,GB,Enterprise,Mobile,Card,91.04,1,,0,0,861,1.73
pay_000603530,m_00967,c_0113876,2026-01-01 22:46:00,AU,Mid-market,Mobile,Card,18.79,1,,0,0,790,0.36
pay_000687900,m_04279,c_0143539,2026-01-01 22:47:00,CA,Enterprise,Mobile,Card,45.98,1,,0,0,402,0.87
pay_000658521,m_00244,c_0002376,2026-01-01 22:47:00,US,Mid-market,Mobile,Card,268.43,1,,0,0,871,5.1
pay_000242491,m_02288,c_0033013,2026-01-01 22:47:00,GB,SMB,Desktop,Card,46.77,0,issuer_decline,0,0,755,0.0
pay_000055679,m_03439,c_0146472,2026-01-01 22:47:00,US,Mid-market,Mobile,Wallet,143.91,1,,0,0,832,2.73
pay_000863344,m_02697,c_0095033,2026-01-01 22:48:00,GB,Mid-market,Mobile,Wallet,33.27,1,,0,0,591,0.63
pay_000769409,m_04058,c_0170288,2026-01-01 22:49:00,US,Mid-market,Desktop,Wallet,26.28,1,,0,0,1008,0.5
pay_000030666,m_03630,c_0082929,2026-01-01 22:49:00,US,Enterprise,Mobile,Card,39.79,1,,0,0,663,0.76
pay_000249492,m_02626,c_0008104,2026-01-01 22:50:00,US,SMB,Mobile,Card,61.75,1,,0,0,637,1.17
pay_000337777,m_01858,c_0009794,2026-01-01 22:51:00,AU,SMB,Desktop,Card,94.61,1,,0,0,856,1.8
pay_000991760,m_02871,c_0036779,2026-01-01 22:51:00,GB,SMB,Desktop,Card,167.27,1,,0,0,696,3.18
pay_000112851,m_01840,c_0145626,2026-01-01 22:51:00,US,SMB,Mobile,Bank debit,38.83,1,,0,0,837,0.74
pay_000279488,m_02942,c_0117072,2026-01-01 22:51:00,GB,SMB,Mobile,Card,44.51,1,,0,0,390,0.85
pay_000343620,m_01543,c_0172709,2026-01-01 22:52:00,US,SMB,Mobile,Card,16.77,1,,0,0,727,0.32
pay_000872118,m_00464,c_0099359,2026-01-01 22:52:00,DE,SMB,Desktop,Card,80.79,1,,0,0,918,1.54
pay_000335292,m_00499,c_0172696,2026-01-01 22:53:00,DE,SMB,Mobile,Card,41.76,1,,0,0,679,0.79
pay_000427808,m_03569,c_0053652,2026-01-01 22:53:00,US,Mid-market,Mobile,Wallet,61.19,1,,0,0,479,1.16
pay_000066108,m_03513,c_0155113,2026-01-01 22:53:00,AU,Enterprise,Desktop,Card,93.57,0,issuer_decline,0,0,871,0.0
pay_000031288,m_02965,c_0096845,2026-01-01 22:53:00,US,Enterprise,Mobile,Wallet,138.1,1,,0,0,750,2.62
pay_000781395,m_01076,c_0006240,2026-01-01 22:54:00,CA,SMB,Mobile,Wallet,9.28,1,,0,0,362,0.18
pay_000788740,m_01097,c_0088975,2026-01-01 22:54:00,CA,SMB,Mobile,Card,17.56,1,,0,0,1121,0.33
pay_000494919,m_04047,c_0055646,2026-01-01 22:54:00,US,Enterprise,Mobile,Wallet,323.14,1,,0,0,589,6.14
pay_000203475,m_04552,c_0018833,2026-01-01 22:54:00,DE,SMB,Mobile,Card,29.65,1,,0,0,901,0.56
pay_000458148,m_00197,c_0130412,2026-01-01 22:54:00,CA,SMB,Mobile,Wallet,173.24,1,,0,0,797,3.29
pay_000165548,m_00825,c_0112845,2026-01-01 22:54:00,GB,Enterprise,Mobile,Card,189.55,0,suspected_fraud,0,0,505,0.0
pay_000523963,m_03916,c_0092869,2026-01-01 22:54:00,CA,SMB,Mobile,Card,83.35,1,,0,0,568,1.58
pay_000354977,m_03805,c_0035570,2026-01-01 22:55:00,GB,SMB,Desktop,Bank debit,39.23,1,,0,0,1130,0.75
pay_000890164,m_00465,c_0035929,2026-01-01 22:55:00,DE,SMB,Mobile,Wallet,8.08,1,,0,0,296,0.15
pay_000390670,m_02077,c_0135740,2026-01-01 22:55:00,AU,Mid-market,Mobile,Wallet,47.24,1,,0,0,702,0.9
pay_000187711,m_04995,c_0079218,2026-01-01 22:55:00,US,SMB,Mobile,BNPL,33.25,1,,0,0,620,0.63
pay_000611090,m_03877,c_0092988,2026-01-01 22:56:00,CA,Mid-market,Mobile,Card,85.85,1,,0,0,593,1.63
pay_000439200,m_02372,c_0035532,2026-01-01 22:56:00,US,Mid-market,Mobile,Card,59.35,1,,0,0,977,1.13
pay_000699673,m_04185,c_0107073,2026-01-01 22:57:00,GB,SMB,Mobile,Card,58.31,1,,0,0,854,1.11
pay_000723924,m_03514,c_0048931,2026-01-01 22:58:00,US,SMB,Mobile,Wallet,50.44,1,,0,0,753,0.96
pay_000972983,m_03615,c_0063244,2026-01-01 22:58:00,US,SMB,Mobile,Wallet,30.63,1,,0,0,1050,0.58
pay_000751454,m_01639,c_0091444,2026-01-01 22:58:00,GB,SMB,Desktop,Card,84.43,1,,0,0,453,1.6
pay_000218433,m_00536,c_0099284,2026-01-01 22:59:00,US,SMB,Mobile,Wallet,14.98,1,,0,0,732,0.28
pay_000709462,m_01582,c_0035108,2026-01-01 22:59:00,US,SMB,Mobile,Bank debit,12.7,1,,0,0,1388,0.24
pay_000017430,m_00879,c_0137919,2026-01-01 22:59:00,GB,Mid-market,Mobile,Card,111.25,1,,0,0,524,2.11
pay_000020862,m_03883,c_0147069,2026-01-01 22:59:00,AU,SMB,Mobile,Wallet,22.07,1,,0,0,692,0.42
pay_000243474,m_01456,c_0016553,2026-01-01 23:00:00,DE,SMB,Desktop,Card,44.63,1,,0,0,1128,0.85
pay_000012318,m_00394,c_0050473,2026-01-01 23:00:00,GB,SMB,Mobile,Wallet,45.62,1,,0,0,651,0.87
pay_000156194,m_00260,c_0128507,2026-01-01 23:00:00,AU,Mid-market,Mobile,Card,65.69,1,,0,0,671,1.25
pay_000351193,m_03867,c_0036411,2026-01-01 23:00:00,CA,SMB,Desktop,Card,9.85,1,,0,0,767,0.19
pay_000961254,m_03981,c_0097142,2026-01-01 23:00:00,US,Mid-market,Mobile,Wallet,34.72,1,,0,0,580,0.66
pay_000515901,m_04422,c_0032272,2026-01-01 23:02:00,DE,SMB,Mobile,BNPL,14.93,1,,0,0,320,0.28
pay_000412414,m_04662,c_0076435,2026-01-01 23:02:00,US,SMB,Mobile,Card,116.98,1,,0,0,950,2.22
pay_000683255,m_01893,c_0003522,2026-01-01 23:02:00,US,SMB,Mobile,Card,26.46,1,,0,0,446,0.5
pay_000711331,m_04888,c_0088060,2026-01-01 23:03:00,GB,Mid-market,Desktop,Wallet,91.87,1,,0,0,565,1.75
pay_000497337,m_02057,c_0138229,2026-01-01 23:03:00,CA,SMB,Mobile,Card,57.31,1,,0,0,397,1.09
pay_000853532,m_04670,c_0041481,2026-01-01 23:03:00,US,SMB,Mobile,BNPL,4.16,1,,0,0,780,0.08
pay_000587900,m_01405,c_0146838,2026-01-01 23:03:00,CA,SMB,Mobile,Card,50.99,1,,0,0,730,0.97
pay_000378843,m_00017,c_0133948,2026-01-01 23:04:00,CA,Enterprise,Mobile,Card,33.86,1,,0,0,1015,0.64
pay_000267151,m_00008,c_0031825,2026-01-01 23:04:00,US,SMB,Desktop,Card,16.39,0,expired_card,0,0,670,0.0
pay_000625545,m_03890,c_0164584,2026-01-01 23:05:00,GB,SMB,Desktop,Wallet,21.73,1,,0,0,698,0.41
pay_000680668,m_03070,c_0170107,2026-01-01 23:05:00,CA,Enterprise,Mobile,Card,46.79,1,,0,0,1110,0.89
pay_000265568,m_04092,c_0126402,2026-01-01 23:06:00,US,Mid-market,Mobile,Card,41.11,1,,0,0,548,0.78
pay_000034315,m_02404,c_0141062,2026-01-01 23:06:00,CA,Mid-market,Mobile,Card,696.85,1,,0,0,597,13.24
pay_000070307,m_01942,c_0129863,2026-01-01 23:06:00,US,SMB,Mobile,Card,66.95,1,,0,0,753,1.27
pay_000142184,m_03583,c_0111912,2026-01-01 23:07:00,US,Mid-market,Mobile,Card,11.39,1,,0,0,675,0.22
pay_000168909,m_04111,c_0061747,2026-01-01 23:07:00,AU,Mid-market,Desktop,Card,38.6,1,,1,0,992,0.73
pay_000989046,m_00760,c_0029432,2026-01-01 23:08:00,GB,Mid-market,Mobile,Card,24.65,1,,0,0,664,0.47
pay_000199835,m_04355,c_0078709,2026-01-01 23:08:00,US,Mid-market,Desktop,Card,81.31,1,,0,0,290,1.54
pay_000716734,m_00100,c_0152207,2026-01-01 23:08:00,DE,SMB,Desktop,Card,33.45,1,,0,0,1056,0.64
pay_000101633,m_00575,c_0076635,2026-01-01 23:09:00,DE,SMB,Mobile,Card,79.72,1,,0,0,664,1.51
pay_000642367,m_02792,c_0157834,2026-01-01 23:09:00,US,Mid-market,Mobile,Card,50.49,1,,0,0,339,0.96
pay_000164835,m_02752,c_0117933,2026-01-01 23:10:00,DE,SMB,Mobile,Card,19.22,1,,0,0,270,0.37
pay_000957104,m_02122,c_0123022,2026-01-01 23:10:00,US,Enterprise,Desktop,BNPL,197.5,0,insufficient_funds,0,0,787,0.0
pay_000529384,m_00146,c_0070845,2026-01-01 23:10:00,AU,SMB,Desktop,BNPL,18.68,1,,0,0,824,0.35
pay_000963361,m_02151,c_0006102,2026-01-01 23:11:00,DE,SMB,Desktop,Card,86.0,1,,0,0,709,1.63
pay_000080290,m_01904,c_0042145,2026-01-01 23:11:00,AU,SMB,Mobile,Bank debit,8.71,1,,0,0,1184,0.17
pay_000266250,m_03845,c_0067664,2026-01-01 23:11:00,AU,Enterprise,Mobile,BNPL,87.98,1,,0,0,472,1.67
pay_000712766,m_01896,c_0054564,2026-01-01 23:11:00,AU,Enterprise,Mobile,Card,51.58,1,,0,0,821,0.98
pay_000495216,m_03511,c_0139402,2026-01-01 23:11:00,US,SMB,Desktop,Card,12.69,1,,0,0,786,0.24
pay_000169704,m_02736,c_0162701,2026-01-01 23:11:00,US,SMB,Mobile,Card,69.06,1,,0,0,348,1.31
pay_000157964,m_01208,c_0104071,2026-01-01 23:12:00,DE,Mid-market,Mobile,Card,53.53,0,issuer_decline,0,0,596,0.0
pay_000481370,m_00039,c_0064840,2026-01-01 23:12:00,US,SMB,Mobile,Card,64.45,0,network_error,0,0,1119,0.0
pay_000947825,m_04485,c_0072325,2026-01-01 23:12:00,US,Mid-market,Mobile,Card,69.16,1,,0,0,424,1.31
pay_000534267,m_03568,c_0179763,2026-01-01 23:12:00,GB,SMB,Mobile,BNPL,11.0,1,,0,0,438,0.21
pay_000575508,m_03428,c_0052507,2026-01-01 23:12:00,CA,Mid-market,Mobile,Bank debit,20.18,1,,0,0,1119,0.38
pay_000468644,m_03494,c_0049245,2026-01-01 23:12:00,US,Enterprise,Desktop,Card,151.82,1,,0,0,673,2.88
pay_000777873,m_00889,c_0108721,2026-01-01 23:13:00,GB,SMB,Mobile,Card,40.89,1,,0,0,466,0.78
pay_000738214,m_04149,c_0114706,2026-01-01 23:13:00,US,Mid-market,Desktop,Card,126.05,1,,0,0,813,2.39
pay_000403466,m_03485,c_0129129,2026-01-01 23:13:00,US,Mid-market,Desktop,Card,28.05,1,,0,1,722,0.53
pay_000027382,m_02619,c_0055823,2026-01-01 23:13:00,US,SMB,Mobile,Wallet,38.36,1,,0,0,1097,0.73
pay_000384199,m_03905,c_0043170,2026-01-01 23:14:00,CA,SMB,Desktop,Card,21.97,1,,0,0,827,0.42
pay_000432295,m_04720,c_0053257,2026-01-01 23:14:00,AU,Enterprise,Mobile,BNPL,146.54,1,,0,0,770,2.78
pay_000155410,m_01166,c_0001331,2026-01-01 23:14:00,GB,SMB,Mobile,Card,9.97,1,,0,0,496,0.19
pay_000803592,m_00670,c_0008417,2026-01-01 23:14:00,CA,SMB,Mobile,Bank debit,15.82,1,,0,0,1268,0.3
pay_000029881,m_02182,c_0119587,2026-01-01 23:15:00,CA,SMB,Mobile,Bank debit,44.5,1,,0,0,1188,0.85
pay_000944367,m_04266,c_0072103,2026-01-01 23:15:00,US,SMB,Mobile,Card,87.94,1,,0,0,303,1.67
pay_000197225,m_01583,c_0150895,2026-01-01 23:16:00,US,SMB,Desktop,Card,56.19,1,,0,0,448,1.07
pay_000425006,m_00934,c_0163696,2026-01-01 23:16:00,GB,Enterprise,Mobile,Wallet,114.81,1,,0,0,490,2.18
pay_000546425,m_04705,c_0091858,2026-01-01 23:16:00,AU,Enterprise,Mobile,Card,160.61,1,,0,0,244,3.05
pay_000818161,m_03619,c_0130951,2026-01-01 23:16:00,US,SMB,Desktop,BNPL,15.59,0,insufficient_funds,0,0,583,0.0
pay_000727674,m_01718,c_0167241,2026-01-01 23:17:00,CA,Mid-market,Desktop,Card,98.02,1,,0,0,539,1.86
pay_000136727,m_03388,c_0033612,2026-01-01 23:18:00,US,Enterprise,Mobile,Card,56.76,1,,0,0,657,1.08
pay_000040031,m_01049,c_0065533,2026-01-01 23:18:00,AU,Mid-market,Desktop,Card,53.06,1,,0,0,1028,1.01
pay_000313512,m_00170,c_0074414,2026-01-01 23:18:00,GB,Mid-market,Mobile,Card,62.85,1,,0,0,630,1.19
pay_000399179,m_04820,c_0100040,2026-01-01 23:19:00,DE,SMB,Desktop,Bank debit,123.84,1,,0,0,809,2.35
pay_000927663,m_04984,c_0090870,2026-01-01 23:19:00,GB,Enterprise,Mobile,Wallet,103.88,1,,0,0,784,1.97
pay_000304582,m_01816,c_0016179,2026-01-01 23:20:00,US,Mid-market,Mobile,Card,68.48,1,,0,0,821,1.3
pay_000980170,m_02155,c_0110364,2026-01-01 23:20:00,DE,Mid-market,Mobile,Card,36.95,0,suspected_fraud,0,0,453,0.0
pay_000007212,m_00802,c_0161914,2026-01-01 23:20:00,US,Mid-market,Desktop,Card,326.79,1,,0,0,958,6.21
pay_000733789,m_03452,c_0167915,2026-01-01 23:20:00,AU,Enterprise,Mobile,BNPL,93.36,1,,0,0,880,1.77
pay_000953823,m_01370,c_0046870,2026-01-01 23:20:00,US,Enterprise,Mobile,Bank debit,212.7,0,insufficient_funds,0,0,1436,0.0
pay_000799064,m_00158,c_0154351,2026-01-01 23:21:00,US,SMB,Mobile,Card,20.35,1,,0,0,545,0.39
pay_000451218,m_00864,c_0047758,2026-01-01 23:21:00,US,Enterprise,Desktop,Card,35.82,1,,0,0,794,0.68
pay_000137619,m_01908,c_0032014,2026-01-01 23:22:00,AU,SMB,Mobile,Wallet,13.36,1,,0,0,788,0.25
pay_000001622,m_01890,c_0087903,2026-01-01 23:22:00,CA,SMB,Mobile,Wallet,15.88,1,,0,0,816,0.3
pay_000805314,m_00051,c_0049862,2026-01-01 23:23:00,CA,SMB,Mobile,Card,58.7,1,,0,0,807,1.12
pay_000271989,m_00152,c_0125168,2026-01-01 23:23:00,US,SMB,Desktop,Card,91.14,1,,0,0,514,1.73
pay_000325790,m_00854,c_0073936,2026-01-01 23:24:00,US,SMB,Desktop,Card,7.69,1,,0,0,675,0.15
pay_000741631,m_02243,c_0051901,2026-01-01 23:24:00,GB,Mid-market,Mobile,Wallet,25.12,1,,0,0,825,0.48
pay_000504772,m_03777,c_0012212,2026-01-01 23:24:00,DE,SMB,Desktop,Card,10.37,1,,0,0,697,0.2
pay_000296443,m_04211,c_0044599,2026-01-01 23:24:00,DE,Mid-market,Desktop,Wallet,29.99,1,,0,0,736,0.57
pay_000039936,m_00532,c_0032270,2026-01-01 23:25:00,GB,Mid-market,Desktop,Card,128.46,1,,0,0,1272,2.44
pay_000444830,m_00914,c_0164091,2026-01-01 23:25:00,DE,Enterprise,Mobile,Card,52.81,1,,0,0,681,1.0
pay_000662674,m_02002,c_0047337,2026-01-01 23:25:00,US,Mid-market,Mobile,Wallet,60.62,1,,0,0,432,1.15
pay_000106970,m_01411,c_0143231,2026-01-01 23:25:00,US,SMB,Desktop,Wallet,34.06,1,,0,0,571,0.65
pay_000330645,m_02439,c_0095694,2026-01-01 23:26:00,US,SMB,Mobile,Card,40.54,0,network_error,0,0,761,0.0
pay_000950115,m_03545,c_0029474,2026-01-01 23:26:00,GB,SMB,Mobile,Card,25.95,1,,0,0,608,0.49
pay_000647369,m_03139,c_0095804,2026-01-01 23:27:00,US,Mid-market,Desktop,Wallet,19.37,1,,0,0,599,0.37
pay_000880902,m_01255,c_0124757,2026-01-01 23:27:00,AU,SMB,Mobile,Bank debit,38.17,1,,0,0,901,0.73
pay_000193745,m_04521,c_0104660,2026-01-01 23:28:00,AU,Mid-market,Mobile,Wallet,20.3,1,,0,0,562,0.39
pay_000426177,m_03519,c_0123784,2026-01-01 23:28:00,DE,Enterprise,Mobile,Card,13.34,1,,0,0,610,0.25
pay_000265520,m_03601,c_0145671,2026-01-01 23:28:00,US,SMB,Mobile,Wallet,29.5,1,,0,0,378,0.56
pay_000113781,m_02299,c_0096990,2026-01-01 23:29:00,US,SMB,Desktop,Card,8.14,1,,0,0,558,0.15
pay_000111500,m_01811,c_0122619,2026-01-01 23:29:00,DE,SMB,Mobile,Card,37.32,1,,0,0,935,0.71
pay_000943000,m_01772,c_0041277,2026-01-01 23:30:00,AU,SMB,Desktop,Bank debit,22.89,1,,0,0,800,0.43
pay_000836280,m_00690,c_0155851,2026-01-01 23:30:00,DE,SMB,Mobile,Card,35.29,1,,0,0,878,0.67
pay_000942232,m_03456,c_0033736,2026-01-01 23:31:00,GB,SMB,Desktop,Card,16.19,1,,0,0,647,0.31
pay_000688568,m_04738,c_0114267,2026-01-01 23:31:00,US,SMB,Mobile,Card,55.62,1,,0,0,813,1.06
pay_000300505,m_00923,c_0010707,2026-01-01 23:31:00,GB,Mid-market,Mobile,BNPL,69.09,1,,0,0,543,1.31
pay_000422200,m_00676,c_0100941,2026-01-01 23:31:00,US,SMB,Mobile,Card,81.21,1,,0,0,963,1.54
pay_000173361,m_03697,c_0162869,2026-01-01 23:32:00,US,Enterprise,Mobile,Wallet,109.48,1,,0,0,550,2.08
pay_000921876,m_02439,c_0004834,2026-01-01 23:32:00,GB,SMB,Desktop,Wallet,71.81,1,,0,0,780,1.36
pay_000071894,m_02008,c_0016072,2026-01-01 23:32:00,US,SMB,Mobile,Bank debit,40.89,1,,0,0,1159,0.78
pay_000822647,m_03368,c_0140700,2026-01-01 23:32:00,DE,SMB,Mobile,Wallet,123.27,1,,0,0,453,2.34
pay_000352957,m_00258,c_0063941,2026-01-01 23:32:00,US,Mid-market,Mobile,Card,41.3,1,,0,0,708,0.78
pay_000150877,m_00634,c_0084796,2026-01-01 23:32:00,GB,SMB,Mobile,Wallet,6.23,1,,0,0,756,0.12
pay_000261353,m_02924,c_0029153,2026-01-01 23:32:00,GB,SMB,Mobile,Card,18.7,1,,0,0,846,0.36
pay_000713614,m_02383,c_0156428,2026-01-01 23:32:00,US,SMB,Desktop,Wallet,52.12,1,,0,0,422,0.99
pay_000821290,m_04327,c_0029282,2026-01-01 23:32:00,US,SMB,Mobile,Card,10.12,1,,0,0,675,0.19
pay_000388400,m_04490,c_0004911,2026-01-01 23:33:00,CA,SMB,Mobile,Card,109.0,1,,0,0,617,2.07
pay_000615017,m_03291,c_0115327,2026-01-01 23:33:00,US,SMB,Desktop,Wallet,53.57,1,,0,0,391,1.02
pay_000961885,m_03036,c_0073156,2026-01-01 23:33:00,CA,SMB,Mobile,Bank debit,4.95,1,,0,0,1137,0.09
pay_000264439,m_02105,c_0068738,2026-01-01 23:33:00,DE,Mid-market,Mobile,Card,63.06,1,,0,0,602,1.2
pay_000118392,m_01167,c_0084621,2026-01-01 23:34:00,AU,SMB,Desktop,Wallet,59.3,1,,0,0,930,1.13
pay_000970314,m_02784,c_0157233,2026-01-01 23:35:00,US,Mid-market,Desktop,Wallet,65.53,1,,0,0,740,1.25
pay_000188668,m_00891,c_0155909,2026-01-01 23:36:00,US,SMB,Mobile,Wallet,36.99,1,,0,0,801,0.7
pay_000913124,m_00217,c_0075091,2026-01-01 23:36:00,CA,Mid-market,Mobile,Bank debit,24.25,1,,0,0,1197,0.46
pay_000227891,m_01827,c_0148189,2026-01-01 23:36:00,CA,Mid-market,Desktop,Wallet,39.74,1,,0,0,678,0.76
pay_000356666,m_03781,c_0092350,2026-01-01 23:36:00,US,SMB,Mobile,Bank debit,11.44,1,,0,0,911,0.22
pay_000234492,m_03923,c_0134802,2026-01-01 23:36:00,AU,Mid-market,Desktop,Card,8.36,0,suspected_fraud,0,0,428,0.0
pay_000947077,m_02635,c_0051608,2026-01-01 23:37:00,DE,SMB,Mobile,Wallet,47.96,1,,0,0,869,0.91
pay_000119275,m_00207,c_0093522,2026-01-01 23:37:00,CA,Mid-market,Mobile,Card,180.38,1,,0,0,782,3.43
pay_000175928,m_04163,c_0137319,2026-01-01 23:38:00,US,Mid-market,Mobile,Card,232.04,1,,0,0,900,4.41
pay_000367655,m_04086,c_0060387,2026-01-01 23:39:00,US,Mid-market,Desktop,Card,65.73,1,,0,0,327,1.25
pay_000784164,m_01235,c_0003322,2026-01-01 23:39:00,DE,Enterprise,Desktop,Card,42.95,1,,0,0,584,0.82
pay_000568823,m_00627,c_0087624,2026-01-01 23:40:00,GB,SMB,Mobile,Card,33.72,1,,0,0,910,0.64
pay_000779761,m_00362,c_0127074,2026-01-01 23:40:00,CA,Mid-market,Mobile,Card,45.5,1,,0,0,509,0.86
pay_000036712,m_03808,c_0001481,2026-01-01 23:41:00,GB,SMB,Desktop,Card,4.22,1,,0,0,539,0.08
pay_000312018,m_00611,c_0141720,2026-01-01 23:41:00,GB,SMB,Desktop,Bank debit,71.16,1,,0,0,935,1.35
pay_000420315,m_02144,c_0172890,2026-01-01 23:41:00,GB,Mid-market,Mobile,Wallet,26.62,0,expired_card,0,0,675,0.0
pay_000128366,m_02681,c_0045883,2026-01-01 23:42:00,US,SMB,Mobile,Card,51.95,0,expired_card,0,0,647,0.0
pay_000833662,m_00543,c_0120312,2026-01-01 23:42:00,US,Mid-market,Desktop,Card,75.53,1,,0,0,854,1.44
pay_000049888,m_00284,c_0093361,2026-01-01 23:43:00,US,Mid-market,Mobile,Card,44.32,1,,0,0,636,0.84
pay_000821039,m_02736,c_0103558,2026-01-01 23:43:00,GB,Mid-market,Desktop,Card,111.65,0,expired_card,0,0,808,0.0
pay_000781109,m_00529,c_0016149,2026-01-01 23:43:00,GB,SMB,Mobile,Card,13.83,1,,0,0,649,0.26
pay_000326790,m_04924,c_0012068,2026-01-01 23:43:00,US,Enterprise,Mobile,Card,219.59,1,,0,0,1160,4.17
pay_000864348,m_04457,c_0160404,2026-01-01 23:43:00,DE,SMB,Mobile,Wallet,90.66,1,,0,0,695,1.72
pay_000254477,m_01767,c_0125941,2026-01-01 23:45:00,CA,SMB,Mobile,Card,24.37,1,,0,0,788,0.46
pay_000288307,m_03215,c_0089256,2026-01-01 23:45:00,US,SMB,Desktop,Wallet,51.48,1,,0,0,285,0.98
pay_000886935,m_01326,c_0121677,2026-01-01 23:45:00,CA,SMB,Mobile,Card,15.98,1,,0,0,286,0.3
pay_000298662,m_01975,c_0171118,2026-01-01 23:45:00,US,SMB,Mobile,Card,22.84,1,,0,0,473,0.43
pay_000990386,m_03442,c_0127880,2026-01-01 23:45:00,AU,Mid-market,Desktop,Card,92.35,1,,0,0,525,1.75
pay_000949523,m_02794,c_0087501,2026-01-01 23:45:00,US,Mid-market,Mobile,Card,15.81,1,,0,0,772,0.3
pay_000440632,m_02361,c_0164486,2026-01-01 23:45:00,US,SMB,Mobile,Wallet,108.75,1,,0,0,684,2.07
pay_000187728,m_00596,c_0013477,2026-01-01 23:46:00,US,Mid-market,Mobile,Wallet,9.21,1,,0,0,617,0.17
pay_000192458,m_00943,c_0153073,2026-01-01 23:46:00,GB,SMB,Mobile,Card,8.23,1,,0,0,889,0.16
pay_000078747,m_01578,c_0026485,2026-01-01 23:46:00,US,Mid-market,Desktop,Card,18.43,1,,0,0,437,0.35
pay_000192618,m_03861,c_0097773,2026-01-01 23:46:00,DE,SMB,Mobile,Wallet,62.92,1,,0,0,659,1.2
pay_000458260,m_00080,c_0130566,2026-01-01 23:47:00,US,SMB,Mobile,Wallet,36.13,1,,0,0,542,0.69
pay_000214383,m_01299,c_0089080,2026-01-01 23:47:00,AU,Mid-market,Desktop,Wallet,141.68,1,,0,0,473,2.69
pay_000018091,m_04039,c_0033968,2026-01-01 23:48:00,US,SMB,Mobile,Wallet,18.92,1,,0,0,1089,0.36
pay_000883783,m_00543,c_0101128,2026-01-01 23:48:00,US,Mid-market,Desktop,Card,44.76,1,,0,0,887,0.85
pay_000488103,m_00291,c_0124406,2026-01-01 23:49:00,DE,SMB,Mobile,Card,17.7,1,,0,0,810,0.34
pay_000713893,m_03435,c_0140059,2026-01-01 23:49:00,CA,SMB,Mobile,Bank debit,33.98,1,,0,0,1324,0.65
pay_000232422,m_01551,c_0136360,2026-01-01 23:49:00,CA,Enterprise,Desktop,Card,112.37,1,,0,0,835,2.14
pay_000630127,m_01346,c_0127168,2026-01-01 23:50:00,US,Mid-market,Mobile,Card,43.07,1,,0,0,798,0.82
pay_000308025,m_02108,c_0092175,2026-01-01 23:50:00,CA,SMB,Mobile,Wallet,7.75,1,,0,0,702,0.15
pay_000210986,m_01740,c_0144240,2026-01-01 23:50:00,DE,Mid-market,Desktop,Card,97.44,1,,0,0,776,1.85
pay_000476374,m_04961,c_0129250,2026-01-01 23:50:00,US,SMB,Desktop,Card,83.17,1,,0,0,1077,1.58
pay_000226927,m_01945,c_0148684,2026-01-01 23:50:00,CA,SMB,Mobile,Bank debit,9.22,1,,0,0,1012,0.18
pay_000314178,m_04984,c_0044371,2026-01-01 23:50:00,DE,Mid-market,Mobile,Card,66.83,1,,0,0,813,1.27
pay_000512995,m_04564,c_0127345,2026-01-01 23:50:00,US,Mid-market,Mobile,Card,17.95,1,,0,0,765,0.34
pay_000454999,m_03691,c_0090879,2026-01-01 23:51:00,AU,Mid-market,Mobile,Card,64.48,1,,0,0,1005,1.23
pay_000914949,m_04740,c_0164054,2026-01-01 23:52:00,CA,Mid-market,Desktop,Wallet,4.57,1,,0,0,962,0.09
pay_000792133,m_03789,c_0135270,2026-01-01 23:52:00,US,SMB,Desktop,Wallet,48.97,1,,0,0,755,0.93
pay_000564336,m_02076,c_0131344,2026-01-01 23:52:00,DE,Mid-market,Mobile,Card,67.36,0,suspected_fraud,0,0,829,0.0
pay_000477648,m_04019,c_0015193,2026-01-01 23:52:00,DE,Mid-market,Mobile,Card,27.04,1,,0,0,852,0.51
pay_000047584,m_02973,c_0177795,2026-01-01 23:53:00,CA,SMB,Desktop,Bank debit,33.56,1,,0,0,863,0.64
pay_000502751,m_00979,c_0059997,2026-01-01 23:54:00,AU,SMB,Mobile,Wallet,24.17,1,,0,0,566,0.46
pay_000210565,m_00908,c_0036475,2026-01-01 23:54:00,CA,Enterprise,Mobile,Bank debit,32.45,1,,0,0,1014,0.62
pay_000103197,m_02363,c_0140545,2026-01-01 23:55:00,US,Mid-market,Mobile,Card,14.44,0,suspected_fraud,0,0,962,0.0
pay_000473325,m_03548,c_0134780,2026-01-01 23:56:00,US,SMB,Mobile,Card,96.51,1,,0,0,724,1.83
pay_000603473,m_01694,c_0087729,2026-01-01 23:56:00,US,SMB,Mobile,Card,5.85,1,,0,0,796,0.11
pay_000685244,m_00143,c_0056911,2026-01-01 23:56:00,US,SMB,Mobile,Card,17.05,1,,0,0,715,0.32
pay_000035839,m_04559,c_0156196,2026-01-01 23:56:00,US,SMB,Mobile,Card,16.72,1,,0,0,961,0.32
pay_000556441,m_04207,c_0061732,2026-01-01 23:56:00,GB,SMB,Mobile,Card,49.98,1,,0,0,761,0.95
pay_000948722,m_01140,c_0068496,2026-01-01 23:57:00,DE,SMB,Mobile,Wallet,9.12,1,,0,0,1098,0.17
pay_000645615,m_01539,c_0100012,2026-01-01 23:57:00,CA,SMB,Mobile,Card,59.34,1,,0,0,573,1.13
pay_000462338,m_04846,c_0122391,2026-01-01 23:57:00,US,Enterprise,Mobile,BNPL,75.55,1,,0,0,869,1.44
pay_000272276,m_00699,c_0102650,2026-01-01 23:58:00,US,Mid-market,Desktop,Bank debit,74.48,1,,0,0,634,1.42
pay_000122473,m_00740,c_0059711,2026-01-01 23:58:00,CA,Mid-market,Desktop,Card,24.4,0,suspected_fraud,0,0,434,0.0
pay_000605326,m_00008,c_0009717,2026-01-02 00:00:00,AU,Enterprise,Mobile,Wallet,39.21,1,,0,0,725,0.74
pay_000472666,m_02252,c_0115207,2026-01-02 00:00:00,US,Mid-market,Mobile,BNPL,18.54,1,,0,0,769,0.35
pay_000274595,m_00707,c_0081812,2026-01-02 00:00:00,US,Mid-market,Desktop,Card,81.84,1,,0,0,657,1.55
pay_000119884,m_03783,c_0053361,2026-01-02 00:01:00,US,SMB,Desktop,Card,39.27,1,,0,0,481,0.75
pay_000232077,m_02139,c_0044640,2026-01-02 00:01:00,CA,Enterprise,Mobile,Card,165.66,1,,0,0,807,3.15
pay_000818427,m_02009,c_0057906,2026-01-02 00:01:00,AU,SMB,Mobile,BNPL,42.96,1,,0,0,803,0.82
pay_000432938,m_04903,c_0121918,2026-01-02 00:02:00,US,SMB,Desktop,Wallet,57.72,1,,0,0,861,1.1
pay_000943856,m_00480,c_0093341,2026-01-02 00:02:00,AU,Mid-market,Desktop,Card,51.12,1,,0,0,885,0.97
pay_000316287,m_03303,c_0170771,2026-01-02 00:02:00,US,SMB,Mobile,Card,25.06,1,,0,0,804,0.48
pay_000984253,m_01123,c_0024615,2026-01-02 00:02:00,CA,Mid-market,Mobile,Card,39.54,1,,0,0,660,0.75
pay_000228183,m_01137,c_0153714,2026-01-02 00:03:00,GB,SMB,Desktop,Wallet,111.73,1,,0,0,764,2.12
pay_000542777,m_01203,c_0103124,2026-01-02 00:03:00,GB,Mid-market,Mobile,Card,37.28,1,,0,0,725,0.71
pay_000604270,m_02891,c_0027295,2026-01-02 00:03:00,DE,Enterprise,Desktop,Card,30.51,1,,0,0,692,0.58
pay_000059437,m_01329,c_0106068,2026-01-02 00:03:00,US,SMB,Mobile,Card,51.91,1,,0,0,601,0.99
pay_000388387,m_04287,c_0133291,2026-01-02 00:03:00,GB,SMB,Mobile,Card,492.32,1,,0,0,508,9.35
pay_000418219,m_03508,c_0075585,2026-01-02 00:05:00,US,SMB,Desktop,Card,309.62,1,,0,0,873,5.88
pay_000675934,m_02297,c_0025742,2026-01-02 00:05:00,US,SMB,Mobile,Bank debit,361.38,1,,0,0,1224,6.87
pay_000090150,m_04868,c_0058670,2026-01-02 00:06:00,US,Mid-market,Mobile,Wallet,10.42,1,,0,0,609,0.2
pay_000116756,m_02369,c_0098476,2026-01-02 00:06:00,GB,SMB,Mobile,Wallet,81.09,1,,0,0,588,1.54
pay_000095791,m_02961,c_0095472,2026-01-02 00:06:00,US,SMB,Desktop,Card,51.48,1,,0,0,683,0.98
pay_000820472,m_04945,c_0137592,2026-01-02 00:06:00,US,SMB,Mobile,Card,13.76,1,,0,0,706,0.26
pay_000955785,m_03436,c_0015268,2026-01-02 00:07:00,US,SMB,Mobile,Card,27.66,1,,0,0,695,0.53
pay_000092714,m_00394,c_0005322,2026-01-02 00:07:00,CA,Mid-market,Desktop,Card,60.37,1,,0,0,901,1.15
pay_000384856,m_00388,c_0042870,2026-01-02 00:07:00,US,SMB,Mobile,Wallet,11.64,1,,0,0,628,0.22
pay_000690132,m_00773,c_0010142,2026-01-02 00:08:00,US,Enterprise,Mobile,Bank debit,142.33,0,issuer_decline,0,0,672,0.0
pay_000765039,m_00656,c_0106121,2026-01-02 00:08:00,CA,Enterprise,Mobile,Bank debit,147.97,1,,0,0,818,2.81
pay_000908899,m_02141,c_0024293,2026-01-02 00:08:00,US,Mid-market,Mobile,Card,114.27,1,,0,0,694,2.17
pay_000462421,m_01723,c_0001716,2026-01-02 00:09:00,AU,Mid-market,Desktop,Card,67.32,1,,0,0,791,1.28
pay_000764746,m_03914,c_0173887,2026-01-02 00:09:00,US,SMB,Mobile,Card,65.3,1,,0,0,449,1.24
pay_000436760,m_01967,c_0076721,2026-01-02 00:09:00,CA,SMB,Desktop,Wallet,41.17,1,,0,0,728,0.78
pay_000959139,m_02506,c_0161347,2026-01-02 00:10:00,GB,SMB,Mobile,Card,56.91,1,,1,0,712,1.08
pay_000458533,m_01956,c_0023735,2026-01-02 00:10:00,DE,Mid-market,Mobile,Wallet,36.09,1,,0,0,852,0.69
pay_000867837,m_02391,c_0052799,2026-01-02 00:10:00,US,SMB,Mobile,Card,6.03,1,,1,0,514,0.11
pay_000674682,m_04368,c_0170245,2026-01-02 00:11:00,CA,SMB,Mobile,BNPL,46.15,1,,0,0,647,0.88
pay_000045158,m_02552,c_0093093,2026-01-02 00:11:00,GB,Enterprise,Mobile,Card,133.51,1,,0,0,825,2.54
pay_000341053,m_03313,c_0120643,2026-01-02 00:11:00,GB,Mid-market,Mobile,Card,97.42,1,,0,0,1069,1.85
pay_000460798,m_00418,c_0163486,2026-01-02 00:12:00,DE,SMB,Mobile,Wallet,49.03,1,,0,0,724,0.93
pay_000660782,m_04636,c_0130071,2026-01-02 00:12:00,AU,SMB,Mobile,Bank debit,7.12,1,,0,0,1174,0.14
pay_000492788,m_02441,c_0120552,2026-01-02 00:12:00,DE,SMB,Mobile,Bank debit,57.32,1,,0,0,625,1.09
pay_000057339,m_00782,c_0096343,2026-01-02 00:13:00,US,SMB,Mobile,Card,29.54,1,,0,0,679,0.56
pay_000614079,m_00930,c_0047930,2026-01-02 00:13:00,US,Enterprise,Desktop,Wallet,47.67,1,,0,0,896,0.91
pay_000022413,m_01240,c_0151344,2026-01-02 00:13:00,US,SMB,Desktop,Wallet,46.47,1,,0,0,747,0.88
pay_000439390,m_02189,c_0148690,2026-01-02 00:13:00,US,Mid-market,Desktop,Bank debit,69.89,1,,0,0,655,1.33
pay_000068346,m_00651,c_0090731,2026-01-02 00:13:00,US,SMB,Mobile,Wallet,12.66,1,,0,0,566,0.24
pay_000633362,m_01432,c_0071135,2026-01-02 00:13:00,US,Mid-market,Mobile,Card,12.47,1,,0,0,540,0.24
pay_000611577,m_01776,c_0166215,2026-01-02 00:14:00,US,Mid-market,Mobile,Card,69.79,0,issuer_decline,0,0,659,0.0
pay_000146578,m_02865,c_0048358,2026-01-02 00:14:00,CA,SMB,Desktop,Bank debit,48.91,1,,0,0,1502,0.93
pay_000393142,m_03679,c_0107815,2026-01-02 00:14:00,CA,Mid-market,Mobile,Card,42.44,1,,0,0,519,0.81
pay_000392245,m_04623,c_0086912,2026-01-02 00:14:00,DE,SMB,Mobile,Wallet,19.53,1,,0,0,653,0.37
pay_000272814,m_03440,c_0068996,2026-01-02 00:15:00,AU,Mid-market,Mobile,Card,74.27,1,,0,0,711,1.41
pay_000579348,m_03335,c_0031915,2026-01-02 00:15:00,GB,Mid-market,Mobile,Wallet,21.81,1,,0,0,659,0.41
pay_000978661,m_02767,c_0161154,2026-01-02 00:15:00,DE,SMB,Desktop,Card,21.3,1,,0,0,694,0.4
pay_000503695,m_02376,c_0001601,2026-01-02 00:16:00,GB,SMB,Mobile,Card,59.21,1,,0,0,888,1.12
pay_000454957,m_00319,c_0069783,2026-01-02 00:17:00,US,SMB,Desktop,Card,29.92,1,,0,0,921,0.57
pay_000771802,m_03557,c_0026807,2026-01-02 00:17:00,CA,Mid-market,Desktop,Card,191.3,1,,0,0,586,3.63
pay_000041056,m_00215,c_0028176,2026-01-02 00:17:00,GB,SMB,Desktop,Card,29.39,1,,0,0,494,0.56
pay_000229069,m_03975,c_0104943,2026-01-02 00:18:00,US,Enterprise,Mobile,Bank debit,27.79,1,,0,0,1412,0.53
pay_000579143,m_02600,c_0084581,2026-01-02 00:18:00,CA,Mid-market,Mobile,Card,22.85,1,,0,0,296,0.43
pay_000060485,m_04947,c_0151036,2026-01-02 00:18:00,US,SMB,Desktop,BNPL,73.91,1,,0,0,996,1.4
pay_000762068,m_01104,c_0123134,2026-01-02 00:19:00,GB,SMB,Mobile,Wallet,62.3,1,,0,0,914,1.18
pay_000069567,m_03984,c_0118388,2026-01-02 00:19:00,US,Mid-market,Desktop,Card,30.51,1,,0,0,626,0.58
pay_000210640,m_01404,c_0031996,2026-01-02 00:19:00,AU,Enterprise,Mobile,Card,52.08,1,,0,0,734,0.99
pay_000024793,m_04650,c_0096915,2026-01-02 00:20:00,US,SMB,Mobile,Bank debit,25.69,1,,0,0,710,0.49
pay_000736693,m_01206,c_0158226,2026-01-02 00:20:00,US,Mid-market,Mobile,Card,18.14,1,,0,0,369,0.34
pay_000103566,m_02764,c_0036091,2026-01-02 00:20:00,US,Mid-market,Mobile,Card,166.53,1,,0,0,493,3.16
pay_000962474,m_03108,c_0158525,2026-01-02 00:21:00,US,SMB,Desktop,Bank debit,143.67,1,,0,0,1144,2.73
pay_000499991,m_02655,c_0122181,2026-01-02 00:22:00,AU,Mid-market,Mobile,Wallet,42.21,1,,0,0,515,0.8
pay_000969189,m_00037,c_0015720,2026-01-02 00:22:00,US,Mid-market,Mobile,Card,83.3,1,,0,0,542,1.58
pay_000455315,m_03893,c_0145260,2026-01-02 00:22:00,US,Mid-market,Mobile,Card,17.39,1,,0,0,785,0.33
pay_000754263,m_03039,c_0146681,2026-01-02 00:22:00,GB,SMB,Mobile,Wallet,20.55,1,,0,0,734,0.39
pay_000918822,m_02065,c_0154577,2026-01-02 00:22:00,AU,Mid-market,Mobile,Card,45.41,1,,0,0,738,0.86
pay_000923666,m_01394,c_0035726,2026-01-02 00:23:00,US,SMB,Mobile,BNPL,19.4,1,,0,0,556,0.37
pay_000294970,m_04183,c_0068022,2026-01-02 00:24:00,AU,Mid-market,Desktop,Card,25.1,1,,0,0,713,0.48
pay_000907033,m_02652,c_0174638,2026-01-02 00:24:00,US,SMB,Mobile,Card,33.48,1,,0,0,673,0.64
pay_000363739,m_01638,c_0179390,2026-01-02 00:24:00,GB,SMB,Mobile,Card,18.88,1,,0,0,724,0.36
pay_000958216,m_00698,c_0082871,2026-01-02 00:24:00,US,Enterprise,Mobile,Wallet,271.41,0,insufficient_funds,0,0,929,0.0
pay_000159390,m_04482,c_0028553,2026-01-02 00:25:00,CA,Enterprise,Mobile,Bank debit,192.17,1,,0,0,940,3.65
pay_000663174,m_04030,c_0109841,2026-01-02 00:25:00,US,SMB,Mobile,Bank debit,4.92,1,,0,0,812,0.09
pay_000332001,m_04471,c_0041094,2026-01-02 00:25:00,DE,SMB,Mobile,Card,12.91,1,,0,0,940,0.25
pay_000534792,m_03244,c_0085457,2026-01-02 00:26:00,CA,SMB,Mobile,Card,12.31,1,,0,0,259,0.23
pay_000819161,m_04978,c_0118933,2026-01-02 00:26:00,CA,SMB,Desktop,Card,10.91,1,,0,0,756,0.21
pay_000076730,m_02066,c_0067344,2026-01-02 00:26:00,CA,SMB,Mobile,Card,40.49,0,issuer_decline,0,0,829,0.0
pay_000254998,m_01168,c_0124108,2026-01-02 00:26:00,US,SMB,Mobile,Wallet,33.31,1,,0,0,723,0.63
pay_000383201,m_03621,c_0131954,2026-01-02 00:27:00,US,SMB,Mobile,Card,33.94,1,,1,0,440,0.64
pay_000560029,m_00923,c_0111342,2026-01-02 00:27:00,CA,Enterprise,Mobile,Card,21.9,1,,0,0,552,0.42
pay_000508051,m_00684,c_0166817,2026-01-02 00:28:00,US,SMB,Mobile,Wallet,38.01,1,,0,0,530,0.72
pay_000306779,m_02016,c_0016721,2026-01-02 00:28:00,US,SMB,Mobile,Card,26.93,1,,0,0,118,0.51
pay_000891218,m_04899,c_0146099,2026-01-02 00:28:00,CA,SMB,Desktop,Card,41.8,1,,0,0,1147,0.79
pay_000500753,m_04901,c_0102520,2026-01-02 00:28:00,US,SMB,Mobile,Card,28.07,1,,0,0,888,0.53
pay_000912496,m_03402,c_0176998,2026-01-02 00:29:00,CA,SMB,Desktop,Bank debit,48.07,1,,0,0,750,0.91
pay_000597751,m_02351,c_0105374,2026-01-02 00:29:00,GB,SMB,Desktop,Card,80.31,1,,0,0,726,1.53
pay_000504557,m_03261,c_0171337,2026-01-02 00:29:00,GB,Mid-market,Mobile,Card,153.99,1,,0,0,789,2.93
pay_000410909,m_04728,c_0166199,2026-01-02 00:29:00,CA,SMB,Desktop,BNPL,18.09,1,,0,0,728,0.34
pay_000007205,m_03369,c_0046695,2026-01-02 00:30:00,GB,SMB,Mobile,Wallet,38.92,1,,0,0,643,0.74
pay_000888454,m_00664,c_0165185,2026-01-02 00:30:00,US,Mid-market,Mobile,Card,90.9,1,,0,0,669,1.73
pay_000574616,m_01293,c_0138267,2026-01-02 00:30:00,AU,SMB,Mobile,Bank debit,27.29,1,,0,0,1009,0.52
pay_000831398,m_04027,c_0066672,2026-01-02 00:31:00,US,SMB,Mobile,Card,48.04,1,,0,0,788,0.91
pay_000669590,m_04323,c_0082275,2026-01-02 00:31:00,AU,SMB,Mobile,Card,37.58,1,,0,0,964,0.71
pay_000073891,m_01276,c_0153102,2026-01-02 00:31:00,US,Mid-market,Desktop,BNPL,21.29,1,,1,0,435,0.4
pay_000452599,m_03541,c_0063178,2026-01-02 00:31:00,DE,SMB,Mobile,Card,11.02,1,,0,0,861,0.21
pay_000252762,m_03250,c_0167184,2026-01-02 00:31:00,US,Enterprise,Mobile,Wallet,58.7,1,,0,0,692,1.12
pay_000257061,m_01941,c_0091085,2026-01-02 00:32:00,DE,SMB,Mobile,Card,85.07,1,,0,0,914,1.62
pay_000927230,m_01040,c_0118482,2026-01-02 00:32:00,AU,SMB,Mobile,Card,35.17,1,,0,0,951,0.67
pay_000933443,m_03428,c_0035210,2026-01-02 00:32:00,US,Mid-market,Mobile,Wallet,56.5,1,,0,0,790,1.07
pay_000887070,m_01471,c_0138042,2026-01-02 00:32:00,DE,Mid-market,Mobile,Card,73.36,1,,0,0,904,1.39
pay_000798015,m_02029,c_0134419,2026-01-02 00:32:00,US,Enterprise,Mobile,Card,16.66,1,,0,0,573,0.32
pay_000780748,m_02345,c_0150891,2026-01-02 00:33:00,US,SMB,Mobile,Card,94.23,1,,0,0,876,1.79
pay_000520760,m_02964,c_0046775,2026-01-02 00:34:00,DE,SMB,Desktop,Card,88.16,1,,0,0,481,1.68
pay_000024516,m_02113,c_0078288,2026-01-02 00:34:00,US,Enterprise,Desktop,Card,38.95,1,,0,0,713,0.74
pay_000638127,m_02758,c_0046768,2026-01-02 00:34:00,GB,SMB,Mobile,Card,77.12,1,,0,0,1120,1.47
pay_000294509,m_04623,c_0081263,2026-01-02 00:35:00,AU,SMB,Mobile,Wallet,61.48,1,,0,0,478,1.17
pay_000448816,m_02276,c_0012822,2026-01-02 00:35:00,US,Mid-market,Mobile,Card,24.6,1,,0,0,799,0.47
pay_000864066,m_02480,c_0127686,2026-01-02 00:36:00,CA,Enterprise,Mobile,Card,230.9,1,,0,0,576,4.39
pay_000966365,m_01008,c_0155802,2026-01-02 00:36:00,US,SMB,Mobile,Card,17.66,1,,0,0,684,0.34
pay_000818699,m_03063,c_0175039,2026-01-02 00:36:00,GB,SMB,Mobile,Card,30.44,1,,0,0,839,0.58
pay_000842905,m_03066,c_0001137,2026-01-02 00:36:00,DE,SMB,Desktop,Wallet,40.18,1,,0,0,591,0.76
pay_000745776,m_02468,c_0115391,2026-01-02 00:36:00,AU,Enterprise,Mobile,Wallet,27.5,0,expired_card,0,0,1110,0.0
pay_000330779,m_02194,c_0134422,2026-01-02 00:36:00,AU,Mid-market,Desktop,Bank debit,227.7,1,,0,0,949,4.33
pay_000083670,m_04681,c_0066839,2026-01-02 00:36:00,CA,Mid-market,Desktop,BNPL,74.96,1,,0,0,574,1.42
pay_000195202,m_03326,c_0066361,2026-01-02 00:37:00,AU,SMB,Desktop,Card,10.57,1,,0,0,588,0.2
pay_000341488,m_00523,c_0013992,2026-01-02 00:37:00,US,Enterprise,Mobile,Card,175.9,1,,0,0,1007,3.34
pay_000929477,m_02871,c_0147985,2026-01-02 00:37:00,AU,Mid-market,Mobile,Card,31.82,1,,0,0,457,0.6
pay_000018684,m_04324,c_0052499,2026-01-02 00:38:00,US,SMB,Desktop,Card,283.77,1,,0,0,1015,5.39
pay_000152314,m_00382,c_0053361,2026-01-02 00:38:00,US,SMB,Mobile,Card,82.81,1,,0,0,721,1.57
pay_000236425,m_01332,c_0154028,2026-01-02 00:38:00,GB,Mid-market,Desktop,Card,59.71,1,,0,0,968,1.13
pay_000270394,m_04646,c_0158009,2026-01-02 00:39:00,GB,SMB,Mobile,Card,20.02,1,,0,0,786,0.38
pay_000720809,m_03287,c_0036270,2026-01-02 00:39:00,AU,SMB,Desktop,Card,18.39,1,,0,0,669,0.35
pay_000216675,m_00358,c_0123475,2026-01-02 00:39:00,US,Enterprise,Mobile,BNPL,370.83,1,,0,0,436,7.05
pay_000901891,m_02404,c_0071046,2026-01-02 00:39:00,DE,Mid-market,Mobile,Wallet,104.87,1,,0,0,824,1.99
pay_000211127,m_03605,c_0136239,2026-01-02 00:40:00,CA,SMB,Desktop,Card,20.17,1,,0,0,896,0.38
pay_000930512,m_01203,c_0089376,2026-01-02 00:41:00,US,Mid-market,Mobile,Card,36.38,1,,0,0,823,0.69
pay_000529130,m_04052,c_0135393,2026-01-02 00:42:00,US,Mid-market,Mobile,Wallet,59.7,1,,0,0,524,1.13
pay_000356341,m_01246,c_0021064,2026-01-02 00:42:00,US,Mid-market,Desktop,Wallet,19.19,1,,0,0,394,0.36
pay_000423449,m_03809,c_0110754,2026-01-02 00:42:00,US,SMB,Mobile,Card,29.6,1,,0,0,764,0.56
pay_000848290,m_03524,c_0152098,2026-01-02 00:42:00,US,SMB,Mobile,Card,9.18,0,insufficient_funds,0,0,664,0.0
pay_000114706,m_01552,c_0157926,2026-01-02 00:42:00,CA,Mid-market,Mobile,Card,143.05,1,,0,0,887,2.72
pay_000282610,m_00340,c_0172154,2026-01-02 00:42:00,CA,Mid-market,Mobile,Card,22.49,1,,0,0,837,0.43
pay_000334765,m_02640,c_0014746,2026-01-02 00:43:00,US,SMB,Desktop,Card,106.46,1,,0,0,400,2.02
pay_000250734,m_02874,c_0026297,2026-01-02 00:43:00,US,SMB,Desktop,BNPL,84.22,1,,0,0,969,1.6
pay_000654471,m_02733,c_0076392,2026-01-02 00:44:00,US,Mid-market,Desktop,Card,49.01,1,,0,0,929,0.93
pay_000797778,m_04567,c_0041185,2026-01-02 00:44:00,AU,SMB,Mobile,Bank debit,55.33,1,,0,0,957,1.05
pay_000634037,m_04427,c_0063270,2026-01-02 00:44:00,US,SMB,Desktop,Bank debit,28.77,1,,0,0,941,0.55
pay_000189893,m_04686,c_0171087,2026-01-02 00:45:00,CA,SMB,Mobile,Card,44.74,1,,0,0,705,0.85
pay_000228638,m_03689,c_0077519,2026-01-02 00:45:00,US,SMB,Mobile,Card,91.97,1,,0,0,714,1.75
pay_000896107,m_02772,c_0069074,2026-01-02 00:45:00,GB,SMB,Mobile,Card,39.01,1,,0,0,336,0.74
pay_000071280,m_03166,c_0127983,2026-01-02 00:45:00,US,SMB,Mobile,Card,118.51,1,,0,0,447,2.25
pay_000437483,m_04220,c_0069456,2026-01-02 00:46:00,US,Mid-market,Mobile,Card,9.51,1,,0,0,1167,0.18
pay_000467851,m_00147,c_0066963,2026-01-02 00:46:00,GB,Mid-market,Mobile,Wallet,85.49,1,,1,0,688,1.62
pay_000648172,m_03143,c_0123420,2026-01-02 00:47:00,DE,Mid-market,Mobile,Card,44.29,1,,0,0,1107,0.84
pay_000612723,m_04119,c_0077069,2026-01-02 00:47:00,US,SMB,Mobile,Bank debit,53.89,1,,0,0,1159,1.02
pay_000761505,m_04293,c_0170057,2026-01-02 00:47:00,GB,Enterprise,Mobile,Wallet,65.09,1,,0,0,871,1.24
pay_000175729,m_00200,c_0115124,2026-01-02 00:47:00,AU,SMB,Mobile,BNPL,35.76,1,,0,0,942,0.68
pay_000062086,m_01808,c_0051934,2026-01-02 00:47:00,US,SMB,Mobile,Card,82.15,1,,0,0,1027,1.56
pay_000087704,m_03976,c_0108374,2026-01-02 00:47:00,US,Mid-market,Mobile,Wallet,12.31,1,,0,0,272,0.23
pay_000766410,m_03478,c_0067702,2026-01-02 00:48:00,DE,Mid-market,Desktop,Bank debit,66.92,1,,0,0,946,1.27
pay_000798975,m_00472,c_0153593,2026-01-02 00:48:00,US,SMB,Desktop,Card,74.4,1,,0,0,486,1.41
pay_000156043,m_02085,c_0011119,2026-01-02 00:48:00,US,Mid-market,Mobile,BNPL,237.24,1,,0,0,892,4.51
pay_000191729,m_03338,c_0080946,2026-01-02 00:49:00,DE,Enterprise,Desktop,Card,38.36,1,,0,0,595,0.73
pay_000593990,m_02713,c_0022527,2026-01-02 00:49:00,CA,SMB,Mobile,Card,77.29,1,,0,0,622,1.47
pay_000713041,m_02542,c_0113977,2026-01-02 00:49:00,CA,SMB,Mobile,Card,22.67,1,,0,0,839,0.43
pay_000179121,m_03081,c_0077503,2026-01-02 00:50:00,US,Enterprise,Mobile,Card,26.77,1,,0,0,694,0.51
pay_000230966,m_02794,c_0014613,2026-01-02 00:50:00,DE,Enterprise,Desktop,Card,81.55,1,,0,0,681,1.55
pay_000630687,m_04035,c_0106089,2026-01-02 00:50:00,AU,SMB,Mobile,Card,80.27,1,,0,0,721,1.53
pay_000133877,m_02900,c_0017255,2026-01-02 00:51:00,US,Enterprise,Mobile,Card,34.03,1,,0,0,1068,0.65
pay_000607411,m_04159,c_0153725,2026-01-02 00:51:00,GB,SMB,Desktop,Card,52.61,1,,0,0,673,1.0
pay_000701838,m_01323,c_0177508,2026-01-02 00:51:00,DE,SMB,Mobile,Card,60.43,1,,0,0,822,1.15
pay_000163545,m_00012,c_0007603,2026-01-02 00:51:00,GB,Mid-market,Mobile,Card,177.9,1,,0,0,796,3.38
pay_000234248,m_01505,c_0090164,2026-01-02 00:51:00,US,SMB,Desktop,Card,44.19,1,,1,0,670,0.84
pay_000105725,m_04618,c_0100755,2026-01-02 00:51:00,CA,SMB,Mobile,Bank debit,26.77,1,,0,0,967,0.51
pay_000910016,m_00157,c_0074639,2026-01-02 00:52:00,AU,SMB,Mobile,Card,38.24,1,,0,0,976,0.73
pay_000462061,m_01237,c_0069392,2026-01-02 00:52:00,GB,Enterprise,Mobile,Card,43.98,1,,0,0,891,0.84
pay_000612854,m_03093,c_0057881,2026-01-02 00:52:00,GB,Mid-market,Mobile,Wallet,38.17,1,,0,0,786,0.73
pay_000268457,m_04978,c_0034380,2026-01-02 00:53:00,GB,Enterprise,Desktop,Wallet,38.36,1,,0,0,465,0.73
pay_000312683,m_01761,c_0070555,2026-01-02 00:53:00,US,SMB,Desktop,Wallet,37.6,1,,0,0,702,0.71
pay_000406031,m_03901,c_0086531,2026-01-02 00:53:00,DE,SMB,Desktop,Card,42.74,1,,0,0,795,0.81
pay_000162249,m_02407,c_0111519,2026-01-02 00:53:00,US,Mid-market,Desktop,Bank debit,114.63,0,network_error,0,0,1142,0.0
pay_000029851,m_02730,c_0162692,2026-01-02 00:53:00,DE,Enterprise,Mobile,Card,78.4,1,,0,1,830,1.49
pay_000607624,m_04247,c_0102965,2026-01-02 00:54:00,US,Mid-market,Desktop,Card,37.69,1,,0,0,661,0.72
pay_000950322,m_02870,c_0102922,2026-01-02 00:54:00,US,SMB,Mobile,BNPL,42.04,1,,0,0,950,0.8
pay_000603111,m_02583,c_0030533,2026-01-02 00:55:00,US,SMB,Mobile,Wallet,65.14,1,,0,0,971,1.24
pay_000479898,m_04099,c_0087650,2026-01-02 00:55:00,DE,Enterprise,Desktop,Card,147.03,1,,0,0,1076,2.79
pay_000052606,m_03020,c_0083815,2026-01-02 00:55:00,DE,SMB,Mobile,Card,146.85,1,,0,0,767,2.79
pay_000954837,m_00083,c_0125032,2026-01-02 00:55:00,GB,Enterprise,Mobile,Card,16.88,1,,1,0,508,0.32
pay_000557651,m_04154,c_0047952,2026-01-02 00:55:00,CA,SMB,Desktop,Card,8.67,1,,0,0,612,0.16
pay_000814321,m_00817,c_0110391,2026-01-02 00:56:00,US,SMB,Mobile,BNPL,40.89,1,,0,0,698,0.78
pay_000448423,m_04594,c_0118841,2026-01-02 00:56:00,US,Mid-market,Mobile,Card,68.54,1,,0,0,824,1.3
pay_000135498,m_04626,c_0003059,2026-01-02 00:56:00,US,SMB,Mobile,Card,38.12,1,,0,0,758,0.72
pay_000286514,m_03496,c_0110995,2026-01-02 00:56:00,US,Mid-market,Desktop,Wallet,49.8,1,,0,0,378,0.95
pay_000144763,m_01673,c_0055498,2026-01-02 00:56:00,AU,Mid-market,Desktop,Card,12.69,1,,0,0,679,0.24
pay_000269668,m_04200,c_0060406,2026-01-02 00:56:00,CA,SMB,Mobile,Bank debit,373.14,1,,0,0,1012,7.09
pay_000749422,m_01806,c_0106458,2026-01-02 00:57:00,US,SMB,Mobile,Card,29.67,1,,0,0,928,0.56
pay_000135694,m_00326,c_0049728,2026-01-02 00:57:00,CA,Mid-market,Desktop,Wallet,57.94,1,,0,0,523,1.1
pay_000910845,m_02003,c_0179928,2026-01-02 00:57:00,AU,SMB,Mobile,Card,122.55,1,,0,0,1011,2.33
pay_000223186,m_03421,c_0126272,2026-01-02 00:57:00,US,SMB,Desktop,Card,66.97,1,,0,0,842,1.27
pay_000010356,m_01339,c_0013681,2026-01-02 00:58:00,DE,SMB,Mobile,Card,119.78,1,,0,0,698,2.28
pay_000755527,m_00134,c_0110399,2026-01-02 00:58:00,US,SMB,Desktop,Card,18.1,1,,0,0,893,0.34
pay_000772210,m_00719,c_0123997,2026-01-02 00:58:00,AU,Enterprise,Desktop,Card,49.19,1,,0,0,481,0.93
pay_000399833,m_03583,c_0102456,2026-01-02 00:58:00,DE,SMB,Mobile,Card,37.25,1,,0,0,641,0.71
pay_000398773,m_02973,c_0077109,2026-01-02 00:58:00,GB,Mid-market,Mobile,Bank debit,414.71,1,,0,0,957,7.88
pay_000765451,m_03390,c_0107911,2026-01-02 00:58:00,US,Mid-market,Mobile,Card,13.97,1,,0,0,780,0.27
pay_000489262,m_02396,c_0077314,2026-01-02 00:58:00,DE,SMB,Desktop,Card,36.0,1,,0,0,788,0.68
pay_000308466,m_02385,c_0104150,2026-01-02 00:58:00,US,SMB,Mobile,Card,48.7,1,,0,0,537,0.93
pay_000123250,m_01222,c_0098020,2026-01-02 00:58:00,GB,SMB,Mobile,Bank debit,43.21,0,network_error,0,0,846,0.0
pay_000930119,m_03520,c_0094181,2026-01-02 00:59:00,US,SMB,Desktop,Card,38.3,1,,0,0,1239,0.73
pay_000102737,m_01350,c_0038426,2026-01-02 00:59:00,CA,Mid-market,Desktop,Card,104.7,1,,0,0,372,1.99
pay_000064488,m_02358,c_0078608,2026-01-02 00:59:00,CA,Enterprise,Desktop,Card,30.21,1,,0,0,705,0.57
pay_000471126,m_04689,c_0004660,2026-01-02 00:59:00,US,Mid-market,Desktop,BNPL,60.79,1,,0,0,715,1.16
pay_000095619,m_04820,c_0086330,2026-01-02 00:59:00,US,Enterprise,Mobile,Bank debit,67.84,1,,0,0,1015,1.29
pay_000452753,m_01809,c_0075536,2026-01-02 01:00:00,DE,Enterprise,Mobile,Card,60.58,0,insufficient_funds,0,0,756,0.0
pay_000979076,m_00150,c_0033155,2026-01-02 01:01:00,DE,SMB,Mobile,BNPL,94.9,1,,0,0,317,1.8
pay_000984351,m_02159,c_0179355,2026-01-02 01:01:00,AU,SMB,Desktop,Card,222.19,1,,0,0,529,4.22
pay_000374485,m_04379,c_0089832,2026-01-02 01:01:00,US,Enterprise,Desktop,Bank debit,67.44,1,,0,0,626,1.28
pay_000716085,m_02560,c_0109224,2026-01-02 01:01:00,US,Mid-market,Desktop,Card,16.51,1,,0,0,626,0.31
pay_000102009,m_02927,c_0035704,2026-01-02 01:01:00,GB,SMB,Desktop,Card,51.1,1,,0,0,469,0.97
pay_000833758,m_00312,c_0104254,2026-01-02 01:02:00,CA,SMB,Desktop,Card,27.27,1,,0,0,598,0.52
pay_000673634,m_02973,c_0057209,2026-01-02 01:03:00,US,Mid-market,Desktop,Card,94.23,1,,0,0,647,1.79
pay_000535478,m_00923,c_0110817,2026-01-02 01:03:00,CA,Mid-market,Mobile,Card,37.84,1,,0,0,1140,0.72
pay_000599595,m_00083,c_0132992,2026-01-02 01:03:00,AU,Mid-market,Desktop,Card,15.62,1,,0,0,636,0.3
pay_000715245,m_04287,c_0063015,2026-01-02 01:03:00,US,Mid-market,Mobile,Card,112.61,1,,0,0,949,2.14
pay_000648495,m_03231,c_0052685,2026-01-02 01:03:00,GB,Mid-market,Mobile,Card,16.03,0,insufficient_funds,0,0,1358,0.0
pay_000849408,m_04615,c_0030661,2026-01-02 01:04:00,AU,Mid-market,Mobile,Card,186.43,1,,0,0,912,3.54
pay_000028498,m_01592,c_0078082,2026-01-02 01:04:00,AU,SMB,Desktop,Card,53.6,1,,0,0,458,1.02
pay_000231249,m_03739,c_0142863,2026-01-02 01:04:00,DE,SMB,Mobile,Bank debit,15.93,1,,0,0,865,0.3
pay_000125379,m_01565,c_0108970,2026-01-02 01:04:00,CA,Mid-market,Mobile,Card,40.45,1,,0,0,404,0.77
pay_000751383,m_01555,c_0002431,2026-01-02 01:05:00,US,SMB,Desktop,BNPL,31.89,1,,0,0,810,0.61
pay_000642060,m_04340,c_0004092,2026-01-02 01:05:00,CA,SMB,Mobile,Bank debit,9.15,1,,0,0,1127,0.17
pay_000299440,m_04454,c_0145069,2026-01-02 01:05:00,US,Mid-market,Mobile,Card,104.09,1,,0,0,312,1.98
pay_000928435,m_01396,c_0113646,2026-01-02 01:05:00,US,Mid-market,Mobile,Wallet,47.48,1,,0,0,498,0.9
pay_000795707,m_04756,c_0057973,2026-01-02 01:05:00,GB,SMB,Desktop,Card,20.97,1,,0,0,508,0.4
pay_000003234,m_00500,c_0027615,2026-01-02 01:06:00,AU,SMB,Mobile,Card,25.96,1,,0,0,1145,0.49
pay_000127993,m_04616,c_0016349,2026-01-02 01:06:00,GB,SMB,Mobile,Card,57.54,1,,0,0,354,1.09
pay_000790378,m_03727,c_0129223,2026-01-02 01:06:00,AU,SMB,Desktop,Card,9.69,1,,0,0,827,0.18
pay_000624804,m_04700,c_0143400,2026-01-02 01:07:00,US,SMB,Mobile,Card,180.81,1,,0,0,727,3.44
pay_000755857,m_04205,c_0023666,2026-01-02 01:07:00,US,Enterprise,Mobile,Card,127.79,1,,0,0,520,2.43
pay_000309401,m_02965,c_0029154,2026-01-02 01:08:00,US,Mid-market,Mobile,Card,34.77,1,,0,0,599,0.66
pay_000731981,m_03091,c_0106213,2026-01-02 01:08:00,GB,Enterprise,Mobile,Card,68.97,1,,0,0,578,1.31
pay_000562984,m_04796,c_0140110,2026-01-02 01:08:00,US,Mid-market,Mobile,BNPL,64.12,1,,0,0,754,1.22
pay_000288911,m_03618,c_0100321,2026-01-02 01:08:00,AU,Mid-market,Mobile,Bank debit,32.93,1,,0,0,887,0.63
pay_000252472,m_03631,c_0178550,2026-01-02 01:09:00,GB,SMB,Desktop,Card,16.92,1,,0,0,555,0.32
pay_000407069,m_02976,c_0003881,2026-01-02 01:10:00,CA,SMB,Desktop,Card,49.89,1,,0,0,415,0.95
pay_000181973,m_03962,c_0025692,2026-01-02 01:10:00,US,Mid-market,Mobile,Card,47.0,1,,1,0,722,0.89
pay_000861828,m_00621,c_0147950,2026-01-02 01:10:00,US,SMB,Mobile,Card,43.04,1,,0,0,1171,0.82
pay_000315048,m_03776,c_0091940,2026-01-02 01:11:00,CA,Mid-market,Desktop,Wallet,27.42,1,,0,0,528,0.52
pay_000045971,m_04539,c_0135164,2026-01-02 01:11:00,US,Mid-market,Desktop,Wallet,31.37,1,,1,0,571,0.6
pay_000237469,m_04766,c_0089172,2026-01-02 01:12:00,US,Mid-market,Mobile,Card,166.9,1,,0,0,183,3.17
pay_000174628,m_03009,c_0043551,2026-01-02 01:12:00,GB,SMB,Mobile,Card,14.78,1,,0,0,683,0.28
pay_000815884,m_04912,c_0031880,2026-01-02 01:12:00,AU,Mid-market,Mobile,Bank debit,74.01,1,,0,0,1102,1.41
pay_000964815,m_03896,c_0078804,2026-01-02 01:12:00,DE,Enterprise,Mobile,Card,47.66,1,,0,0,782,0.91
pay_000538476,m_04476,c_0000580,2026-01-02 01:13:00,DE,SMB,Mobile,Bank debit,18.31,1,,0,0,1206,0.35
pay_000363385,m_00203,c_0004577,2026-01-02 01:13:00,US,SMB,Mobile,Card,27.12,1,,0,0,571,0.52
pay_000104241,m_02010,c_0010094,2026-01-02 01:13:00,DE,SMB,Desktop,Card,48.34,1,,0,0,577,0.92
pay_000992727,m_00543,c_0066832,2026-01-02 01:13:00,GB,Enterprise,Desktop,Card,123.59,1,,0,0,469,2.35
pay_000012969,m_01119,c_0130210,2026-01-02 01:13:00,US,SMB,Mobile,Wallet,22.18,1,,0,0,1162,0.42
pay_000399353,m_04757,c_0163443,2026-01-02 01:14:00,AU,Mid-market,Desktop,Card,237.74,1,,0,0,831,4.52
pay_000411748,m_02749,c_0177535,2026-01-02 01:14:00,US,Mid-market,Mobile,Card,115.58,1,,1,0,394,2.2
pay_000035167,m_04454,c_0071325,2026-01-02 01:14:00,US,Mid-market,Mobile,Card,76.02,1,,0,0,809,1.44
pay_000505450,m_01544,c_0021312,2026-01-02 01:15:00,US,SMB,Mobile,Card,9.44,1,,0,0,807,0.18
pay_000034794,m_03490,c_0150652,2026-01-02 01:15:00,US,Enterprise,Mobile,Bank debit,58.56,1,,0,0,817,1.11
pay_000873252,m_04824,c_0137397,2026-01-02 01:15:00,US,Mid-market,Mobile,Wallet,45.67,1,,0,0,807,0.87
pay_000700106,m_02404,c_0070624,2026-01-02 01:16:00,CA,SMB,Mobile,Card,54.74,1,,0,0,424,1.04
pay_000088896,m_04313,c_0109156,2026-01-02 01:16:00,DE,Mid-market,Mobile,Card,19.25,1,,0,0,1146,0.37
pay_000599864,m_01748,c_0144365,2026-01-02 01:16:00,US,SMB,Mobile,Bank debit,63.95,1,,0,0,1320,1.22
pay_000842800,m_03686,c_0035724,2026-01-02 01:17:00,US,SMB,Mobile,Wallet,10.13,1,,0,0,876,0.19
pay_000572043,m_03856,c_0057825,2026-01-02 01:17:00,CA,Mid-market,Desktop,Card,348.31,1,,0,0,903,6.62
pay_000816625,m_03958,c_0001490,2026-01-02 01:17:00,US,SMB,Mobile,Card,52.87,1,,0,0,592,1.0
pay_000455931,m_03314,c_0163132,2026-01-02 01:17:00,US,SMB,Desktop,Card,150.32,1,,0,0,568,2.86
pay_000815984,m_04092,c_0034114,2026-01-02 01:18:00,DE,Mid-market,Mobile,Card,93.72,1,,0,0,1062,1.78
pay_000602507,m_00208,c_0171603,2026-01-02 01:18:00,US,Mid-market,Desktop,Wallet,18.77,1,,0,0,801,0.36
pay_000806244,m_02589,c_0031088,2026-01-02 01:18:00,US,SMB,Desktop,Card,67.67,1,,0,0,757,1.29
pay_000872175,m_01435,c_0122728,2026-01-02 01:18:00,DE,SMB,Mobile,Bank debit,107.33,1,,0,0,1114,2.04
pay_000068600,m_00642,c_0119955,2026-01-02 01:19:00,US,Mid-market,Mobile,Card,20.01,1,,0,0,374,0.38
pay_000866941,m_01605,c_0154890,2026-01-02 01:19:00,US,SMB,Desktop,Card,53.47,1,,1,0,613,1.02
pay_000345236,m_02861,c_0054507,2026-01-02 01:19:00,DE,SMB,Mobile,Card,21.75,1,,0,0,684,0.41
pay_000480777,m_02910,c_0083875,2026-01-02 01:20:00,CA,SMB,Desktop,BNPL,67.73,0,insufficient_funds,0,0,854,0.0
pay_000673234,m_04981,c_0007328,2026-01-02 01:20:00,US,SMB,Mobile,Card,28.88,0,expired_card,0,0,1002,0.0
pay_000906626,m_01012,c_0112744,2026-01-02 01:20:00,AU,Mid-market,Mobile,Card,447.73,1,,0,0,563,8.51
pay_000969705,m_03910,c_0137083,2026-01-02 01:21:00,GB,Mid-market,Desktop,Card,109.1,1,,0,0,886,2.07
pay_000115132,m_02292,c_0177207,2026-01-02 01:22:00,CA,Enterprise,Desktop,Card,13.13,1,,0,0,529,0.25
pay_000685092,m_04122,c_0087208,2026-01-02 01:22:00,DE,Mid-market,Desktop,Card,193.04,1,,0,0,773,3.67
pay_000213221,m_04720,c_0161017,2026-01-02 01:23:00,AU,Mid-market,Mobile,Card,64.08,1,,0,0,823,1.22
pay_000672220,m_03137,c_0009957,2026-01-02 01:23:00,DE,SMB,Mobile,Bank debit,22.15,1,,0,0,1252,0.42
pay_000279975,m_02606,c_0132250,2026-01-02 01:23:00,AU,SMB,Desktop,Card,13.07,1,,0,0,610,0.25
pay_000282713,m_03590,c_0127473,2026-01-02 01:23:00,US,Mid-market,Mobile,Card,53.89,1,,0,0,705,1.02
pay_000516893,m_04847,c_0071724,2026-01-02 01:24:00,US,Enterprise,Desktop,Wallet,92.24,1,,0,0,479,1.75
pay_000245096,m_00371,c_0066614,2026-01-02 01:25:00,GB,Mid-market,Mobile,Card,48.68,1,,0,0,706,0.92
pay_000855775,m_01881,c_0109656,2026-01-02 01:25:00,US,SMB,Mobile,Card,10.91,1,,0,0,627,0.21
pay_000359778,m_03357,c_0007053,2026-01-02 01:25:00,US,SMB,Desktop,Card,11.07,1,,0,0,522,0.21
pay_000006358,m_03644,c_0170846,2026-01-02 01:26:00,CA,SMB,Mobile,Wallet,10.57,1,,0,0,908,0.2
pay_000768095,m_02067,c_0164651,2026-01-02 01:26:00,US,Enterprise,Desktop,Wallet,104.28,1,,0,0,1031,1.98
pay_000177040,m_04879,c_0054162,2026-01-02 01:26:00,US,Mid-market,Desktop,Card,20.84,1,,0,0,449,0.4
pay_000831288,m_02996,c_0166089,2026-01-02 01:26:00,US,SMB,Mobile,Card,11.21,1,,0,0,814,0.21
pay_000576126,m_03856,c_0127880,2026-01-02 01:27:00,US,Mid-market,Mobile,Bank debit,47.06,0,insufficient_funds,0,0,725,0.0
pay_000192467,m_03380,c_0078299,2026-01-02 01:27:00,US,Mid-market,Mobile,Card,48.73,1,,0,0,666,0.93
pay_000103944,m_03255,c_0003483,2026-01-02 01:27:00,CA,Enterprise,Desktop,Card,32.5,1,,0,0,819,0.62
pay_000717413,m_03695,c_0020466,2026-01-02 01:27:00,GB,Enterprise,Mobile,Card,47.67,1,,0,0,630,0.91
pay_000355634,m_03359,c_0070984,2026-01-02 01:28:00,US,Mid-market,Mobile,Wallet,25.69,1,,0,0,814,0.49
pay_000833669,m_00941,c_0015865,2026-01-02 01:29:00,CA,SMB,Desktop,Bank debit,4.59,1,,0,0,1741,0.09
pay_000726026,m_03523,c_0064262,2026-01-02 01:29:00,CA,SMB,Mobile,Card,34.1,1,,0,0,463,0.65
pay_000252590,m_02665,c_0015016,2026-01-02 01:30:00,DE,SMB,Mobile,Card,18.2,1,,0,0,596,0.35
pay_000303129,m_03798,c_0016293,2026-01-02 01:30:00,AU,SMB,Desktop,Card,20.2,1,,0,0,536,0.38
pay_000667201,m_03132,c_0080593,2026-01-02 01:30:00,DE,Enterprise,Mobile,Card,22.52,0,insufficient_funds,0,0,555,0.0
pay_000230794,m_01673,c_0146005,2026-01-02 01:30:00,US,SMB,Mobile,Card,6.34,1,,0,0,649,0.12
pay_000488422,m_02533,c_0020444,2026-01-02 01:30:00,CA,Mid-market,Desktop,Bank debit,50.63,1,,0,0,1119,0.96
pay_000454867,m_02532,c_0131731,2026-01-02 01:30:00,US,SMB,Desktop,Card,45.89,1,,0,0,554,0.87
pay_000246917,m_02874,c_0063755,2026-01-02 01:31:00,US,SMB,Mobile,Card,18.18,1,,0,0,699,0.35
pay_000448489,m_04339,c_0179145,2026-01-02 01:32:00,US,SMB,Mobile,Card,108.11,1,,0,0,1045,2.05
pay_000598672,m_01839,c_0124974,2026-01-02 01:32:00,CA,SMB,Desktop,Wallet,24.55,1,,0,0,669,0.47
pay_000262211,m_02274,c_0030605,2026-01-02 01:32:00,GB,SMB,Mobile,Wallet,23.02,1,,0,0,752,0.44
pay_000369924,m_01962,c_0026226,2026-01-02 01:32:00,US,Mid-market,Desktop,Card,92.0,1,,0,0,473,1.75
pay_000000901,m_03617,c_0037080,2026-01-02 01:32:00,US,Enterprise,Desktop,Wallet,88.99,1,,0,0,730,1.69
pay_000449554,m_00049,c_0107852,2026-01-02 01:33:00,US,Mid-market,Desktop,Wallet,86.11,1,,0,0,778,1.64
pay_000440248,m_02043,c_0155283,2026-01-02 01:33:00,GB,SMB,Desktop,Card,38.88,1,,0,0,923,0.74
pay_000593557,m_02793,c_0036881,2026-01-02 01:33:00,CA,SMB,Desktop,Card,51.13,1,,0,0,831,0.97
pay_000475492,m_04484,c_0120106,2026-01-02 01:33:00,AU,SMB,Mobile,Card,31.39,1,,0,0,478,0.6
pay_000977433,m_02645,c_0045713,2026-01-02 01:33:00,DE,Mid-market,Mobile,Card,65.47,1,,0,0,634,1.24
pay_000513399,m_03774,c_0067082,2026-01-02 01:33:00,US,SMB,Mobile,Card,50.85,1,,0,0,768,0.97
pay_000849938,m_02723,c_0100371,2026-01-02 01:34:00,GB,SMB,Desktop,Wallet,102.98,1,,0,0,669,1.96
pay_000073287,m_02688,c_0124338,2026-01-02 01:34:00,GB,SMB,Mobile,Bank debit,167.0,1,,0,0,816,3.17
pay_000991947,m_02083,c_0040887,2026-01-02 01:34:00,CA,SMB,Desktop,BNPL,39.18,1,,0,0,695,0.74
pay_000090236,m_02230,c_0170510,2026-01-02 01:35:00,US,Enterprise,Mobile,Card,315.47,1,,0,0,479,5.99
pay_000135669,m_01828,c_0107631,2026-01-02 01:35:00,GB,SMB,Mobile,Wallet,7.58,1,,0,0,604,0.14
pay_000121761,m_02875,c_0109863,2026-01-02 01:36:00,CA,SMB,Desktop,Card,97.36,1,,0,0,1021,1.85
pay_000062246,m_01998,c_0020241,2026-01-02 01:36:00,US,SMB,Desktop,Bank debit,49.01,1,,0,0,1286,0.93
pay_000169572,m_01226,c_0033614,2026-01-02 01:36:00,AU,Enterprise,Mobile,Card,32.81,1,,0,0,820,0.62
pay_000235189,m_03836,c_0116644,2026-01-02 01:36:00,AU,Mid-market,Mobile,BNPL,18.14,0,suspected_fraud,0,0,693,0.0
pay_000855576,m_02896,c_0100070,2026-01-02 01:36:00,US,SMB,Desktop,Card,46.81,1,,0,0,1047,0.89
pay_000038512,m_01381,c_0120301,2026-01-02 01:37:00,GB,SMB,Mobile,Card,6.74,1,,0,0,320,0.13
pay_000080992,m_00698,c_0123587,2026-01-02 01:37:00,CA,SMB,Mobile,Wallet,17.84,1,,0,0,909,0.34
pay_000572541,m_01788,c_0178228,2026-01-02 01:37:00,US,Mid-market,Desktop,Card,51.04,1,,0,0,1206,0.97
pay_000057465,m_01162,c_0088148,2026-01-02 01:38:00,GB,SMB,Mobile,BNPL,7.85,1,,0,0,814,0.15
pay_000914599,m_00505,c_0082670,2026-01-02 01:38:00,US,SMB,Mobile,Card,288.0,1,,0,0,1041,5.47
pay_000820207,m_04748,c_0112754,2026-01-02 01:38:00,CA,Mid-market,Desktop,BNPL,14.32,1,,0,0,858,0.27
pay_000922906,m_00005,c_0176499,2026-01-02 01:39:00,US,SMB,Desktop,Card,27.26,1,,0,0,770,0.52
pay_000102441,m_00956,c_0158343,2026-01-02 01:39:00,US,Mid-market,Desktop,Card,10.51,0,insufficient_funds,0,0,696,0.0
pay_000106840,m_04897,c_0121174,2026-01-02 01:39:00,US,Mid-market,Mobile,Card,29.12,1,,0,0,879,0.55
pay_000009546,m_00108,c_0126737,2026-01-02 01:39:00,US,Enterprise,Mobile,Wallet,39.32,1,,0,0,685,0.75
pay_000330015,m_04585,c_0076654,2026-01-02 01:39:00,US,SMB,Desktop,Card,39.72,1,,0,0,754,0.75
pay_000304738,m_03865,c_0074316,2026-01-02 01:39:00,US,Mid-market,Mobile,Card,52.49,1,,0,0,418,1.0
pay_000982365,m_02344,c_0176708,2026-01-02 01:40:00,DE,Mid-market,Mobile,Card,64.61,1,,0,0,1031,1.23
pay_000657771,m_00700,c_0080915,2026-01-02 01:40:00,US,Mid-market,Desktop,Card,42.51,1,,0,0,421,0.81
pay_000776371,m_01789,c_0072565,2026-01-02 01:40:00,GB,SMB,Mobile,Card,345.57,1,,0,0,627,6.57
pay_000880341,m_03786,c_0100323,2026-01-02 01:41:00,DE,SMB,Mobile,Bank debit,50.21,1,,0,0,1122,0.95
pay_000710127,m_03637,c_0058379,2026-01-02 01:41:00,DE,SMB,Mobile,Bank debit,49.01,1,,0,0,576,0.93
pay_000917783,m_04820,c_0076168,2026-01-02 01:41:00,DE,SMB,Desktop,BNPL,57.5,1,,0,0,769,1.09
pay_000786972,m_03437,c_0046357,2026-01-02 01:42:00,AU,Mid-market,Desktop,Card,131.86,0,suspected_fraud,0,0,871,0.0
pay_000824826,m_00552,c_0029806,2026-01-02 01:42:00,CA,SMB,Mobile,Bank debit,23.67,1,,0,1,879,0.45
pay_000843426,m_01020,c_0030692,2026-01-02 01:42:00,GB,SMB,Mobile,Card,31.31,1,,0,0,1076,0.59
pay_000538007,m_00356,c_0002736,2026-01-02 01:42:00,US,Mid-market,Mobile,Card,52.23,1,,0,0,817,0.99
pay_000601735,m_03085,c_0143415,2026-01-02 01:42:00,GB,Mid-market,Desktop,Bank debit,17.66,1,,0,0,1089,0.34
pay_000844148,m_03367,c_0072341,2026-01-02 01:43:00,GB,SMB,Mobile,Wallet,32.28,1,,0,0,703,0.61
pay_000758757,m_03348,c_0073572,2026-01-02 01:43:00,CA,Enterprise,Mobile,Card,220.31,1,,0,0,730,4.19
pay_000272865,m_02115,c_0122340,2026-01-02 01:43:00,US,Enterprise,Mobile,Card,107.39,1,,0,0,726,2.04
pay_000914888,m_02625,c_0113470,2026-01-02 01:44:00,US,SMB,Mobile,Wallet,16.51,1,,0,0,492,0.31
pay_000539473,m_04745,c_0078143,2026-01-02 01:44:00,AU,SMB,Mobile,Wallet,66.13,1,,0,0,819,1.26
pay_000216030,m_02567,c_0140734,2026-01-02 01:45:00,GB,Mid-market,Mobile,Card,51.43,1,,0,0,640,0.98
pay_000445309,m_00325,c_0049066,2026-01-02 01:45:00,US,SMB,Mobile,Wallet,104.26,1,,0,0,727,1.98
pay_000927034,m_04626,c_0145176,2026-01-02 01:46:00,DE,Enterprise,Desktop,Card,209.57,1,,0,0,881,3.98
pay_000760781,m_03805,c_0130778,2026-01-02 01:47:00,US,Mid-market,Mobile,Bank debit,70.86,0,issuer_decline,0,0,917,0.0
pay_000151746,m_01758,c_0104517,2026-01-02 01:47:00,CA,SMB,Desktop,Card,120.32,1,,0,0,968,2.29
pay_000569002,m_03317,c_0177594,2026-01-02 01:47:00,AU,Enterprise,Mobile,Card,23.77,1,,0,0,897,0.45
pay_000441578,m_02369,c_0173440,2026-01-02 01:48:00,AU,Mid-market,Mobile,Card,107.97,1,,0,0,574,2.05
pay_000360854,m_01170,c_0049446,2026-01-02 01:48:00,GB,SMB,Desktop,Card,18.85,0,issuer_decline,0,0,460,0.0
pay_000247283,m_00554,c_0107655,2026-01-02 01:48:00,US,Mid-market,Desktop,Wallet,64.64,1,,0,0,476,1.23
pay_000422695,m_01268,c_0168222,2026-01-02 01:49:00,CA,Mid-market,Mobile,Wallet,17.18,1,,0,0,811,0.33
pay_000572246,m_01360,c_0068447,2026-01-02 01:49:00,US,SMB,Desktop,Card,18.38,1,,0,0,516,0.35
pay_000902269,m_01775,c_0074390,2026-01-02 01:49:00,GB,Mid-market,Mobile,Card,446.96,1,,0,0,714,8.49
pay_000011151,m_00935,c_0044528,2026-01-02 01:49:00,US,SMB,Mobile,Card,72.88,1,,1,0,427,1.38
pay_000697095,m_02207,c_0132646,2026-01-02 01:49:00,CA,SMB,Desktop,Card,99.34,1,,1,0,767,1.89
pay_000967928,m_03713,c_0058762,2026-01-02 01:49:00,US,Mid-market,Mobile,Card,37.61,1,,0,0,888,0.71
pay_000231213,m_04075,c_0076807,2026-01-02 01:49:00,US,SMB,Desktop,BNPL,31.91,1,,0,0,507,0.61
pay_000391257,m_01462,c_0015725,2026-01-02 01:49:00,DE,Mid-market,Mobile,Card,12.53,1,,0,0,681,0.24
pay_000467531,m_04447,c_0006931,2026-01-02 01:50:00,GB,Enterprise,Mobile,Card,114.65,1,,0,0,841,2.18
pay_000658038,m_04437,c_0008861,2026-01-02 01:50:00,US,Mid-market,Mobile,Card,16.45,1,,0,0,819,0.31
pay_000352415,m_02105,c_0029302,2026-01-02 01:51:00,CA,SMB,Mobile,Card,8.31,1,,0,0,723,0.16
pay_000883692,m_01474,c_0006085,2026-01-02 01:52:00,GB,SMB,Mobile,Wallet,63.76,1,,0,0,732,1.21
pay_000963826,m_02642,c_0032490,2026-01-02 01:52:00,CA,SMB,Mobile,Card,84.94,1,,0,0,802,1.61
pay_000947676,m_00040,c_0050284,2026-01-02 01:52:00,US,Mid-market,Desktop,Bank debit,35.1,1,,1,0,1192,0.67
pay_000393975,m_04727,c_0119083,2026-01-02 01:52:00,US,SMB,Desktop,Card,20.89,1,,1,0,949,0.4
pay_000752581,m_03412,c_0003781,2026-01-02 01:52:00,US,Mid-market,Desktop,Card,76.49,1,,0,0,1052,1.45
pay_000614430,m_03448,c_0032804,2026-01-02 01:53:00,AU,Enterprise,Desktop,Card,144.36,1,,0,0,687,2.74
pay_000653759,m_02497,c_0039414,2026-01-02 01:53:00,DE,Mid-market,Desktop,Card,28.46,1,,0,0,881,0.54
pay_000057308,m_04653,c_0041234,2026-01-02 01:53:00,GB,Mid-market,Desktop,Card,117.25,1,,0,0,514,2.23
pay_000708577,m_02811,c_0094858,2026-01-02 01:53:00,GB,SMB,Desktop,Bank debit,46.98,1,,0,0,888,0.89
pay_000133762,m_04660,c_0013399,2026-01-02 01:54:00,DE,Enterprise,Mobile,Wallet,138.34,1,,0,0,530,2.63
pay_000699258,m_01039,c_0004432,2026-01-02 01:54:00,CA,Enterprise,Mobile,Card,274.03,1,,0,0,641,5.21
pay_000452050,m_01427,c_0141230,2026-01-02 01:54:00,US,SMB,Desktop,Card,6.48,1,,0,0,704,0.12
pay_000598845,m_00555,c_0067316,2026-01-02 01:54:00,US,SMB,Mobile,BNPL,48.84,1,,0,0,574,0.93
pay_000230674,m_02964,c_0107253,2026-01-02 01:55:00,AU,Mid-market,Desktop,Bank debit,119.74,1,,0,0,1067,2.28
pay_000025022,m_02106,c_0154562,2026-01-02 01:55:00,CA,SMB,Mobile,Card,109.05,1,,0,0,935,2.07
pay_000976084,m_02167,c_0009336,2026-01-02 01:55:00,US,SMB,Desktop,Card,245.01,1,,0,0,888,4.66
pay_000019902,m_01746,c_0106673,2026-01-02 01:56:00,GB,Enterprise,Mobile,Card,73.08,1,,0,0,551,1.39
pay_000768754,m_01214,c_0039521,2026-01-02 01:56:00,DE,SMB,Mobile,Card,27.27,1,,0,0,673,0.52
pay_000678299,m_02447,c_0017460,2026-01-02 01:56:00,AU,Mid-market,Mobile,Bank debit,49.83,1,,0,0,1095,0.95
pay_000173267,m_01326,c_0008199,2026-01-02 01:56:00,GB,SMB,Mobile,Card,11.02,1,,0,0,875,0.21
pay_000010456,m_04646,c_0003061,2026-01-02 01:56:00,AU,Mid-market,Desktop,Bank debit,56.08,1,,0,0,1007,1.07
pay_000006521,m_00502,c_0125640,2026-01-02 01:57:00,AU,SMB,Desktop,BNPL,9.63,1,,0,0,1109,0.18
pay_000236052,m_04722,c_0010240,2026-01-02 01:57:00,CA,Mid-market,Desktop,Wallet,34.67,1,,0,0,627,0.66
pay_000527944,m_03527,c_0156832,2026-01-02 01:58:00,CA,Mid-market,Mobile,Card,67.68,1,,0,0,1005,1.29
pay_000673848,m_04190,c_0066144,2026-01-02 01:58:00,CA,SMB,Desktop,Card,31.8,1,,0,0,993,0.6
pay_000876152,m_00202,c_0057058,2026-01-02 01:58:00,US,SMB,Desktop,Card,70.51,1,,0,0,918,1.34
pay_000238503,m_01199,c_0131885,2026-01-02 01:58:00,GB,SMB,Mobile,Card,77.56,1,,0,0,870,1.47
pay_000229844,m_02646,c_0051488,2026-01-02 01:58:00,US,SMB,Desktop,Bank debit,153.78,1,,0,0,943,2.92
pay_000024167,m_03510,c_0139234,2026-01-02 01:58:00,CA,SMB,Mobile,BNPL,37.39,1,,0,0,530,0.71
pay_000387393,m_03104,c_0116442,2026-01-02 01:59:00,US,SMB,Desktop,Card,66.59,1,,0,0,516,1.27
pay_000337957,m_04235,c_0035052,2026-01-02 01:59:00,CA,Mid-market,Mobile,Card,19.62,1,,0,0,1062,0.37
pay_000377523,m_04969,c_0146473,2026-01-02 02:00:00,GB,SMB,Mobile,Card,22.84,1,,0,0,105,0.43
pay_000106950,m_04691,c_0001055,2026-01-02 02:00:00,US,Enterprise,Mobile,Bank debit,40.76,1,,0,0,825,0.77
pay_000926374,m_01243,c_0116599,2026-01-02 02:00:00,US,SMB,Desktop,Wallet,66.11,1,,0,0,627,1.26
pay_000487944,m_04590,c_0000166,2026-01-02 02:00:00,US,Mid-market,Desktop,Card,29.76,1,,0,0,1208,0.57
pay_000419122,m_02410,c_0172317,2026-01-02 02:01:00,US,SMB,Mobile,Wallet,58.23,1,,0,0,882,1.11
pay_000173113,m_04109,c_0065207,2026-01-02 02:01:00,US,Mid-market,Mobile,Wallet,37.99,1,,0,0,753,0.72
pay_000708684,m_01313,c_0090093,2026-01-02 02:01:00,US,Mid-market,Mobile,Wallet,9.63,1,,0,0,964,0.18
pay_000719058,m_01718,c_0108918,2026-01-02 02:01:00,AU,Mid-market,Mobile,Card,77.56,1,,0,0,303,1.47
pay_000650418,m_03663,c_0008927,2026-01-02 02:02:00,AU,SMB,Desktop,Bank debit,91.43,1,,0,0,1297,1.74
pay_000105390,m_03821,c_0160251,2026-01-02 02:02:00,US,Mid-market,Mobile,Wallet,9.18,0,expired_card,0,0,684,0.0
pay_000674416,m_02102,c_0001845,2026-01-02 02:03:00,CA,Mid-market,Desktop,Wallet,17.56,1,,0,0,940,0.33
pay_000641574,m_02633,c_0027975,2026-01-02 02:04:00,GB,SMB,Mobile,BNPL,36.3,1,,0,0,964,0.69
pay_000600072,m_04889,c_0178042,2026-01-02 02:04:00,US,SMB,Mobile,Card,34.05,1,,0,0,828,0.65
pay_000178185,m_00504,c_0061894,2026-01-02 02:04:00,CA,Mid-market,Mobile,Card,40.86,1,,0,0,1076,0.78
pay_000854173,m_00288,c_0029937,2026-01-02 02:05:00,US,SMB,Desktop,Card,49.29,1,,0,0,100,0.94
pay_000673377,m_00830,c_0109661,2026-01-02 02:06:00,CA,Mid-market,Mobile,Card,128.21,1,,0,0,484,2.44
pay_000551586,m_00168,c_0176235,2026-01-02 02:06:00,US,SMB,Desktop,Card,34.14,1,,0,0,786,0.65
pay_000860105,m_02216,c_0161516,2026-01-02 02:06:00,US,SMB,Mobile,Card,26.37,1,,0,0,592,0.5
pay_000729938,m_00239,c_0039879,2026-01-02 02:06:00,US,SMB,Mobile,Bank debit,51.48,1,,0,0,913,0.98
pay_000108881,m_03997,c_0087851,2026-01-02 02:07:00,US,SMB,Mobile,Wallet,38.05,1,,0,0,723,0.72
pay_000511797,m_02986,c_0027809,2026-01-02 02:07:00,CA,SMB,Mobile,BNPL,25.86,1,,0,0,453,0.49
pay_000173116,m_03278,c_0074093,2026-01-02 02:07:00,US,SMB,Desktop,Card,38.53,1,,0,0,654,0.73
pay_000077652,m_04553,c_0099481,2026-01-02 02:07:00,US,SMB,Mobile,Wallet,66.3,1,,0,0,565,1.26
pay_000646199,m_04814,c_0144133,2026-01-02 02:07:00,US,SMB,Mobile,Card,212.83,1,,0,0,774,4.04
pay_000806987,m_00420,c_0055491,2026-01-02 02:07:00,US,Mid-market,Desktop,BNPL,182.8,0,issuer_decline,0,0,596,0.0
pay_000194601,m_01482,c_0082711,2026-01-02 02:08:00,CA,Mid-market,Mobile,Card,59.93,1,,0,0,875,1.14
pay_000683567,m_03910,c_0109845,2026-01-02 02:09:00,AU,SMB,Mobile,Card,28.34,1,,0,0,623,0.54
pay_000821148,m_02452,c_0047818,2026-01-02 02:09:00,US,SMB,Mobile,Bank debit,50.81,1,,0,0,1164,0.97
pay_000635390,m_03079,c_0164510,2026-01-02 02:12:00,CA,Mid-market,Mobile,Wallet,26.7,1,,0,0,649,0.51
pay_000789552,m_00524,c_0087095,2026-01-02 02:12:00,US,SMB,Mobile,Wallet,18.47,1,,0,0,791,0.35
pay_000517338,m_04024,c_0017146,2026-01-02 02:12:00,DE,SMB,Desktop,Card,238.25,1,,0,0,1110,4.53
pay_000118593,m_03542,c_0136731,2026-01-02 02:13:00,US,Mid-market,Mobile,Card,5.94,1,,0,0,753,0.11
pay_000200372,m_02579,c_0107517,2026-01-02 02:13:00,DE,Mid-market,Desktop,Bank debit,54.4,1,,0,0,1273,1.03
pay_000545662,m_02497,c_0117067,2026-01-02 02:13:00,US,SMB,Mobile,Wallet,45.12,1,,0,0,764,0.86
pay_000259060,m_00347,c_0001939,2026-01-02 02:14:00,US,Mid-market,Mobile,Card,15.14,1,,0,0,952,0.29
pay_000153625,m_02926,c_0113682,2026-01-02 02:14:00,US,SMB,Desktop,Card,10.96,1,,0,0,550,0.21
pay_000652856,m_02851,c_0027137,2026-01-02 02:14:00,CA,Mid-market,Mobile,Card,44.5,1,,0,0,773,0.85
pay_000940170,m_03996,c_0145080,2026-01-02 02:14:00,GB,SMB,Mobile,BNPL,120.33,1,,0,0,464,2.29
pay_000001294,m_03128,c_0175662,2026-01-02 02:14:00,US,SMB,Mobile,Card,23.31,1,,0,0,608,0.44
pay_000621798,m_03904,c_0073416,2026-01-02 02:14:00,US,Enterprise,Mobile,Card,105.38,1,,0,0,762,2.0
pay_000305004,m_01380,c_0138524,2026-01-02 02:15:00,US,Mid-market,Desktop,Wallet,20.89,1,,0,0,702,0.4
pay_000455116,m_04690,c_0060825,2026-01-02 02:16:00,DE,SMB,Mobile,Wallet,19.85,1,,0,0,935,0.38
pay_000026070,m_04470,c_0110641,2026-01-02 02:16:00,CA,SMB,Mobile,Bank debit,38.56,1,,0,0,1049,0.73
pay_000111108,m_04942,c_0062918,2026-01-02 02:16:00,GB,Mid-market,Desktop,Card,39.26,1,,0,0,757,0.75
pay_000388206,m_03414,c_0064218,2026-01-02 02:16:00,GB,Enterprise,Desktop,Card,19.59,1,,0,0,940,0.37
pay_000968241,m_04156,c_0150781,2026-01-02 02:17:00,US,SMB,Mobile,Card,9.03,1,,0,0,435,0.17
pay_000942151,m_04849,c_0009537,2026-01-02 02:18:00,US,Enterprise,Mobile,BNPL,122.62,0,network_error,0,0,808,0.0
pay_000745981,m_03282,c_0161275,2026-01-02 02:18:00,DE,SMB,Mobile,Card,92.72,1,,0,0,700,1.76
pay_000899580,m_00019,c_0049901,2026-01-02 02:18:00,CA,Mid-market,Mobile,Card,86.98,1,,0,0,591,1.65
pay_000807435,m_01624,c_0142468,2026-01-02 02:19:00,DE,Enterprise,Desktop,Card,82.43,1,,0,0,743,1.57
pay_000465446,m_01612,c_0125122,2026-01-02 02:19:00,GB,Enterprise,Desktop,Card,82.53,1,,0,0,686,1.57
pay_000722199,m_00225,c_0066144,2026-01-02 02:19:00,US,Enterprise,Mobile,Card,181.13,1,,0,0,758,3.44
pay_000698298,m_01598,c_0011195,2026-01-02 02:19:00,US,Mid-market,Desktop,Card,33.75,1,,0,0,763,0.64
pay_000617246,m_03469,c_0107616,2026-01-02 02:20:00,DE,Mid-market,Desktop,Card,24.9,1,,0,0,618,0.47
pay_000394296,m_02338,c_0168805,2026-01-02 02:20:00,US,Enterprise,Mobile,Wallet,52.06,1,,0,0,819,0.99
pay_000851011,m_01745,c_0166918,2026-01-02 02:20:00,GB,SMB,Mobile,Card,14.8,1,,0,0,515,0.28
pay_000944306,m_04281,c_0093605,2026-01-02 02:21:00,GB,SMB,Mobile,Wallet,18.51,1,,0,0,842,0.35
pay_000926729,m_02828,c_0086083,2026-01-02 02:21:00,US,Enterprise,Desktop,Wallet,20.95,1,,0,0,595,0.4
pay_000192959,m_04412,c_0065337,2026-01-02 02:22:00,US,Mid-market,Mobile,Card,52.5,1,,0,0,422,1.0
pay_000164033,m_02699,c_0124441,2026-01-02 02:22:00,US,SMB,Mobile,Bank debit,55.87,1,,0,0,798,1.06
pay_000980797,m_03716,c_0090567,2026-01-02 02:22:00,US,SMB,Mobile,Card,19.66,1,,0,0,264,0.37
pay_000429422,m_01601,c_0116477,2026-01-02 02:24:00,US,Mid-market,Mobile,Card,57.83,1,,0,0,822,1.1
pay_000410334,m_00499,c_0164929,2026-01-02 02:24:00,AU,Mid-market,Desktop,Wallet,91.09,1,,0,0,316,1.73
pay_000496154,m_01816,c_0095301,2026-01-02 02:25:00,US,SMB,Mobile,Card,35.74,1,,0,0,620,0.68
pay_000474101,m_04151,c_0014581,2026-01-02 02:25:00,US,Enterprise,Mobile,Card,27.94,0,insufficient_funds,0,0,898,0.0
pay_000911174,m_01256,c_0117437,2026-01-02 02:27:00,US,SMB,Mobile,Card,15.31,1,,0,0,592,0.29
pay_000354212,m_01196,c_0173632,2026-01-02 02:27:00,GB,SMB,Desktop,Card,57.37,1,,0,0,260,1.09
pay_000548485,m_04145,c_0023060,2026-01-02 02:27:00,US,SMB,Mobile,Wallet,20.02,1,,0,0,489,0.38
pay_000080193,m_02377,c_0025024,2026-01-02 02:27:00,AU,SMB,Desktop,Card,136.36,1,,0,0,637,2.59
pay_000587651,m_02770,c_0166119,2026-01-02 02:28:00,US,SMB,Mobile,Card,15.31,1,,0,0,419,0.29
pay_000124204,m_04453,c_0057552,2026-01-02 02:28:00,US,SMB,Desktop,Card,52.8,0,issuer_decline,0,0,804,0.0
pay_000042939,m_03910,c_0028034,2026-01-02 02:28:00,US,SMB,Mobile,Bank debit,8.79,1,,0,0,1094,0.17
pay_000641531,m_00681,c_0085617,2026-01-02 02:28:00,US,Mid-market,Desktop,Card,256.28,1,,0,0,651,4.87
pay_000834717,m_03998,c_0079035,2026-01-02 02:29:00,US,SMB,Mobile,Card,9.61,1,,0,0,810,0.18
pay_000256289,m_01539,c_0158183,2026-01-02 02:29:00,CA,SMB,Desktop,Card,34.62,1,,0,0,811,0.66
pay_000273172,m_03943,c_0170619,2026-01-02 02:30:00,CA,Mid-market,Mobile,Card,71.73,1,,0,0,653,1.36
pay_000038447,m_01751,c_0000605,2026-01-02 02:30:00,US,SMB,Mobile,Wallet,33.71,1,,0,0,1032,0.64
pay_000857458,m_01741,c_0095120,2026-01-02 02:31:00,GB,Mid-market,Mobile,Card,38.29,1,,0,0,674,0.73
pay_000279420,m_01320,c_0017732,2026-01-02 02:31:00,AU,Mid-market,Mobile,Card,76.25,1,,0,0,817,1.45
pay_000127570,m_02148,c_0048332,2026-01-02 02:31:00,US,SMB,Mobile,Card,15.24,1,,0,0,968,0.29
pay_000052284,m_04193,c_0020552,2026-01-02 02:31:00,US,SMB,Mobile,Card,16.99,1,,0,0,812,0.32
pay_000383756,m_03646,c_0060802,2026-01-02 02:32:00,CA,SMB,Desktop,Card,63.82,1,,0,0,631,1.21
pay_000883590,m_02354,c_0106745,2026-01-02 02:32:00,GB,Mid-market,Desktop,Card,73.42,1,,0,0,697,1.39
pay_000871355,m_01848,c_0053046,2026-01-02 02:32:00,DE,SMB,Desktop,Wallet,12.93,1,,0,0,894,0.25
pay_000116331,m_01910,c_0100603,2026-01-02 02:32:00,DE,SMB,Desktop,Card,14.19,1,,0,0,923,0.27
pay_000298197,m_00275,c_0166881,2026-01-02 02:32:00,US,SMB,Mobile,Card,41.92,1,,0,0,785,0.8
pay_000058446,m_01675,c_0012018,2026-01-02 02:32:00,US,Mid-market,Desktop,Card,21.27,0,issuer_decline,0,0,458,0.0
pay_000184690,m_04558,c_0029901,2026-01-02 02:32:00,US,SMB,Mobile,Card,54.8,1,,0,0,630,1.04
pay_000514349,m_00113,c_0140752,2026-01-02 02:33:00,US,Mid-market,Mobile,Card,114.97,1,,0,0,396,2.18
pay_000777172,m_01745,c_0034003,2026-01-02 02:33:00,GB,Enterprise,Desktop,Card,37.51,1,,0,0,498,0.71
pay_000267872,m_00321,c_0162062,2026-01-02 02:34:00,US,SMB,Mobile,Card,46.59,1,,0,0,798,0.89
pay_000404564,m_01936,c_0124470,2026-01-02 02:35:00,US,Mid-market,Mobile,Card,25.91,0,network_error,0,0,610,0.0
pay_000347946,m_02409,c_0062406,2026-01-02 02:35:00,US,Mid-market,Mobile,Bank debit,40.46,1,,0,0,1055,0.77
pay_000508109,m_04121,c_0044387,2026-01-02 02:35:00,US,Enterprise,Mobile,Card,57.65,1,,0,0,890,1.1
pay_000759681,m_04659,c_0106384,2026-01-02 02:36:00,AU,Mid-market,Mobile,Card,69.56,1,,0,0,896,1.32
pay_000226101,m_01880,c_0138750,2026-01-02 02:37:00,GB,SMB,Mobile,Card,20.73,1,,0,0,586,0.39
pay_000803059,m_01091,c_0082759,2026-01-02 02:37:00,US,SMB,Desktop,Bank debit,16.15,1,,0,0,1189,0.31
pay_000970259,m_01449,c_0009308,2026-01-02 02:37:00,AU,Enterprise,Mobile,Card,72.05,1,,0,0,1065,1.37
pay_000366094,m_04500,c_0143889,2026-01-02 02:37:00,DE,Mid-market,Mobile,Card,60.54,1,,0,0,938,1.15
pay_000790038,m_02913,c_0168844,2026-01-02 02:38:00,US,Mid-market,Desktop,Card,1211.68,1,,0,0,474,23.02
pay_000082495,m_01985,c_0009912,2026-01-02 02:38:00,CA,Mid-market,Desktop,BNPL,57.34,1,,0,0,679,1.09
pay_000006057,m_03617,c_0169141,2026-01-02 02:38:00,AU,SMB,Mobile,BNPL,97.66,1,,0,0,715,1.86
pay_000692271,m_04863,c_0042737,2026-01-02 02:38:00,DE,Enterprise,Desktop,Card,111.49,1,,0,0,794,2.12
pay_000288861,m_03983,c_0054269,2026-01-02 02:39:00,US,Mid-market,Mobile,Card,28.61,1,,0,0,751,0.54
pay_000157412,m_04918,c_0164414,2026-01-02 02:39:00,CA,SMB,Mobile,Bank debit,53.04,1,,0,0,873,1.01
pay_000171659,m_02051,c_0015986,2026-01-02 02:39:00,US,Mid-market,Mobile,Card,160.13,1,,0,0,595,3.04
pay_000069713,m_04611,c_0069434,2026-01-02 02:39:00,US,SMB,Desktop,Card,13.36,1,,0,0,1036,0.25
pay_000142588,m_03026,c_0175140,2026-01-02 02:40:00,DE,SMB,Desktop,Card,76.02,1,,0,0,551,1.44
pay_000771570,m_04672,c_0111070,2026-01-02 02:41:00,DE,Mid-market,Desktop,Card,32.92,1,,0,0,504,0.63
pay_000729247,m_04777,c_0070426,2026-01-02 02:41:00,DE,SMB,Mobile,Card,28.02,1,,0,0,1195,0.53
pay_000569623,m_04803,c_0003890,2026-01-02 02:41:00,CA,Mid-market,Desktop,Bank debit,124.21,1,,0,0,667,2.36
pay_000747391,m_01521,c_0091611,2026-01-02 02:43:00,GB,Enterprise,Mobile,BNPL,201.09,1,,0,0,803,3.82
pay_000841236,m_04678,c_0028445,2026-01-02 02:43:00,US,Enterprise,Mobile,Bank debit,168.8,1,,0,0,678,3.21
pay_000185522,m_03409,c_0078381,2026-01-02 02:43:00,US,Mid-market,Mobile,Card,12.46,1,,0,0,601,0.24
pay_000766183,m_01023,c_0005203,2026-01-02 02:43:00,US,SMB,Desktop,Bank debit,38.99,1,,0,0,920,0.74
pay_000120237,m_04925,c_0142570,2026-01-02 02:43:00,CA,Mid-market,Mobile,Card,238.75,1,,0,0,691,4.54
pay_000959018,m_04219,c_0027578,2026-01-02 02:43:00,US,SMB,Desktop,Wallet,20.24,1,,0,0,661,0.38
pay_000853307,m_01774,c_0066683,2026-01-02 02:44:00,US,Mid-market,Mobile,Wallet,221.41,1,,0,0,898,4.21
pay_000864603,m_02871,c_0063935,2026-01-02 02:44:00,US,SMB,Mobile,Wallet,69.15,0,insufficient_funds,0,0,150,0.0
pay_000440942,m_02848,c_0119893,2026-01-02 02:44:00,US,SMB,Mobile,Wallet,26.29,1,,0,0,860,0.5
pay_000932488,m_00569,c_0162510,2026-01-02 02:45:00,AU,Enterprise,Desktop,Card,86.3,1,,0,0,697,1.64
pay_000867697,m_03314,c_0154233,2026-01-02 02:45:00,US,SMB,Desktop,Card,23.75,1,,0,0,726,0.45
pay_000711111,m_03676,c_0148292,2026-01-02 02:45:00,GB,Enterprise,Mobile,Card,112.58,1,,0,0,535,2.14
pay_000185024,m_01638,c_0140223,2026-01-02 02:45:00,CA,Mid-market,Mobile,Card,101.34,1,,0,0,645,1.93
pay_000336150,m_00554,c_0027621,2026-01-02 02:45:00,US,SMB,Desktop,Card,47.08,0,issuer_decline,0,0,747,0.0
pay_000817914,m_01058,c_0068719,2026-01-02 02:45:00,AU,SMB,Desktop,Card,24.31,1,,0,0,718,0.46
pay_000428324,m_02246,c_0058777,2026-01-02 02:46:00,GB,Mid-market,Mobile,Card,37.22,1,,0,0,835,0.71
pay_000423004,m_03979,c_0053442,2026-01-02 02:46:00,US,SMB,Mobile,BNPL,35.93,0,suspected_fraud,0,0,980,0.0
pay_000696633,m_00689,c_0109450,2026-01-02 02:47:00,CA,Mid-market,Mobile,Card,116.88,1,,0,0,771,2.22
pay_000958668,m_02562,c_0081747,2026-01-02 02:47:00,US,SMB,Desktop,Card,8.76,1,,0,0,459,0.17
pay_000122774,m_01037,c_0011270,2026-01-02 02:48:00,DE,SMB,Desktop,Bank debit,13.38,0,insufficient_funds,0,0,893,0.0
pay_000556514,m_02750,c_0048146,2026-01-02 02:48:00,US,SMB,Desktop,Wallet,96.26,1,,0,0,1061,1.83
pay_000512452,m_01524,c_0179404,2026-01-02 02:49:00,US,SMB,Mobile,Wallet,28.23,1,,0,0,669,0.54
pay_000633843,m_02016,c_0076751,2026-01-02 02:49:00,CA,SMB,Desktop,Card,92.25,1,,0,0,398,1.75
pay_000902161,m_03496,c_0179202,2026-01-02 02:49:00,US,Mid-market,Mobile,Bank debit,67.07,1,,0,0,1124,1.27
pay_000273997,m_04061,c_0122249,2026-01-02 02:49:00,CA,SMB,Desktop,Wallet,80.29,1,,0,0,667,1.53
pay_000266873,m_04872,c_0117727,2026-01-02 02:50:00,US,Mid-market,Mobile,Wallet,167.85,1,,0,0,660,3.19
pay_000740294,m_03526,c_0101210,2026-01-02 02:51:00,GB,Mid-market,Mobile,Wallet,115.14,1,,0,0,602,2.19
pay_000607783,m_03082,c_0079575,2026-01-02 02:51:00,GB,SMB,Desktop,Wallet,28.17,1,,0,0,626,0.54
pay_000671431,m_04149,c_0046281,2026-01-02 02:51:00,GB,SMB,Desktop,Card,30.51,1,,0,0,750,0.58
pay_000551199,m_00416,c_0012766,2026-01-02 02:51:00,US,SMB,Mobile,Card,40.94,1,,0,0,960,0.78
pay_000959254,m_03315,c_0137294,2026-01-02 02:52:00,AU,Mid-market,Desktop,Bank debit,34.81,1,,0,0,794,0.66
pay_000946161,m_02299,c_0019039,2026-01-02 02:52:00,AU,SMB,Desktop,Card,67.38,1,,0,0,829,1.28
pay_000552771,m_01204,c_0144548,2026-01-02 02:52:00,GB,SMB,Mobile,Bank debit,108.45,1,,0,0,1014,2.06
pay_000969605,m_03261,c_0110945,2026-01-02 02:52:00,CA,Mid-market,Desktop,Bank debit,8.85,1,,0,0,1058,0.17
pay_000986805,m_01047,c_0040584,2026-01-02 02:52:00,US,SMB,Mobile,Bank debit,6.68,1,,0,0,722,0.13
pay_000196220,m_01663,c_0139687,2026-01-02 02:53:00,US,Mid-market,Desktop,Card,35.0,1,,0,0,575,0.66
pay_000546612,m_03352,c_0050114,2026-01-02 02:53:00,AU,Enterprise,Desktop,Card,26.98,1,,0,0,991,0.51
pay_000577014,m_02909,c_0172709,2026-01-02 02:54:00,US,Enterprise,Mobile,Wallet,32.8,1,,0,0,665,0.62
pay_000524234,m_02811,c_0041677,2026-01-02 02:54:00,CA,SMB,Desktop,Card,18.43,1,,0,0,684,0.35
pay_000240943,m_02196,c_0135964,2026-01-02 02:54:00,US,Mid-market,Mobile,Card,38.17,1,,0,0,1101,0.73
pay_000438498,m_02267,c_0012141,2026-01-02 02:54:00,AU,Mid-market,Desktop,Card,102.54,1,,0,0,933,1.95
pay_000508318,m_00579,c_0136745,2026-01-02 02:54:00,AU,Enterprise,Mobile,Card,180.39,1,,0,0,1006,3.43
pay_000246046,m_04922,c_0025834,2026-01-02 02:55:00,DE,Enterprise,Mobile,Card,142.14,1,,0,0,829,2.7
pay_000948540,m_02576,c_0145259,2026-01-02 02:56:00,AU,Mid-market,Mobile,Card,19.03,0,suspected_fraud,0,0,381,0.0
pay_000100004,m_01630,c_0134314,2026-01-02 02:56:00,US,Mid-market,Mobile,Bank debit,65.96,1,,0,0,1060,1.25
pay_000002628,m_04124,c_0052550,2026-01-02 02:56:00,US,SMB,Mobile,Card,4.42,1,,0,0,368,0.08
pay_000523873,m_03271,c_0097110,2026-01-02 02:57:00,AU,SMB,Mobile,Card,18.94,1,,0,0,1024,0.36
pay_000293095,m_01627,c_0096374,2026-01-02 02:57:00,CA,SMB,Mobile,Wallet,31.37,1,,0,0,918,0.6
pay_000311566,m_03150,c_0138633,2026-01-02 02:57:00,AU,SMB,Mobile,Card,22.87,1,,0,0,667,0.43
pay_000199037,m_03683,c_0048882,2026-01-02 02:59:00,DE,Enterprise,Mobile,Bank debit,129.69,1,,0,0,872,2.46
pay_000880360,m_03214,c_0053901,2026-01-02 02:59:00,US,Mid-market,Mobile,Card,158.14,1,,0,0,997,3.0
pay_000903182,m_00518,c_0097157,2026-01-02 02:59:00,GB,SMB,Desktop,Card,12.03,0,issuer_decline,0,0,280,0.0
pay_000079220,m_03155,c_0146674,2026-01-02 03:00:00,US,SMB,Desktop,Card,5.57,1,,0,1,1097,0.11
pay_000410228,m_04369,c_0045594,2026-01-02 03:01:00,DE,SMB,Mobile,Bank debit,35.53,1,,0,0,942,0.68
pay_000284874,m_03855,c_0011422,2026-01-02 03:01:00,US,SMB,Desktop,Card,38.73,1,,0,0,908,0.74
pay_000736294,m_00524,c_0098199,2026-01-02 03:01:00,DE,SMB,Mobile,Card,80.16,1,,0,0,724,1.52
pay_000254826,m_03977,c_0044151,2026-01-02 03:01:00,US,Mid-market,Mobile,Card,32.78,1,,0,0,662,0.62
pay_000517818,m_00028,c_0063813,2026-01-02 03:01:00,US,Mid-market,Mobile,Card,19.2,1,,0,0,778,0.36
pay_000882255,m_00940,c_0129509,2026-01-02 03:02:00,US,Enterprise,Desktop,Card,64.39,1,,0,0,793,1.22
pay_000852581,m_03944,c_0100832,2026-01-02 03:02:00,US,SMB,Desktop,Card,14.42,1,,0,0,728,0.27
pay_000390669,m_04340,c_0065163,2026-01-02 03:03:00,DE,Mid-market,Mobile,Card,15.14,1,,0,0,1055,0.29
pay_000124481,m_00027,c_0085173,2026-01-02 03:03:00,US,SMB,Mobile,Card,13.83,1,,0,0,836,0.26
pay_000738930,m_01354,c_0125224,2026-01-02 03:03:00,DE,Enterprise,Desktop,Wallet,293.85,1,,0,0,509,5.58
pay_000455747,m_00143,c_0159363,2026-01-02 03:03:00,DE,Enterprise,Mobile,Card,100.46,1,,0,0,712,1.91
pay_000977280,m_00473,c_0028991,2026-01-02 03:03:00,DE,SMB,Mobile,Card,15.81,1,,0,0,695,0.3
pay_000069414,m_03210,c_0023071,2026-01-02 03:04:00,GB,SMB,Desktop,Card,48.7,1,,0,0,578,0.93
pay_000746319,m_02667,c_0078352,2026-01-02 03:04:00,GB,Mid-market,Mobile,Bank debit,5.77,1,,0,0,1056,0.11
pay_000833602,m_03909,c_0072305,2026-01-02 03:04:00,CA,SMB,Desktop,Card,81.73,1,,0,0,479,1.55
pay_000026133,m_04571,c_0116112,2026-01-02 03:05:00,DE,SMB,Mobile,Card,19.15,1,,0,0,672,0.36
pay_000273602,m_04197,c_0008079,2026-01-02 03:05:00,AU,Mid-market,Mobile,Wallet,22.95,1,,0,0,431,0.44
pay_000994529,m_03328,c_0039775,2026-01-02 03:06:00,AU,SMB,Mobile,Wallet,31.7,1,,0,0,792,0.6
pay_000875488,m_01476,c_0055735,2026-01-02 03:06:00,CA,Mid-market,Mobile,Wallet,107.93,1,,1,0,974,2.05
pay_000265244,m_02855,c_0051802,2026-01-02 03:07:00,US,SMB,Mobile,Wallet,17.62,1,,0,0,703,0.33
pay_000512214,m_02624,c_0039601,2026-01-02 03:07:00,DE,SMB,Desktop,BNPL,160.59,1,,0,0,664,3.05
pay_000373050,m_01542,c_0134039,2026-01-02 03:08:00,DE,Enterprise,Mobile,Card,56.25,1,,0,0,907,1.07
pay_000251412,m_00421,c_0168894,2026-01-02 03:08:00,AU,SMB,Mobile,Card,15.79,1,,0,0,312,0.3
pay_000531454,m_02490,c_0098585,2026-01-02 03:08:00,US,SMB,Desktop,Card,41.22,1,,0,0,940,0.78
pay_000566289,m_00130,c_0157090,2026-01-02 03:08:00,AU,Enterprise,Mobile,Wallet,22.16,1,,0,0,620,0.42
pay_000450736,m_02648,c_0042507,2026-01-02 03:08:00,US,Enterprise,Desktop,Card,80.99,1,,0,0,1075,1.54
pay_000774232,m_00020,c_0003855,2026-01-02 03:09:00,US,SMB,Desktop,BNPL,11.42,1,,0,0,629,0.22
pay_000686312,m_03083,c_0009006,2026-01-02 03:09:00,US,Mid-market,Mobile,Bank debit,20.14,1,,0,0,1140,0.38
pay_000742138,m_00665,c_0124719,2026-01-02 03:09:00,US,SMB,Mobile,Bank debit,104.31,0,issuer_decline,0,0,1259,0.0
pay_000859470,m_02753,c_0083367,2026-01-02 03:10:00,AU,Mid-market,Mobile,Card,6.63,1,,0,0,757,0.13
pay_000531104,m_03620,c_0079753,2026-01-02 03:11:00,DE,Mid-market,Desktop,Card,44.16,1,,0,0,288,0.84
pay_000214834,m_02619,c_0156370,2026-01-02 03:12:00,US,Enterprise,Mobile,Card,48.11,1,,0,0,596,0.91
pay_000260652,m_01391,c_0141576,2026-01-02 03:12:00,AU,SMB,Mobile,Wallet,21.89,1,,0,0,1220,0.42
pay_000257693,m_01566,c_0119648,2026-01-02 03:12:00,US,SMB,Desktop,Card,48.72,1,,0,0,428,0.93
pay_000281554,m_01151,c_0067522,2026-01-02 03:13:00,US,SMB,Desktop,Wallet,10.44,1,,0,0,584,0.2
pay_000256868,m_04497,c_0132085,2026-01-02 03:14:00,CA,SMB,Mobile,Wallet,8.68,1,,0,0,446,0.16
pay_000454585,m_01276,c_0078103,2026-01-02 03:14:00,US,Enterprise,Desktop,Card,204.87,1,,0,0,1127,3.89
pay_000006229,m_02538,c_0122974,2026-01-02 03:14:00,GB,Mid-market,Mobile,Card,80.25,1,,0,0,664,1.52
pay_000353548,m_01563,c_0111766,2026-01-02 03:15:00,CA,Mid-market,Mobile,BNPL,117.34,1,,0,0,701,2.23
pay_000428539,m_00179,c_0029424,2026-01-02 03:15:00,US,Mid-market,Desktop,Card,34.39,0,suspected_fraud,0,0,854,0.0
pay_000781075,m_04350,c_0084717,2026-01-02 03:16:00,US,SMB,Mobile,Wallet,3.0,1,,0,0,672,0.06
pay_000420621,m_02787,c_0025251,2026-01-02 03:17:00,AU,Mid-market,Desktop,Card,446.42,1,,0,0,493,8.48
pay_000133803,m_00083,c_0109634,2026-01-02 03:17:00,US,SMB,Desktop,Card,31.14,1,,0,0,937,0.59
pay_000200830,m_01985,c_0176607,2026-01-02 03:19:00,CA,SMB,Mobile,Wallet,398.98,1,,0,0,563,7.58
pay_000867686,m_01350,c_0002318,2026-01-02 03:19:00,AU,Mid-market,Mobile,Card,156.39,1,,0,0,822,2.97
pay_000338053,m_00137,c_0108251,2026-01-02 03:19:00,DE,SMB,Mobile,Card,73.29,0,issuer_decline,0,0,659,0.0
pay_000150792,m_04485,c_0076541,2026-01-02 03:20:00,CA,SMB,Mobile,Card,107.52,1,,0,0,471,2.04
pay_000526257,m_02901,c_0061826,2026-01-02 03:21:00,DE,Mid-market,Mobile,Card,23.72,1,,0,0,772,0.45
pay_000582420,m_03560,c_0104973,2026-01-02 03:21:00,US,Mid-market,Desktop,BNPL,64.9,0,insufficient_funds,0,0,1060,0.0
pay_000826368,m_01862,c_0115583,2026-01-02 03:22:00,US,SMB,Desktop,Card,90.23,1,,0,0,1256,1.71
pay_000224542,m_01468,c_0061681,2026-01-02 03:22:00,US,SMB,Mobile,Wallet,38.11,1,,0,0,733,0.72
pay_000602306,m_04993,c_0106748,2026-01-02 03:24:00,GB,SMB,Desktop,BNPL,23.7,1,,0,0,800,0.45
pay_000362927,m_02684,c_0082645,2026-01-02 03:24:00,DE,SMB,Desktop,Card,13.47,1,,0,0,542,0.26
pay_000262833,m_04532,c_0015002,2026-01-02 03:25:00,CA,SMB,Mobile,Card,20.13,1,,0,0,503,0.38
pay_000490452,m_00871,c_0097134,2026-01-02 03:25:00,CA,SMB,Mobile,Card,27.32,1,,0,0,403,0.52
pay_000382544,m_02728,c_0092314,2026-01-02 03:25:00,DE,SMB,Desktop,Card,63.23,1,,0,0,828,1.2
pay_000324060,m_00642,c_0067206,2026-01-02 03:26:00,AU,SMB,Desktop,Wallet,426.56,1,,0,0,906,8.1
pay_000470663,m_00077,c_0119871,2026-01-02 03:26:00,AU,Mid-market,Mobile,BNPL,79.08,1,,0,0,541,1.5
pay_000333868,m_04210,c_0022095,2026-01-02 03:26:00,US,SMB,Desktop,Card,40.16,1,,0,0,895,0.76
pay_000484948,m_00026,c_0179319,2026-01-02 03:26:00,DE,SMB,Mobile,Card,26.57,1,,0,0,834,0.5
pay_000192136,m_03980,c_0061125,2026-01-02 03:27:00,GB,SMB,Desktop,Card,243.96,1,,0,0,631,4.64
pay_000823772,m_04598,c_0148532,2026-01-02 03:28:00,US,Mid-market,Desktop,Card,9.87,1,,0,0,530,0.19
pay_000973160,m_04932,c_0107539,2026-01-02 03:28:00,GB,Mid-market,Mobile,Card,151.15,1,,0,0,456,2.87
pay_000001237,m_01632,c_0126738,2026-01-02 03:29:00,DE,SMB,Mobile,Card,37.29,1,,0,0,622,0.71
pay_000455452,m_02100,c_0127797,2026-01-02 03:30:00,US,SMB,Desktop,Bank debit,5.27,1,,0,0,1376,0.1
pay_000400534,m_02814,c_0178425,2026-01-02 03:30:00,DE,Mid-market,Mobile,Card,18.64,0,insufficient_funds,0,0,876,0.0
pay_000498387,m_01314,c_0118002,2026-01-02 03:30:00,US,SMB,Mobile,BNPL,32.68,1,,0,0,795,0.62
pay_000931676,m_01215,c_0013453,2026-01-02 03:30:00,US,Enterprise,Mobile,Wallet,19.77,1,,0,0,701,0.38
pay_000979850,m_04529,c_0107613,2026-01-02 03:31:00,US,Enterprise,Desktop,Wallet,208.61,1,,0,0,604,3.96
pay_000783403,m_03055,c_0099363,2026-01-02 03:31:00,GB,SMB,Desktop,Wallet,179.25,1,,0,0,280,3.41
pay_000630646,m_01375,c_0146772,2026-01-02 03:31:00,GB,SMB,Desktop,Card,30.15,1,,0,0,648,0.57
pay_000292895,m_04449,c_0090437,2026-01-02 03:32:00,AU,SMB,Desktop,Bank debit,47.83,1,,0,0,951,0.91
pay_000551585,m_04895,c_0173094,2026-01-02 03:32:00,AU,SMB,Mobile,Card,15.95,1,,0,0,587,0.3
pay_000139072,m_03406,c_0060629,2026-01-02 03:34:00,US,Enterprise,Desktop,Card,48.28,1,,0,0,596,0.92
pay_000293179,m_03555,c_0162755,2026-01-02 03:35:00,DE,SMB,Desktop,Bank debit,21.9,1,,0,0,947,0.42
pay_000805440,m_00222,c_0130441,2026-01-02 03:35:00,DE,SMB,Mobile,Card,5.02,1,,0,0,649,0.1
pay_000921058,m_02254,c_0039150,2026-01-02 03:35:00,GB,Enterprise,Desktop,Card,104.42,1,,0,0,726,1.98
pay_000931134,m_01174,c_0146641,2026-01-02 03:35:00,US,Enterprise,Desktop,Card,22.46,1,,0,0,944,0.43
pay_000438240,m_04759,c_0033769,2026-01-02 03:36:00,CA,SMB,Desktop,Card,23.91,1,,0,0,662,0.45
pay_000587912,m_02524,c_0018048,2026-01-02 03:36:00,US,SMB,Mobile,Card,93.48,1,,0,0,669,1.78
pay_000480211,m_04481,c_0173950,2026-01-02 03:36:00,DE,SMB,Desktop,Wallet,24.47,1,,0,0,944,0.46
pay_000923270,m_02641,c_0152713,2026-01-02 03:37:00,US,Mid-market,Desktop,Card,112.89,1,,0,0,987,2.14
pay_000968829,m_01236,c_0065748,2026-01-02 03:37:00,CA,SMB,Mobile,Bank debit,29.07,1,,0,0,1271,0.55
pay_000002789,m_04430,c_0005482,2026-01-02 03:37:00,GB,SMB,Mobile,BNPL,5.17,1,,0,0,737,0.1
pay_000868789,m_01635,c_0051276,2026-01-02 03:37:00,CA,SMB,Desktop,Card,32.59,1,,0,0,764,0.62
pay_000901893,m_00595,c_0034499,2026-01-02 03:39:00,US,Mid-market,Mobile,Bank debit,134.8,1,,0,0,604,2.56
pay_000001550,m_01187,c_0161726,2026-01-02 03:39:00,US,Enterprise,Mobile,BNPL,143.12,1,,0,0,709,2.72
pay_000610679,m_00459,c_0018787,2026-01-02 03:39:00,AU,Mid-market,Mobile,Bank debit,13.93,1,,0,0,1178,0.26
pay_000649555,m_00025,c_0152681,2026-01-02 03:40:00,US,Mid-market,Mobile,Wallet,207.54,1,,0,0,556,3.94
pay_000067482,m_01500,c_0044000,2026-01-02 03:40:00,CA,Mid-market,Desktop,Bank debit,23.17,1,,0,0,1363,0.44
pay_000578620,m_04492,c_0098244,2026-01-02 03:41:00,AU,SMB,Desktop,Card,17.46,1,,0,0,767,0.33
pay_000339443,m_03237,c_0172416,2026-01-02 03:41:00,GB,SMB,Mobile,Card,154.79,1,,0,0,629,2.94
pay_000015858,m_01728,c_0049021,2026-01-02 03:42:00,DE,SMB,Mobile,Card,44.18,1,,0,0,535,0.84
pay_000760061,m_01172,c_0128981,2026-01-02 03:43:00,US,Mid-market,Mobile,Card,20.76,1,,0,0,532,0.39
pay_000111579,m_00285,c_0007961,2026-01-02 03:43:00,GB,SMB,Mobile,Card,25.64,1,,0,0,762,0.49
pay_000088581,m_04405,c_0041068,2026-01-02 03:43:00,AU,Mid-market,Mobile,Card,11.11,1,,0,0,780,0.21
pay_000172651,m_02820,c_0039881,2026-01-02 03:43:00,US,SMB,Mobile,Wallet,21.13,1,,1,0,611,0.4
pay_000174894,m_00828,c_0146622,2026-01-02 03:44:00,US,SMB,Desktop,Card,18.55,1,,0,0,657,0.35
pay_000833237,m_01364,c_0156339,2026-01-02 03:44:00,DE,Mid-market,Mobile,Card,5.19,1,,0,0,609,0.1
pay_000426747,m_00614,c_0052828,2026-01-02 03:45:00,AU,SMB,Desktop,Card,93.65,1,,0,0,736,1.78
pay_000451987,m_04363,c_0037188,2026-01-02 03:45:00,US,Mid-market,Mobile,Bank debit,51.16,1,,0,0,1058,0.97
pay_000801252,m_00646,c_0151908,2026-01-02 03:45:00,US,Mid-market,Desktop,Card,453.63,1,,0,0,738,8.62
pay_000616777,m_03828,c_0123760,2026-01-02 03:46:00,DE,Mid-market,Mobile,BNPL,39.52,1,,0,0,1003,0.75
pay_000884702,m_01324,c_0059741,2026-01-02 03:46:00,US,SMB,Desktop,BNPL,38.99,1,,0,0,980,0.74
pay_000773641,m_04468,c_0093762,2026-01-02 03:46:00,GB,SMB,Mobile,Card,9.69,1,,0,0,814,0.18
pay_000240128,m_00277,c_0091586,2026-01-02 03:46:00,AU,SMB,Mobile,Bank debit,10.79,1,,0,0,1287,0.21
pay_000563037,m_04086,c_0163205,2026-01-02 03:46:00,US,SMB,Mobile,Card,36.05,1,,0,0,778,0.68
pay_000255858,m_02755,c_0053054,2026-01-02 03:46:00,AU,Enterprise,Mobile,Card,22.86,1,,0,0,698,0.43
pay_000124555,m_04534,c_0037446,2026-01-02 03:48:00,US,Mid-market,Desktop,Card,29.45,1,,0,0,1014,0.56
pay_000833892,m_02118,c_0156854,2026-01-02 03:48:00,DE,SMB,Mobile,Bank debit,96.96,1,,0,0,1267,1.84
pay_000352864,m_02188,c_0090502,2026-01-02 03:48:00,US,SMB,Mobile,Card,34.0,1,,0,0,590,0.65
pay_000152455,m_01462,c_0019664,2026-01-02 03:48:00,US,Mid-market,Mobile,Card,45.52,0,insufficient_funds,0,0,294,0.0
pay_000466013,m_02990,c_0080419,2026-01-02 03:48:00,GB,SMB,Mobile,Card,11.08,1,,0,0,762,0.21
pay_000073209,m_04886,c_0154291,2026-01-02 03:48:00,CA,SMB,Mobile,Bank debit,133.77,1,,0,0,643,2.54
pay_000537315,m_00452,c_0045336,2026-01-02 03:48:00,CA,SMB,Desktop,Card,17.15,0,issuer_decline,0,0,782,0.0
pay_000984423,m_03406,c_0169798,2026-01-02 03:49:00,CA,Mid-market,Desktop,BNPL,76.12,0,insufficient_funds,0,0,946,0.0
pay_000722397,m_03665,c_0039777,2026-01-02 03:49:00,US,SMB,Mobile,Card,11.48,1,,0,0,670,0.22
pay_000662884,m_01477,c_0122959,2026-01-02 03:49:00,US,SMB,Desktop,Card,13.82,1,,0,0,628,0.26
pay_000993419,m_02993,c_0083987,2026-01-02 03:49:00,US,SMB,Mobile,Card,12.99,1,,0,0,523,0.25
pay_000144738,m_04257,c_0066295,2026-01-02 03:49:00,DE,Mid-market,Desktop,Card,48.11,1,,0,0,159,0.91
pay_000802765,m_04738,c_0015695,2026-01-02 03:49:00,US,Mid-market,Mobile,Card,67.15,1,,0,0,802,1.28
pay_000436869,m_03409,c_0059214,2026-01-02 03:51:00,US,SMB,Mobile,Card,36.16,1,,0,0,827,0.69
pay_000833263,m_00187,c_0027940,2026-01-02 03:51:00,US,SMB,Mobile,Wallet,34.33,1,,0,0,856,0.65
pay_000705782,m_02680,c_0091180,2026-01-02 03:51:00,GB,SMB,Mobile,Card,49.15,1,,0,0,797,0.93
pay_000107861,m_01980,c_0060812,2026-01-02 03:52:00,US,Mid-market,Mobile,Card,95.71,1,,0,0,467,1.82
pay_000490248,m_03971,c_0097035,2026-01-02 03:52:00,CA,SMB,Mobile,Card,48.41,1,,0,0,972,0.92
pay_000299664,m_04854,c_0037550,2026-01-02 03:52:00,US,SMB,Mobile,Card,158.68,1,,0,0,619,3.01
pay_000688515,m_03567,c_0066533,2026-01-02 03:53:00,GB,SMB,Mobile,Card,40.4,1,,0,0,425,0.77
pay_000731178,m_02995,c_0179466,2026-01-02 03:53:00,CA,Mid-market,Desktop,BNPL,11.76,1,,0,0,1071,0.22
pay_000495706,m_01971,c_0005047,2026-01-02 03:53:00,DE,Mid-market,Mobile,Wallet,63.33,1,,0,0,950,1.2
pay_000316699,m_04271,c_0046134,2026-01-02 03:53:00,US,SMB,Desktop,Bank debit,62.62,1,,0,0,673,1.19
pay_000127518,m_04943,c_0103270,2026-01-02 03:54:00,CA,SMB,Mobile,Wallet,21.34,1,,0,0,692,0.41
pay_000396941,m_04077,c_0174168,2026-01-02 03:54:00,CA,SMB,Mobile,Card,26.73,1,,0,0,779,0.51
pay_000697821,m_00847,c_0139609,2026-01-02 03:55:00,US,SMB,Desktop,Card,10.2,1,,0,0,605,0.19
pay_000440627,m_00390,c_0146975,2026-01-02 03:55:00,US,Mid-market,Desktop,BNPL,15.14,1,,0,0,547,0.29
pay_000646874,m_02815,c_0006420,2026-01-02 03:55:00,CA,Enterprise,Mobile,Card,85.44,1,,0,0,524,1.62
pay_000783340,m_00819,c_0030542,2026-01-02 03:56:00,DE,Mid-market,Desktop,Card,150.66,1,,0,0,869,2.86
pay_000307621,m_00873,c_0089962,2026-01-02 03:56:00,US,SMB,Desktop,Card,12.2,1,,0,0,586,0.23
pay_000966393,m_03119,c_0159103,2026-01-02 03:57:00,CA,SMB,Mobile,Card,9.67,0,issuer_decline,0,0,669,0.0
pay_000600400,m_02322,c_0119051,2026-01-02 03:57:00,GB,Mid-market,Desktop,Wallet,44.68,1,,0,0,578,0.85
pay_000830047,m_00750,c_0108835,2026-01-02 03:59:00,US,Mid-market,Mobile,Card,45.38,1,,0,0,424,0.86
pay_000433161,m_04930,c_0028269,2026-01-02 04:00:00,US,Enterprise,Mobile,Wallet,171.35,0,issuer_decline,0,0,708,0.0
pay_000646166,m_01747,c_0109999,2026-01-02 04:01:00,CA,Mid-market,Mobile,Card,26.47,1,,0,0,698,0.5
pay_000811806,m_00593,c_0008881,2026-01-02 04:01:00,GB,SMB,Desktop,Card,36.98,0,suspected_fraud,0,0,557,0.0
pay_000516040,m_03874,c_0048127,2026-01-02 04:01:00,AU,Mid-market,Mobile,Card,104.54,1,,0,0,870,1.99
pay_000437743,m_03207,c_0163269,2026-01-02 04:02:00,CA,Mid-market,Mobile,Card,5.59,1,,0,0,691,0.11
pay_000477150,m_02839,c_0072494,2026-01-02 04:02:00,US,SMB,Mobile,Wallet,44.72,1,,1,0,686,0.85
pay_000766337,m_02774,c_0088307,2026-01-02 04:02:00,CA,SMB,Desktop,Card,130.27,1,,0,0,517,2.48
pay_000721419,m_03623,c_0031131,2026-01-02 04:03:00,GB,Enterprise,Desktop,Card,120.3,1,,0,0,935,2.29
pay_000536758,m_01811,c_0106044,2026-01-02 04:03:00,US,SMB,Mobile,Card,35.88,1,,0,0,758,0.68
pay_000673076,m_01435,c_0072169,2026-01-02 04:03:00,AU,SMB,Mobile,Bank debit,7.95,1,,0,0,985,0.15
pay_000400444,m_03116,c_0172796,2026-01-02 04:03:00,US,SMB,Mobile,Wallet,23.61,1,,0,0,729,0.45
pay_000161564,m_02639,c_0003922,2026-01-02 04:04:00,US,SMB,Mobile,Bank debit,41.71,1,,0,0,815,0.79
pay_000531885,m_03608,c_0167335,2026-01-02 04:04:00,GB,Mid-market,Desktop,Card,6.34,1,,0,0,770,0.12
pay_000760310,m_02002,c_0165240,2026-01-02 04:04:00,GB,Mid-market,Mobile,Card,23.45,1,,0,0,604,0.45
pay_000650599,m_01083,c_0094676,2026-01-02 04:04:00,AU,SMB,Mobile,Bank debit,17.63,1,,0,0,1057,0.33
pay_000669090,m_00937,c_0095840,2026-01-02 04:04:00,US,Mid-market,Mobile,Wallet,207.9,1,,0,0,667,3.95
pay_000310053,m_01420,c_0078953,2026-01-02 04:05:00,US,SMB,Desktop,Wallet,70.03,1,,0,0,493,1.33
pay_000500766,m_00913,c_0075268,2026-01-02 04:06:00,DE,SMB,Mobile,Card,10.89,1,,0,0,486,0.21
pay_000656035,m_03980,c_0074600,2026-01-02 04:06:00,GB,Mid-market,Desktop,Card,16.54,1,,0,0,562,0.31
pay_000882802,m_03898,c_0153925,2026-01-02 04:06:00,GB,Mid-market,Mobile,Wallet,37.7,1,,0,0,705,0.72
pay_000648851,m_01197,c_0075958,2026-01-02 04:06:00,US,SMB,Desktop,Card,17.39,1,,0,0,900,0.33
pay_000580203,m_02636,c_0043563,2026-01-02 04:06:00,AU,Mid-market,Desktop,Wallet,55.34,1,,0,0,562,1.05
pay_000306616,m_01457,c_0176627,2026-01-02 04:06:00,AU,Mid-market,Desktop,Wallet,87.12,1,,0,0,929,1.66
pay_000942762,m_00944,c_0066392,2026-01-02 04:07:00,US,Mid-market,Mobile,Card,15.05,1,,0,1,702,0.29
pay_000542079,m_04023,c_0032424,2026-01-02 04:07:00,DE,Mid-market,Mobile,Card,17.68,0,network_error,0,0,803,0.0
pay_000048438,m_03873,c_0004685,2026-01-02 04:08:00,US,SMB,Desktop,Card,86.21,0,expired_card,0,0,753,0.0
pay_000046851,m_00860,c_0123152,2026-01-02 04:08:00,GB,SMB,Mobile,Card,105.91,1,,0,0,737,2.01
pay_000319216,m_03916,c_0106554,2026-01-02 04:08:00,AU,SMB,Desktop,Card,38.29,1,,0,0,735,0.73
pay_000522960,m_01195,c_0113500,2026-01-02 04:08:00,AU,SMB,Mobile,BNPL,27.6,1,,0,0,602,0.52
pay_000659922,m_03558,c_0037550,2026-01-02 04:08:00,AU,Mid-market,Desktop,Card,69.8,1,,0,0,463,1.33
pay_000504591,m_00367,c_0049891,2026-01-02 04:08:00,DE,SMB,Desktop,Wallet,8.23,1,,0,0,478,0.16
pay_000440677,m_01591,c_0155704,2026-01-02 04:08:00,US,SMB,Mobile,Card,74.39,1,,0,0,657,1.41
pay_000182175,m_01733,c_0148236,2026-01-02 04:08:00,CA,Mid-market,Desktop,Card,18.56,1,,0,0,531,0.35
pay_000295140,m_01648,c_0084487,2026-01-02 04:09:00,US,Mid-market,Mobile,Wallet,77.34,1,,0,0,661,1.47
pay_000158207,m_00898,c_0081994,2026-01-02 04:10:00,GB,SMB,Mobile,Wallet,100.46,1,,0,0,732,1.91
pay_000860492,m_00446,c_0015913,2026-01-02 04:10:00,US,Mid-market,Desktop,Card,74.53,1,,0,0,945,1.42
pay_000037472,m_02456,c_0160320,2026-01-02 04:11:00,DE,SMB,Mobile,Card,9.88,1,,0,0,654,0.19
pay_000128449,m_02329,c_0047481,2026-01-02 04:11:00,CA,Mid-market,Mobile,Card,24.12,1,,0,0,811,0.46
pay_000500041,m_04344,c_0063189,2026-01-02 04:11:00,GB,SMB,Mobile,Wallet,74.07,1,,0,0,596,1.41
pay_000817442,m_02582,c_0135247,2026-01-02 04:12:00,DE,Mid-market,Mobile,Card,132.11,1,,0,0,681,2.51
pay_000442023,m_01335,c_0017029,2026-01-02 04:12:00,US,SMB,Mobile,Card,22.6,1,,0,0,526,0.43
pay_000498912,m_04934,c_0152924,2026-01-02 04:12:00,AU,Mid-market,Desktop,Card,123.73,1,,0,0,574,2.35
pay_000116446,m_04159,c_0092721,2026-01-02 04:12:00,US,Mid-market,Desktop,Bank debit,47.24,1,,0,0,929,0.9
pay_000901585,m_02334,c_0059544,2026-01-02 04:12:00,CA,SMB,Mobile,Wallet,13.65,1,,0,0,1208,0.26
pay_000619214,m_01554,c_0141937,2026-01-02 04:14:00,US,SMB,Desktop,Card,119.71,1,,0,0,1069,2.27
pay_000434391,m_04912,c_0121240,2026-01-02 04:14:00,CA,Enterprise,Mobile,Card,34.23,1,,0,0,670,0.65
pay_000654877,m_01539,c_0077154,2026-01-02 04:14:00,US,Mid-market,Desktop,Card,69.54,1,,0,0,830,1.32
pay_000065270,m_03081,c_0006043,2026-01-02 04:14:00,AU,Enterprise,Desktop,Card,119.29,1,,0,0,1004,2.27
pay_000256431,m_02298,c_0101355,2026-01-02 04:15:00,DE,SMB,Desktop,Card,3.96,0,insufficient_funds,0,0,841,0.0
pay_000691468,m_03663,c_0070514,2026-01-02 04:15:00,GB,SMB,Desktop,Card,29.12,1,,0,0,181,0.55
pay_000806020,m_02675,c_0117037,2026-01-02 04:15:00,AU,SMB,Desktop,Wallet,33.33,1,,0,0,826,0.63
pay_000480533,m_02163,c_0126012,2026-01-02 04:16:00,US,Enterprise,Mobile,Bank debit,49.84,0,issuer_decline,0,0,678,0.0
pay_000175682,m_01003,c_0088371,2026-01-02 04:16:00,US,Mid-market,Desktop,Card,92.98,1,,0,0,871,1.77
pay_000360403,m_00169,c_0058139,2026-01-02 04:16:00,DE,Mid-market,Desktop,Card,43.42,0,insufficient_funds,0,0,552,0.0
pay_000575778,m_04750,c_0178781,2026-01-02 04:16:00,US,Mid-market,Desktop,Wallet,8.39,1,,0,0,772,0.16
pay_000351284,m_02381,c_0102289,2026-01-02 04:17:00,GB,Mid-market,Mobile,Wallet,187.06,1,,0,0,651,3.55
pay_000741538,m_04082,c_0057156,2026-01-02 04:17:00,CA,SMB,Mobile,Card,127.83,1,,0,0,1078,2.43
pay_000688682,m_01041,c_0091007,2026-01-02 04:18:00,CA,Mid-market,Mobile,Card,47.82,1,,0,0,416,0.91
pay_000258108,m_02096,c_0110375,2026-01-02 04:18:00,DE,Mid-market,Desktop,Card,81.87,1,,0,0,824,1.56
pay_000101941,m_00538,c_0144709,2026-01-02 04:18:00,US,SMB,Mobile,Card,3.11,1,,0,0,716,0.06
pay_000439187,m_03130,c_0176637,2026-01-02 04:19:00,CA,SMB,Mobile,Wallet,6.26,1,,0,0,638,0.12
pay_000721235,m_01582,c_0134281,2026-01-02 04:19:00,US,SMB,Mobile,Card,39.31,1,,0,0,643,0.75
pay_000004598,m_04725,c_0102051,2026-01-02 04:19:00,US,Enterprise,Mobile,Wallet,126.73,1,,0,0,666,2.41
pay_000421204,m_01373,c_0179901,2026-01-02 04:20:00,CA,SMB,Desktop,Card,20.96,1,,0,0,986,0.4
pay_000539547,m_04914,c_0059293,2026-01-02 04:20:00,CA,SMB,Mobile,Card,31.13,1,,0,0,641,0.59
pay_000625095,m_02156,c_0056002,2026-01-02 04:20:00,GB,Mid-market,Mobile,Card,117.65,1,,0,0,760,2.24
pay_000065893,m_03233,c_0079513,2026-01-02 04:21:00,CA,SMB,Mobile,Wallet,38.89,1,,0,0,613,0.74
pay_000954842,m_01485,c_0064326,2026-01-02 04:21:00,GB,SMB,Mobile,Card,33.47,0,issuer_decline,0,0,455,0.0
pay_000588374,m_02738,c_0015138,2026-01-02 04:21:00,AU,Mid-market,Mobile,Wallet,249.64,1,,0,0,730,4.74
pay_000303987,m_04705,c_0106700,2026-01-02 04:22:00,US,Mid-market,Mobile,Card,37.79,1,,0,0,466,0.72
pay_000583358,m_00911,c_0023131,2026-01-02 04:22:00,GB,Enterprise,Mobile,Card,326.76,1,,0,0,785,6.21
pay_000894591,m_03061,c_0159353,2026-01-02 04:22:00,GB,Mid-market,Desktop,Card,19.4,1,,0,0,434,0.37
pay_000341767,m_02238,c_0175670,2026-01-02 04:22:00,US,SMB,Desktop,Card,16.29,1,,0,0,709,0.31
pay_000722270,m_00252,c_0061386,2026-01-02 04:23:00,US,Mid-market,Desktop,Card,30.04,1,,0,0,656,0.57
pay_000066358,m_00526,c_0115773,2026-01-02 04:23:00,GB,Enterprise,Mobile,Card,452.46,1,,0,0,562,8.6
pay_000867073,m_04292,c_0165607,2026-01-02 04:23:00,DE,SMB,Desktop,Card,32.55,1,,0,0,498,0.62
pay_000265502,m_01325,c_0148223,2026-01-02 04:23:00,US,SMB,Desktop,Card,15.23,1,,0,0,734,0.29
pay_000674435,m_03832,c_0109610,2026-01-02 04:25:00,US,SMB,Mobile,Card,14.47,1,,0,0,944,0.27
pay_000692948,m_02105,c_0092583,2026-01-02 04:26:00,US,Mid-market,Mobile,Card,23.57,1,,0,0,998,0.45
pay_000784999,m_02199,c_0163367,2026-01-02 04:26:00,US,SMB,Desktop,Card,10.18,1,,0,0,707,0.19
pay_000958680,m_04235,c_0011070,2026-01-02 04:26:00,US,Enterprise,Desktop,Card,49.56,1,,0,0,691,0.94
pay_000777539,m_01137,c_0080478,2026-01-02 04:26:00,CA,SMB,Mobile,Card,58.71,1,,0,0,721,1.12
pay_000251266,m_02679,c_0145854,2026-01-02 04:26:00,AU,Enterprise,Mobile,Card,177.33,1,,0,0,837,3.37
pay_000773573,m_02732,c_0005781,2026-01-02 04:26:00,CA,Mid-market,Desktop,Card,20.98,1,,0,0,759,0.4
pay_000317453,m_01772,c_0030325,2026-01-02 04:27:00,CA,Mid-market,Mobile,Wallet,23.66,1,,0,0,495,0.45
pay_000759403,m_04589,c_0050257,2026-01-02 04:27:00,US,Mid-market,Mobile,Card,75.06,1,,0,0,595,1.43
pay_000462890,m_02466,c_0080567,2026-01-02 04:28:00,US,Mid-market,Mobile,Wallet,21.84,1,,0,0,821,0.41
pay_000196652,m_00875,c_0020661,2026-01-02 04:28:00,AU,SMB,Desktop,Card,9.44,1,,0,0,637,0.18
pay_000371201,m_03046,c_0092702,2026-01-02 04:28:00,US,Mid-market,Mobile,Wallet,78.45,1,,0,0,674,1.49
pay_000626307,m_03319,c_0135434,2026-01-02 04:28:00,DE,Mid-market,Desktop,Card,15.73,1,,0,0,858,0.3
pay_000655346,m_01394,c_0177029,2026-01-02 04:28:00,US,Mid-market,Mobile,Card,10.8,1,,0,0,899,0.21
pay_000536964,m_02763,c_0115250,2026-01-02 04:28:00,US,SMB,Mobile,Card,28.83,1,,0,0,799,0.55
pay_000031598,m_04436,c_0001859,2026-01-02 04:28:00,GB,Enterprise,Desktop,Card,93.51,1,,0,0,1079,1.78
pay_000566856,m_04948,c_0086279,2026-01-02 04:28:00,US,SMB,Mobile,Card,31.31,0,suspected_fraud,0,0,864,0.0
pay_000351305,m_00092,c_0053835,2026-01-02 04:29:00,GB,SMB,Mobile,Card,8.49,1,,0,0,982,0.16
pay_000706563,m_03023,c_0026716,2026-01-02 04:29:00,US,Mid-market,Desktop,Wallet,61.46,1,,0,0,1042,1.17
pay_000688826,m_01449,c_0046517,2026-01-02 04:29:00,GB,SMB,Mobile,Card,4.29,1,,0,0,1037,0.08
pay_000138850,m_02503,c_0096345,2026-01-02 04:30:00,US,Mid-market,Mobile,Card,66.9,1,,0,0,866,1.27
pay_000520267,m_02249,c_0018006,2026-01-02 04:31:00,CA,SMB,Mobile,Card,52.68,1,,0,0,538,1.0
pay_000000773,m_00099,c_0106206,2026-01-02 04:31:00,US,Enterprise,Mobile,BNPL,85.83,1,,0,0,831,1.63
pay_000334131,m_03492,c_0109866,2026-01-02 04:32:00,US,SMB,Desktop,Wallet,60.11,1,,0,0,566,1.14
pay_000382923,m_02620,c_0049910,2026-01-02 04:32:00,CA,SMB,Mobile,Card,13.27,1,,0,0,749,0.25
pay_000547638,m_02841,c_0012160,2026-01-02 04:32:00,CA,Enterprise,Mobile,Wallet,159.64,1,,0,0,655,3.03
pay_000217946,m_03147,c_0110737,2026-01-02 04:32:00,AU,Mid-market,Mobile,Card,28.36,1,,0,0,1073,0.54
pay_000199795,m_00731,c_0040986,2026-01-02 04:33:00,AU,SMB,Desktop,Card,79.1,1,,0,0,619,1.5
pay_000907370,m_00857,c_0052837,2026-01-02 04:33:00,AU,SMB,Desktop,Wallet,27.33,1,,0,0,730,0.52
pay_000951122,m_01078,c_0177839,2026-01-02 04:34:00,US,Mid-market,Mobile,Card,95.74,1,,0,0,961,1.82
pay_000169093,m_03550,c_0068448,2026-01-02 04:34:00,DE,SMB,Mobile,BNPL,27.13,1,,0,0,511,0.52
pay_000184159,m_00556,c_0032290,2026-01-02 04:34:00,US,Enterprise,Mobile,Wallet,179.73,1,,0,0,715,3.41
pay_000698317,m_04100,c_0075856,2026-01-02 04:35:00,US,Mid-market,Desktop,Wallet,46.94,1,,0,0,1041,0.89
pay_000912007,m_01322,c_0090940,2026-01-02 04:36:00,AU,Mid-market,Mobile,Wallet,20.96,1,,0,0,816,0.4
pay_000204013,m_03953,c_0101050,2026-01-02 04:36:00,CA,SMB,Desktop,Card,18.3,1,,0,0,766,0.35
pay_000840900,m_02115,c_0067791,2026-01-02 04:36:00,US,SMB,Mobile,Bank debit,31.35,1,,0,0,1230,0.6
pay_000546715,m_03818,c_0057331,2026-01-02 04:36:00,GB,Mid-market,Mobile,Wallet,149.0,1,,0,0,207,2.83
pay_000080120,m_01802,c_0144741,2026-01-02 04:37:00,US,Enterprise,Desktop,Card,51.66,1,,0,0,740,0.98
pay_000803106,m_03148,c_0100602,2026-01-02 04:37:00,US,SMB,Mobile,Card,63.52,1,,0,0,680,1.21
pay_000697531,m_01497,c_0123090,2026-01-02 04:37:00,US,Mid-market,Mobile,BNPL,34.69,1,,0,0,632,0.66
pay_000341903,m_01804,c_0096551,2026-01-02 04:38:00,DE,SMB,Mobile,Wallet,17.42,1,,0,0,456,0.33
pay_000475127,m_02063,c_0127658,2026-01-02 04:38:00,AU,Mid-market,Mobile,BNPL,260.13,1,,0,0,1152,4.94
pay_000761094,m_02085,c_0158074,2026-01-02 04:38:00,US,SMB,Mobile,Card,8.38,1,,0,0,993,0.16
pay_000571565,m_04274,c_0102132,2026-01-02 04:39:00,US,Enterprise,Desktop,Bank debit,130.51,1,,0,0,1042,2.48
pay_000668553,m_01281,c_0065350,2026-01-02 04:40:00,DE,Mid-market,Mobile,Card,76.36,1,,0,0,878,1.45
pay_000657361,m_03371,c_0147462,2026-01-02 04:40:00,US,SMB,Mobile,Bank debit,138.08,0,suspected_fraud,0,0,793,0.0
pay_000705047,m_04854,c_0023585,2026-01-02 04:40:00,US,Mid-market,Desktop,Bank debit,55.93,1,,0,0,1328,1.06
pay_000468372,m_01477,c_0064336,2026-01-02 04:40:00,US,Mid-market,Mobile,Wallet,114.08,1,,0,0,541,2.17
pay_000269117,m_04564,c_0093456,2026-01-02 04:41:00,US,SMB,Mobile,BNPL,6.26,1,,0,0,416,0.12
pay_000999602,m_03443,c_0124614,2026-01-02 04:41:00,US,SMB,Desktop,BNPL,44.3,1,,0,0,1069,0.84
pay_000214928,m_00864,c_0096600,2026-01-02 04:41:00,US,Mid-market,Mobile,Wallet,75.02,1,,0,0,763,1.43
pay_000822605,m_04719,c_0006430,2026-01-02 04:43:00,US,SMB,Mobile,Card,19.91,1,,0,0,1156,0.38
pay_000886069,m_02497,c_0115837,2026-01-02 04:43:00,AU,Mid-market,Mobile,Wallet,28.92,1,,0,0,810,0.55
pay_000678226,m_01980,c_0172044,2026-01-02 04:43:00,US,Mid-market,Desktop,Card,42.93,1,,0,0,460,0.82
pay_000847350,m_03429,c_0041610,2026-01-02 04:43:00,US,SMB,Mobile,Card,62.53,0,insufficient_funds,0,0,529,0.0
pay_000686681,m_00670,c_0171995,2026-01-02 04:44:00,GB,SMB,Mobile,Bank debit,28.74,1,,0,0,1025,0.55
pay_000774545,m_01472,c_0076119,2026-01-02 04:44:00,DE,Mid-market,Desktop,Card,84.62,1,,0,0,824,1.61
pay_000908116,m_04176,c_0027374,2026-01-02 04:44:00,US,SMB,Mobile,Wallet,22.05,1,,0,0,654,0.42
pay_000299126,m_02436,c_0005446,2026-01-02 04:44:00,GB,Mid-market,Desktop,Card,71.08,1,,0,0,848,1.35
pay_000900577,m_01023,c_0012048,2026-01-02 04:45:00,AU,Mid-market,Mobile,BNPL,27.62,1,,0,0,927,0.52
pay_000922978,m_00987,c_0176901,2026-01-02 04:45:00,US,SMB,Mobile,Wallet,15.75,1,,0,0,641,0.3
pay_000557693,m_04007,c_0121281,2026-01-02 04:46:00,US,SMB,Mobile,Wallet,31.64,1,,0,0,350,0.6
pay_000893846,m_02791,c_0134906,2026-01-02 04:46:00,CA,SMB,Mobile,Wallet,6.26,1,,0,0,467,0.12
pay_000388327,m_02540,c_0083868,2026-01-02 04:47:00,CA,Mid-market,Mobile,Wallet,16.98,1,,0,0,594,0.32
pay_000344601,m_00025,c_0132073,2026-01-02 04:47:00,CA,SMB,Mobile,Card,103.6,1,,0,0,732,1.97
pay_000423574,m_01692,c_0018180,2026-01-02 04:47:00,US,SMB,Mobile,Card,254.47,1,,0,0,299,4.83
pay_000738908,m_03792,c_0039484,2026-01-02 04:47:00,US,Mid-market,Mobile,Wallet,15.24,1,,0,0,728,0.29
pay_000376466,m_03774,c_0153330,2026-01-02 04:47:00,DE,Enterprise,Mobile,Card,154.88,1,,0,0,661,2.94
pay_000620598,m_03601,c_0139317,2026-01-02 04:48:00,US,SMB,Desktop,Wallet,44.23,1,,0,0,580,0.84
pay_000911139,m_04790,c_0101484,2026-01-02 04:48:00,US,SMB,Mobile,Card,20.39,1,,0,0,404,0.39
pay_000568335,m_02573,c_0098285,2026-01-02 04:48:00,US,SMB,Desktop,Wallet,16.56,1,,0,0,817,0.31
pay_000264615,m_00616,c_0150118,2026-01-02 04:48:00,DE,Enterprise,Mobile,Card,20.11,1,,0,0,951,0.38
pay_000494214,m_03296,c_0134067,2026-01-02 04:50:00,GB,SMB,Mobile,Bank debit,6.1,1,,0,0,1072,0.12
pay_000827388,m_03210,c_0056170,2026-01-02 04:50:00,US,SMB,Desktop,Card,3.0,1,,0,0,741,0.06
pay_000713443,m_04379,c_0160981,2026-01-02 04:50:00,US,Mid-market,Mobile,Card,18.56,1,,0,0,998,0.35
pay_000360327,m_00628,c_0163919,2026-01-02 04:51:00,US,Enterprise,Desktop,Card,85.74,1,,0,0,596,1.63
pay_000080883,m_04264,c_0147324,2026-01-02 04:51:00,US,Enterprise,Desktop,Card,423.42,1,,0,0,775,8.04
pay_000850282,m_01329,c_0120094,2026-01-02 04:51:00,US,SMB,Mobile,Card,91.67,1,,0,0,769,1.74
pay_000041822,m_02634,c_0125610,2026-01-02 04:52:00,US,Enterprise,Mobile,Card,311.33,1,,0,0,506,5.92
pay_000257665,m_04440,c_0158079,2026-01-02 04:53:00,AU,Mid-market,Mobile,Card,31.59,1,,0,0,699,0.6
pay_000019469,m_02957,c_0088435,2026-01-02 04:53:00,US,SMB,Mobile,Card,82.95,1,,0,0,102,1.58
pay_000290314,m_01333,c_0156771,2026-01-02 04:53:00,US,Mid-market,Desktop,Card,46.96,1,,0,0,603,0.89
pay_000189050,m_03946,c_0047312,2026-01-02 04:53:00,DE,SMB,Mobile,Card,17.98,0,suspected_fraud,0,0,1081,0.0
pay_000686377,m_03187,c_0160904,2026-01-02 04:54:00,AU,SMB,Mobile,Card,117.73,1,,0,0,947,2.24
pay_000266191,m_00554,c_0049741,2026-01-02 04:54:00,US,SMB,Mobile,Card,25.6,1,,0,0,532,0.49
pay_000999573,m_01995,c_0050923,2026-01-02 04:54:00,DE,SMB,Desktop,Card,125.19,1,,0,0,950,2.38
pay_000796598,m_03704,c_0019572,2026-01-02 04:54:00,US,SMB,Desktop,Card,161.12,1,,0,0,608,3.06
pay_000640799,m_02349,c_0091702,2026-01-02 04:54:00,US,SMB,Mobile,Card,44.1,1,,0,0,703,0.84
pay_000759825,m_00809,c_0143682,2026-01-02 04:54:00,US,Mid-market,Mobile,Card,76.61,1,,0,0,412,1.46
pay_000590189,m_01371,c_0000333,2026-01-02 04:54:00,US,SMB,Mobile,Card,29.15,1,,0,0,579,0.55
pay_000481363,m_04856,c_0108040,2026-01-02 04:55:00,AU,SMB,Mobile,Card,101.67,1,,0,0,464,1.93
pay_000809545,m_01136,c_0121507,2026-01-02 04:55:00,US,Mid-market,Mobile,Card,104.84,1,,0,0,1271,1.99
pay_000604877,m_03913,c_0109009,2026-01-02 04:55:00,AU,SMB,Desktop,BNPL,13.1,1,,0,0,579,0.25
pay_000022635,m_01726,c_0142271,2026-01-02 04:55:00,US,Enterprise,Desktop,Card,35.72,1,,0,0,784,0.68
pay_000534470,m_00450,c_0110482,2026-01-02 04:55:00,AU,Mid-market,Mobile,Bank debit,105.28,1,,0,0,1092,2.0
pay_000304778,m_04567,c_0044029,2026-01-02 04:55:00,US,SMB,Mobile,Card,59.89,1,,0,0,182,1.14
pay_000716265,m_04462,c_0026227,2026-01-02 04:56:00,US,SMB,Mobile,Card,50.23,1,,0,0,471,0.95
pay_000534200,m_04776,c_0123079,2026-01-02 04:56:00,US,SMB,Mobile,Card,50.07,1,,0,0,590,0.95
pay_000645529,m_04480,c_0106748,2026-01-02 04:56:00,US,Mid-market,Desktop,Card,23.34,1,,0,0,338,0.44
pay_000662311,m_01412,c_0075787,2026-01-02 04:56:00,US,SMB,Mobile,Card,30.3,0,insufficient_funds,0,0,624,0.0
pay_000270323,m_00002,c_0053375,2026-01-02 04:57:00,US,Enterprise,Desktop,Wallet,14.89,1,,0,0,708,0.28
pay_000347114,m_00877,c_0043640,2026-01-02 04:57:00,US,Mid-market,Mobile,Card,26.96,1,,0,0,344,0.51
pay_000867461,m_04081,c_0177995,2026-01-02 04:57:00,US,SMB,Mobile,Bank debit,24.04,1,,0,0,845,0.46
pay_000605353,m_00625,c_0169045,2026-01-02 04:58:00,US,SMB,Desktop,Card,7.82,1,,0,0,991,0.15
pay_000351700,m_02421,c_0118051,2026-01-02 04:58:00,GB,Mid-market,Mobile,Wallet,16.15,1,,0,0,1012,0.31
pay_000447050,m_03864,c_0067963,2026-01-02 04:58:00,US,SMB,Desktop,Card,40.21,1,,0,0,752,0.76
pay_000711694,m_01129,c_0165547,2026-01-02 04:58:00,US,SMB,Desktop,Card,5.63,1,,0,0,718,0.11
pay_000277036,m_00540,c_0145018,2026-01-02 04:59:00,GB,SMB,Mobile,Card,45.82,1,,0,0,630,0.87
pay_000712387,m_04431,c_0028029,2026-01-02 04:59:00,DE,Mid-market,Mobile,Bank debit,19.01,1,,0,0,1268,0.36
pay_000157569,m_04365,c_0035703,2026-01-02 04:59:00,GB,Mid-market,Mobile,BNPL,25.66,1,,0,0,612,0.49
pay_000605998,m_02285,c_0006261,2026-01-02 04:59:00,AU,Mid-market,Mobile,Card,64.98,1,,0,0,1078,1.23
pay_000583849,m_01027,c_0034967,2026-01-02 04:59:00,DE,Mid-market,Mobile,Card,141.26,1,,0,0,782,2.68
pay_000446333,m_01107,c_0135570,2026-01-02 05:00:00,AU,SMB,Desktop,Bank debit,36.26,1,,0,0,1156,0.69
pay_000624081,m_00227,c_0136197,2026-01-02 05:00:00,GB,Mid-market,Mobile,Card,154.58,1,,0,0,547,2.94
pay_000785803,m_00723,c_0084608,2026-01-02 05:00:00,DE,Mid-market,Desktop,Card,23.62,1,,0,0,934,0.45
pay_000196570,m_01133,c_0011484,2026-01-02 05:00:00,DE,Enterprise,Desktop,Card,46.05,1,,0,0,953,0.87
pay_000023629,m_03978,c_0139680,2026-01-02 05:00:00,GB,Enterprise,Desktop,Card,32.16,1,,0,0,774,0.61
pay_000039585,m_02277,c_0165585,2026-01-02 05:01:00,GB,Mid-market,Mobile,Card,58.65,1,,0,0,899,1.11
pay_000735049,m_02376,c_0098076,2026-01-02 05:01:00,US,Enterprise,Mobile,Card,31.32,1,,0,0,598,0.6
pay_000575289,m_04949,c_0071827,2026-01-02 05:02:00,US,SMB,Mobile,Card,60.01,1,,0,0,922,1.14
pay_000162578,m_04185,c_0049017,2026-01-02 05:02:00,GB,Mid-market,Mobile,Card,34.72,1,,0,0,893,0.66
pay_000042623,m_04886,c_0128887,2026-01-02 05:03:00,US,Enterprise,Mobile,Card,166.95,1,,0,0,547,3.17
pay_000474109,m_03307,c_0081071,2026-01-02 05:03:00,US,SMB,Mobile,Card,22.91,1,,0,0,524,0.44
pay_000368761,m_01425,c_0058715,2026-01-02 05:03:00,US,SMB,Mobile,Card,9.63,1,,0,0,633,0.18
pay_000826945,m_00047,c_0044442,2026-01-02 05:03:00,US,Mid-market,Desktop,Card,14.22,1,,0,0,867,0.27
pay_000512887,m_04113,c_0036762,2026-01-02 05:04:00,CA,SMB,Desktop,Card,687.11,1,,0,0,1055,13.06
pay_000457856,m_01580,c_0130536,2026-01-02 05:04:00,CA,SMB,Mobile,Card,69.53,1,,0,0,665,1.32
pay_000006076,m_04153,c_0141579,2026-01-02 05:04:00,CA,SMB,Mobile,Card,78.49,1,,0,0,874,1.49
pay_000125770,m_03278,c_0082073,2026-01-02 05:05:00,US,SMB,Mobile,Wallet,14.78,1,,0,0,940,0.28
pay_000686064,m_04547,c_0166885,2026-01-02 05:05:00,US,Enterprise,Desktop,Wallet,63.01,0,insufficient_funds,0,0,992,0.0
pay_000808931,m_01012,c_0154775,2026-01-02 05:06:00,CA,Mid-market,Desktop,Card,12.41,1,,0,0,1035,0.24
pay_000119413,m_04370,c_0106815,2026-01-02 05:06:00,US,SMB,Desktop,Card,28.12,1,,0,0,468,0.53
pay_000133361,m_01494,c_0135811,2026-01-02 05:06:00,AU,SMB,Desktop,Wallet,12.58,1,,0,0,595,0.24
pay_000183365,m_04150,c_0143014,2026-01-02 05:06:00,DE,SMB,Desktop,Card,20.24,1,,0,0,607,0.38
pay_000348209,m_02813,c_0042813,2026-01-02 05:06:00,GB,Enterprise,Desktop,Card,180.01,1,,0,0,772,3.42
pay_000495981,m_00497,c_0156692,2026-01-02 05:06:00,US,Mid-market,Mobile,Card,5.34,1,,0,0,393,0.1
pay_000005297,m_00961,c_0051006,2026-01-02 05:07:00,US,SMB,Mobile,Wallet,27.75,1,,0,0,708,0.53
pay_000206934,m_02890,c_0007861,2026-01-02 05:07:00,US,SMB,Desktop,Card,11.7,1,,0,0,493,0.22
pay_000313014,m_01173,c_0068276,2026-01-02 05:07:00,AU,Mid-market,Desktop,Card,53.24,1,,0,0,412,1.01
pay_000968268,m_01740,c_0179300,2026-01-02 05:07:00,US,SMB,Mobile,Wallet,46.57,1,,0,0,432,0.88
pay_000359742,m_03864,c_0002231,2026-01-02 05:08:00,GB,SMB,Mobile,Card,45.05,1,,0,0,457,0.86
pay_000906802,m_03407,c_0082015,2026-01-02 05:08:00,US,Enterprise,Desktop,Card,54.98,0,suspected_fraud,0,0,759,0.0
pay_000514144,m_04675,c_0095599,2026-01-02 05:08:00,US,SMB,Mobile,Card,11.35,1,,0,0,1311,0.22
pay_000199576,m_01974,c_0113073,2026-01-02 05:09:00,AU,SMB,Desktop,Card,45.92,1,,0,0,743,0.87
pay_000076564,m_00524,c_0093481,2026-01-02 05:09:00,US,Enterprise,Desktop,Wallet,86.6,1,,0,0,662,1.65
pay_000471523,m_00529,c_0148899,2026-01-02 05:09:00,GB,SMB,Mobile,Card,12.35,1,,0,0,549,0.23
pay_000938565,m_01347,c_0053397,2026-01-02 05:09:00,CA,Mid-market,Desktop,Card,22.99,1,,0,0,909,0.44
pay_000512325,m_02022,c_0148266,2026-01-02 05:09:00,AU,Enterprise,Mobile,Bank debit,82.33,1,,0,0,644,1.56
pay_000469691,m_04380,c_0112348,2026-01-02 05:09:00,US,Enterprise,Mobile,Wallet,39.28,1,,0,0,817,0.75
pay_000651125,m_01739,c_0161955,2026-01-02 05:09:00,AU,Enterprise,Mobile,Bank debit,12.39,1,,0,0,1075,0.24
pay_000177676,m_04237,c_0087744,2026-01-02 05:09:00,US,Mid-market,Mobile,Bank debit,116.39,1,,0,0,967,2.21
pay_000022255,m_02441,c_0116479,2026-01-02 05:09:00,GB,Enterprise,Mobile,Wallet,45.25,1,,0,0,373,0.86
pay_000945739,m_03579,c_0020524,2026-01-02 05:10:00,US,Enterprise,Mobile,Card,129.85,1,,0,0,865,2.47
pay_000229731,m_01161,c_0153600,2026-01-02 05:10:00,GB,SMB,Desktop,Wallet,53.13,1,,0,0,429,1.01
pay_000472580,m_01695,c_0136768,2026-01-02 05:10:00,AU,SMB,Mobile,Card,19.63,1,,0,0,532,0.37
pay_000251344,m_04568,c_0106680,2026-01-02 05:10:00,AU,SMB,Mobile,Bank debit,103.45,1,,0,0,1366,1.97
pay_000087272,m_04983,c_0037990,2026-01-02 05:10:00,AU,Mid-market,Mobile,Bank debit,107.33,1,,0,0,1103,2.04
pay_000176546,m_02125,c_0043493,2026-01-02 05:11:00,US,SMB,Mobile,Card,9.39,1,,0,0,643,0.18
pay_000766147,m_02786,c_0111974,2026-01-02 05:11:00,GB,SMB,Mobile,Wallet,76.01,1,,0,0,652,1.44
pay_000064657,m_03912,c_0010379,2026-01-02 05:11:00,GB,SMB,Mobile,Card,20.09,1,,0,0,416,0.38
pay_000167394,m_04877,c_0076716,2026-01-02 05:11:00,AU,SMB,Desktop,Card,32.51,1,,0,0,888,0.62
pay_000575519,m_02651,c_0052424,2026-01-02 05:11:00,DE,SMB,Desktop,Card,34.05,1,,0,0,723,0.65
pay_000070763,m_04869,c_0177373,2026-01-02 05:11:00,DE,Enterprise,Mobile,Wallet,182.5,0,insufficient_funds,0,0,635,0.0
pay_000143562,m_03904,c_0103051,2026-01-02 05:12:00,US,SMB,Mobile,Card,49.33,1,,0,0,884,0.94
pay_000442505,m_02594,c_0169169,2026-01-02 05:12:00,AU,Mid-market,Mobile,Card,35.77,1,,0,0,807,0.68
pay_000730442,m_01516,c_0144508,2026-01-02 05:13:00,US,Mid-market,Mobile,Card,82.66,1,,0,0,846,1.57
pay_000098654,m_02559,c_0070802,2026-01-02 05:13:00,US,SMB,Desktop,Card,14.12,1,,0,0,622,0.27
pay_000839785,m_01061,c_0051847,2026-01-02 05:13:00,US,SMB,Mobile,Wallet,38.3,1,,0,0,850,0.73
pay_000415532,m_01391,c_0103550,2026-01-02 05:14:00,US,SMB,Mobile,Card,18.3,1,,0,0,718,0.35
pay_000261468,m_00836,c_0134590,2026-01-02 05:14:00,US,Enterprise,Desktop,Card,145.42,1,,0,0,546,2.76
